strategy,symbol,timeframe,direction,signal_time,entry_time,exit_time,entry_price,stop,target,exit_price,size,risk_amount,gross_pnl,commission,net_pnl,r_multiple,exit_reason,hold_bars,equity_after
ict_sweep_mss,EURUSD,60min,LONG,2024-12-30T20:00:00,2024-12-30T21:00:00,2024-12-31T00:00:00,1.04346300,1.040498735,1.0492415300,1.040408735,33735.17549881673871937900289,100.00,-103.0361657948935064847441103,2.816112594521744850747149800,-105.8522783894152513354912601,-1.058522783894152513354912601,stop,3,9894.147721610584748664508740
ict_sweep_mss,EURUSD,60min,SHORT,2025-01-13T14:00:00,2025-01-13T15:00:00,2025-01-14T09:00:00,1.02148500,1.025839220,1.0129565600,1.025929220,22723.12313482227528389587283,98.94147721610584748664508740,-100.9865582982398522621957159,1.856906354829914549469630053,-102.8434646530697668116653460,-1.039437327466228164860755772,stop,18,9791.304256957514981852843394
ict_sweep_mss,EURUSD,60min,LONG,2025-01-15T02:00:00,2025-01-15T03:00:00,2025-01-22T20:00:00,1.02954300,1.023009295,1.0439814100,1.0439214100,14985.83767855682951993217232,97.91304256957514981852843394,215.4725183357383031376879458,1.234285142487554714755162279,214.2382331932507484229327835,2.188045918816353049303572781,target,136,10005.54249015076573027577618
ict_sweep_mss,EURUSD,60min,LONG,2025-01-24T13:00:00,2025-01-24T14:00:00,2025-01-29T20:00:00,1.04493000,1.040380820,1.0538783600,1.040290820,21994.16705901011991232656474,100.0554249015076573027577618,-102.0348999368185680948671526,1.838589198797715567998991783,-103.8734891356162836628661444,-1.038159492479963421979345728,stop,77,9901.669001015149446612910036
ict_sweep_mss,EURUSD,60min,SHORT,2025-02-13T00:00:00,2025-02-13T01:00:00,2025-02-13T03:00:00,1.03326000,1.039327315,1.0215453700,1.039417315,16319.68836464754087535081010,99.01669001015149446612910036,-100.4854619629697731449106733,1.348998495972457446789198243,-101.8344604589422305916998715,-1.028457530225478650770563256,stop,2,9799.834540556207216021210164
ict_sweep_mss,EURUSD,60min,SHORT,2025-03-01T05:00:00,2025-03-01T06:00:00,2025-03-03T10:00:00,1.03629000,1.041983525,1.0250469500,1.042073525,17212.24468243523514171134783,97.99834540556207216021210164,-99.54744742698124332296612296,1.426950163356864786000324211,-100.9743975903381081089664472,-1.030368392164783679706333072,stop,4,9698.860142965869107912243717
ict_sweep_mss,EURUSD,60min,LONG,2025-03-10T20:00:00,2025-03-10T21:00:00,2025-03-22T02:00:00,1.08519000,1.079698865,1.0959922700,1.079608865,17662.76032726543621293638513,96.98860142965869107912243717,-98.57824985911258033828671182,1.533396070363614297913314862,-100.1116459294761946362000267,-1.032200118918948450548019672,stop,220,9598.748497036392913276043690
ict_sweep_mss,EURUSD,60min,SHORT,2025-03-25T00:00:00,2025-03-25T01:00:00,2025-04-03T01:00:00,1.07924300,1.085395390,1.0674092200,1.085485390,15601.65805002022451970054514,95.98748497036392913276043690,-97.39163419486574933953348598,1.347038419110238173705214035,-98.73867261397598751323870002,-1.028661941131820316982505986,stop,168,9500.009824422416925762804990
ict_sweep_mss,EURUSD,60min,SHORT,2025-04-04T18:00:00,2025-04-04T19:00:00,2025-04-10T22:00:00,1.10017000,1.110494435,1.0797011300,1.110584435,9201.481557511299093618977687,95.00009824422416925762804990,-95.82823158440018617605375789,0.8098555172101764739061432544,-96.63808710161036264995990114,-1.017241970141707512323918936,stop,99,9403.371737320806563112845089
ict_sweep_mss,EURUSD,60min,SHORT,2025-04-23T23:00:00,2025-04-24T00:00:00,2025-05-12T17:00:00,1.13347000,1.143606205,1.1141575900,1.1142175900,9277.014165874512762037513141,94.03371737320806563112845089,178.6048802972241282449786384,0.8412173797275027184309328016,177.7636629174966255265477056,1.890424710234254338778665191,target,283,9581.135400238303188639392795
ict_sweep_mss,EURUSD,60min,LONG,2025-05-14T17:00:00,2025-05-14T18:00:00,2025-05-15T04:00:00,1.12154000,1.117295360,1.1299092800,1.117205360,22572.31567397542121037212295,95.81135400238303188639392795,-97.84286241304081979532741902,2.025260393679231512342460062,-99.86812280672005130766987908,-1.042341211504391420709412341,stop,10,9481.267277431583137331722916
ict_sweep_mss,EURUSD,60min,SHORT,2025-06-10T11:00:00,2025-06-10T12:00:00,2025-06-10T23:00:00,1.13960000,1.144339815,1.1306303700,1.144429815,20003.45430661657287748935964,94.81267277431583137331722916,-96.61298366191132293229127153,1.823674922225619716094949940,-98.43665858413694264838622147,-1.038222588856316122042737955,stop,11,9382.830618847446194683336695
ict_sweep_mss,EURUSD,60min,SHORT,2025-06-18T00:00:00,2025-06-18T01:00:00,2025-06-24T08:00:00,1.15262000,1.159268260,1.1395034800,1.159358260,14113.21250800577323191833156,93.82830618847446194683336695,-95.09849531419498153770601682,1.301373680078209147405896586,-96.39986899427319068511191341,-1.027407111033563669290912209,stop,103,9286.430749853173003998224782
ict_sweep_mss,EURUSD,60min,LONG,2025-07-01T01:00:00,2025-07-01T02:00:00,2025-07-08T02:00:00,1.17699000,1.170167220,1.1906655600,1.170077220,13610.91922918982145694016923,92.86430749853173003998224782,-94.08929022915881397110686305,1.281593265885130236528320782,-95.37088349504394420763518383,-1.026991812721500619981884217,stop,120,9191.059866358129059790589598
ict_sweep_mss,EURUSD,60min,LONG,2025-07-08T08:00:00,2025-07-08T09:00:00,2025-07-09T00:00:00,1.17359000,1.169225760,1.1821384800,1.169135760,21059.93223644467091587673821,91.91059866358129059790589598,-93.80599256486131098033480240,1.977258069869528107213102496,-95.78325063473083908754790490,-1.042134987993327589683427126,stop,15,9095.276615723398220703041693
ict_sweep_mss,EURUSD,60min,LONG,2025-07-23T01:00:00,2025-07-23T02:00:00,2025-07-28T19:00:00,1.17488000,1.167078210,1.1901535800,1.166988210,11657.93569901701817237203474,90.95276615723398220703041693,-92.00198037014551384254390004,1.095734039524889144828516494,-93.09771440967040298737241653,-1.023583100801226385226979962,stop,89,9002.178901313727817715669276
ict_sweep_mss,EURUSD,60min,SHORT,2025-07-31T04:00:00,2025-07-31T05:00:00,2025-08-01T22:00:00,1.14234000,1.151500475,1.1241990500,1.151590475,9827.196626063307653495773173,90.02178901313727817715669276,-90.90623670948297586597131234,0.8980799835053727091915489224,-91.80431669298834857516286126,-1.019801069267696271208643656,stop,41,8910.374584620739469140506415
ict_sweep_mss,EURUSD,60min,LONG,2025-08-28T20:00:00,2025-08-28T21:00:00,2025-09-02T22:00:00,1.16716000,1.162137835,1.1770243300,1.162047835,17742.09844682669619405277687,89.10374584620739469140506415,-90.70053470642179734886981407,1.656629409855859738388051124,-92.35716411627765708725786519,-1.036512699204426776101541865,stop,73,8818.017420504461812053248550
ict_sweep_mss,EURUSD,60min,LONG,2025-09-11T22:00:00,2025-09-11T23:00:00,2025-09-17T00:00:00,1.17162000,1.165296205,1.1838775900,1.1838175900,13944.18607893592662642171125,88.18017420504461812053248550,170.0854646745680692591752009,1.306982983504232828323856426,168.7784816910638364308513445,1.914018465177950898155300733,target,73,8986.795902195525648484099894
ict_sweep_mss,EURUSD,60min,LONG,2025-09-18T17:00:00,2025-09-18T18:00:00,2025-09-18T23:00:00,1.18324000,1.178456075,1.1925978500,1.178366075,18785.40299481184518671195701,89.86795902195525648484099894,-91.55864529148832255164507507,1.778211219166493415898004481,-93.33685651065481596754307955,-1.038599936244819891616193816,stop,5,8893.459045684870832516556814
ict_sweep_mss,EURUSD,60min,SHORT,2025-09-25T22:00:00,2025-09-25T23:00:00,2025-09-30T18:00:00,1.16980000,1.176079950,1.1572701000,1.176169950,14161.67174210761364742801585,88.93459045684870832516556814,-90.20914091363839355343408956,1.325305888313398915580903435,-91.53444680195179246901499300,-1.029233353768740196976090574,stop,67,8801.924598882919040047541821
ict_sweep_mss,EURUSD,60min,SHORT,2025-10-09T17:00:00,2025-10-09T18:00:00,2025-10-16T09:00:00,1.16162000,1.165388365,1.1539032700,1.165478365,23357.40990823054306057810701,88.01924598882919040047541821,-90.12141288056993927592744785,2.170594759807901074402299252,-92.29200764037784035032974710,-1.048543493000279962264801844,stop,111,8709.632591242541199697212074
ict_sweep_mss,EURUSD,60min,SHORT,2025-10-30T05:00:00,2025-10-30T06:00:00,2025-12-03T23:00:00,1.15943000,1.166674515,1.1453309700,1.166764515,12022.38188649280345157296530,87.09632591242541199697212074,-88.17834028220976430761368759,1.115128818452508088468579453,-89.29346910066227239608226704,-1.025226588667426321844871603,stop,593,8620.339122141878927301129807
ict_sweep_mss,EURUSD,60min,LONG,2025-12-04T19:00:00,2025-12-04T20:00:00,2025-12-05T07:00:00,1.16799000,1.164907170,1.1740356600,1.164817170,27962.42128869213977838910938,86.20339122141878927301129807,-88.72000913740108185306631791,2.612786275278362587180855668,-91.33279541267944444024717358,-1.059503508140247759363961036,stop,11,8529.006326729199482860882633
ict_sweep_mss,EURUSD,60min,LONG,2025-12-19T00:00:00,2025-12-19T01:00:00,2025-12-19T18:00:00,1.17518000,1.170792465,1.1837750700,1.170702465,19439.17558886527283055493035,85.29006326729199482860882633,-87.03958907028986938335877006,1.827562429481815306000923444,-88.86715149977168468935969350,-1.041940269422352186364325299,stop,17,8440.139175229427798171522940
ict_sweep_mss,EURUSD,60min,LONG,2025-12-22T18:00:00,2025-12-22T19:00:00,2025-12-23T12:00:00,1.17305000,1.170887030,1.1772559400,1.1771959400,39021.06444023462090630717458,84.40139175229427798171522940,161.7789919053463242002951674,3.661892771329377764331490492,158.1170991340169464359636769,1.873394452997498809507297836,target,17,8598.256274363444744607486617
ict_sweep_mss,EURUSD,60min,LONG,2026-01-12T02:00:00,2026-01-12T03:00:00,2026-01-12T07:00:00,1.16433000,1.163192295,1.1664254100,1.163102295,75575.44595798950294327164438,85.98256274363444744607486617,-92.78435287985350271096931416,7.039580719381273436955157896,-99.82393359923477614792447206,-1.160978812609595633314435640,stop,4,8498.432340764209968459562145
ict_sweep_mss,EURUSD,60min,LONG,2026-01-12T11:00:00,2026-01-12T12:00:00,2026-01-16T00:00:00,1.16657000,1.161833905,1.1759221900,1.161743905,17943.96510366496020130415911,84.98432340764209968459562145,-86.59928026697194610271299576,1.674631309678594609762831431,-88.27391157665054071247582719,-1.038708176250687538995733827,stop,84,8410.158429187559427747086318
ict_sweep_mss,EURUSD,60min,SHORT,2026-01-17T02:00:00,2026-01-17T03:00:00,2026-01-19T11:00:00,1.15930000,1.163249265,1.1515214700,1.163339265,21295.50290797796407115523096,84.10158429187559427747086318,-86.01817955359361104387483398,1.975030121697508299815220740,-87.99320967529111934369005472,-1.046272914073884634229407244,stop,56,8322.165219512268308403396263
ict_sweep_mss,EURUSD,60min,SHORT,2026-01-26T01:00:00,2026-01-26T02:00:00,2026-01-26T05:00:00,1.18069000,1.182815125,1.17435000,1.182905125,39160.82686671263247292933951,83.22165219512268308403396263,-86.74612661312682000659760318,3.698943733860715042757035350,-90.44507034698753504935463853,-1.086797341332862772778071878,stop,3,8231.720149165280773354041624
ict_sweep_mss,EURUSD,60min,LONG,2026-01-27T23:00:00,2026-01-28T00:00:00,2026-01-31T08:00:00,1.19289000,1.185049535,1.2083309300,1.184959535,10499.02033765252542209427837,82.31720149165280773354041624,-83.26211332204153502152890131,1.001934109646585684060963498,-84.26404743168812070558986481,-1.023650536033258231495198308,stop,80,8147.456101733592652648451759
ict_sweep_mss,EURUSD,60min,LONG,2026-02-02T01:00:00,2026-02-02T02:00:00,2026-02-02T06:00:00,1.18579000,1.184805140,1.19358000,1.184715140,82727.04853211210377767857116,81.47456101733592652648451759,-88.91999538522601586647558900,7.847752550311456923082677832,-96.76774793553747278955826683,-1.187705054525516317039985379,stop,4,8050.688353798055179858893492
ict_sweep_mss,EURUSD,60min,LONG,2026-02-07T00:00:00,2026-02-07T01:00:00,2026-02-09T20:00:00,1.18108000,1.178111980,1.1869260400,1.1868660400,27124.77797925234728828947747,80.50688353798055179858893492,156.9450503790732515039344482,2.562922622058828986820234884,154.3821277570144225171142133,1.917626431088739294209607752,target,46,8205.070481555069602376007705
ict_sweep_mss,EURUSD,60min,SHORT,2026-02-12T00:00:00,2026-02-12T01:00:00,2026-03-02T17:00:00,1.18666000,1.193414725,1.1732105500,1.1732705500,12147.15696280021703677945098,82.05070481555069602376007705,162.6437507955653660031066199,1.153163622518120443909176264,161.4905871730472455591974436,1.968180377439496056464178777,target,448,8366.561068728116847935205149
ict_sweep_mss,EURUSD,60min,SHORT,2026-03-14T16:00:00,2026-03-14T17:00:00,2026-03-16T22:00:00,1.14281000,1.148110395,1.1322092100,1.148200395,15784.78786718370394647041428,83.66561068728116847935205149,-85.08624159532770183453438878,1.443121073799696696565268331,-86.52936266912739853109965711,-1.034228543344411124076601838,stop,53,8280.031706058989449404105492
ict_sweep_mss,EURUSD,60min,SHORT,2026-03-18T18:00:00,2026-03-18T19:00:00,2026-03-18T22:00:00,1.15248000,1.155070590,1.1475688200,1.155160590,31961.95347800689977728666247,82.80031706058989449404105492,-85.67689287361051547399685455,2.946840971546671348426186620,-88.62373384515718682242304117,-1.070330851273262075434553519,stop,3,8191.407972213832262581682451
ict_sweep_mss,EURUSD,60min,SHORT,2026-03-18T23:00:00,2026-03-19T00:00:00,2026-03-20T05:00:00,1.15113000,1.156069490,1.1413710200,1.156159490,16583.50957733254296006608466,81.91407972213832262581682451,-83.40659558409825149222277214,1.527182030380384814209669762,-84.93377761447863630643244190,-1.036864210677620564066330735,stop,29,8106.474194599353626275250009
ict_sweep_mss,EURUSD,60min,SHORT,2026-03-23T02:00:00,2026-03-23T03:00:00,2026-03-23T05:00:00,1.15756000,1.159783885,1.1532622300,1.1533222300,36451.85877237066496817618721,81.06474194599353626275250009,154.4745935497892328821880009,3.375617091243630955244962182,151.0989764585456019269430387,1.863929654635918673852290024,target,2,8257.573171057899228202193048
ict_sweep_mss,EURUSD,60min,LONG,2026-03-23T22:00:00,2026-03-23T23:00:00,2026-03-31T00:00:00,1.15591000,1.147179230,1.1732215400,1.147089230,9458.012490373585867228426643,82.57573171057899228202193048,-83.42695283471261501007248888,0.8746088974198185311830408512,-84.30156173213243354125552973,-1.020899966440531591142591089,stop,169,8173.271609325766794660937518
ict_sweep_mss,EURUSD,60min,LONG,2026-03-31T11:00:00,2026-03-31T12:00:00,2026-04-01T03:00:00,1.14762000,1.144352510,1.1540349800,1.1539749800,25013.91468474506974668916360,81.73271609325766794660937518,158.9629275432612233388147009,2.296517501640570955415633434,156.6664100416206523833990675,1.916813945872825930607285715,target,15,8329.938019367387447044336586
ict_sweep_mss,EURUSD,60min,LONG,2026-04-06T00:00:00,2026-04-06T01:00:00,2026-04-06T04:00:00,1.15304000,1.151329435,1.1562811300,1.151239435,48696.99788881093350468609252,83.29938019367387447044336586,-87.68211000366685848586511418,4.491966915657164701459460170,-92.17407691932402318732457435,-1.106539769023685156658764794,stop,3,8237.763942448063423857012012
ict_sweep_mss,EURUSD,60min,LONG,2026-04-10T19:00:00,2026-04-10T20:00:00,2026-04-13T05:00:00,1.17109000,1.167887370,1.1772552600,1.167797370,25721.87215647159810486073012,82.37763942448063423857012012,-84.69260791856307806800758582,2.409810181097785905969708196,-87.10241809966086397397729402,-1.057355111267926672765820591,stop,57,8150.661524348402559883034718
ict_sweep_mss,EURUSD,60min,SHORT,2026-04-20T05:00:00,2026-04-20T06:00:00,2026-04-21T01:00:00,1.17345000,1.178697910,1.1638841800,1.178787910,15531.25248784449916230086781,81.50661524348402559883034718,-82.90442796739003052343742529,1.458011858548890203360156266,-84.36243982593892072679758156,-1.035037948440426760367460570,stop,19,8066.299084522463639156237136
ict_sweep_mss,EURUSD,60min,LONG,2026-04-27T00:00:00,2026-04-27T01:00:00,2026-04-27T05:00:00,1.17297000,1.171414255,1.1759914900,1.171324255,51848.46542667637459324141897,80.66299084522463639156237136,-85.32935273362551010495409906,4.865335559322286968530750976,-90.19468829294779707348485004,-1.118166923242562245098007707,stop,4,7976.104396229515842082752286
ict_sweep_mss,EURUSD,60min,LONG,2026-05-01T16:00:00,2026-05-01T17:00:00,2026-05-04T18:00:00,1.17366000,1.171382650,1.1791747000,1.171292650,35023.62129769036749767384146,79.76104396229515842082752286,-82.91316987908729149561816858,3.288465869779782137385590462,-86.20163574886707363300375904,-1.080748589369223000417151514,stop,73,7889.902760480648768449748527
ict_sweep_mss,EURUSD,60min,SHORT,2026-05-11T00:00:00,2026-05-11T01:00:00,2026-05-11T02:00:00,1.17723000,1.180652150,1.1706257000,1.180742150,23055.39722244977212702467316,78.89902760480648768449748527,-80.97401335482696717592970584,2.171320421774763619287780478,-83.14533377660173079521748632,-1.053819499437488128807913154,stop,1,7806.757426704047037654531041
ict_sweep_mss,EURUSD,60min,LONG,2026-05-15T20:00:00,2026-05-15T21:00:00,2026-05-15T22:00:00,1.16529000,1.162244130,1.17176000,1.162154130,25630.63238649071377850837705,78.06757426704047037654531041,-80.37433118182463461661106434,2.389369569092301108716642136,-82.76370075091693572532770648,-1.060154635621349565148873721,stop,1,7723.993725953130101929203335
ict_sweep_mss,EURUSD,60min,LONG,2026-05-21T00:00:00,2026-05-21T01:00:00,2026-06-05T23:00:00,1.16219000,1.157733795,1.1703224100,1.157643795,17333.12028049232497591381755,77.23993725953130101929203335,-78.79991808477561026712427691,1.611550324702830013100582370,-80.41146840947844028022485928,-1.041060768075077335984318495,stop,382,7643.582257543651661648978476
ict_sweep_mss,EURUSD,60min,SHORT,2026-06-08T05:00:00,2026-06-08T06:00:00,2026-06-08T10:00:00,1.15151000,1.152824340,1.1483413200,1.152914340,58155.28902372028289216624676,76.43582257543651661648978476,-81.66979858757134207678474697,5.357311749096331436252668384,-87.02711033666767351303741535,-1.138564450598779615624572029,stop,4,7556.555147206983988135941061
ict_sweep_mss,EURUSD,60min,LONG,2026-06-12T03:00:00,2026-06-12T04:00:00,2026-06-18T05:00:00,1.15521000,1.149501235,1.1665675300,1.149411235,13236.75987224379351424684859,75.56555147206983988135941061,-76.75685986057178129764162696,1.223298989761180216447448157,-77.98015885033296151408907512,-1.031953811376015653122873336,stop,145,7478.574988356651026621851986
ict_order_block,EURUSD,60min,LONG,2025-01-07T01:00:00,2025-01-07T02:00:00,2025-01-07T20:00:00,1.03933000,1.032129625,1.0433207500,1.0432607500,13888.16554693331944516778640,100.00,54.59090672360814540909327639,1.154750967831536551915698835,53.43615575577660885717757756,0.5343615575577660885717757756,target,18,10053.43615575577660885717758
ict_order_block,EURUSD,60min,LONG,2025-01-08T02:00:00,2025-01-08T03:00:00,2025-01-08T19:00:00,1.03734700,1.032507425,1.0425651500,1.032417425,20773.38641462478959176617281,100.5343615575577660885717758,-102.4039663348739971518307313,1.723936806164142528691989126,-104.1279031410381396805227204,-1.035744411441087285557099538,stop,16,9949.308252614738469176654860
ict_order_block,EURUSD,60min,LONG,2025-01-08T20:00:00,2025-01-08T21:00:00,2025-01-08T22:00:00,1.03206000,1.030121415,1.03552000,1.030031415,51322.52778503258030561804027,99.49308252614738469176654860,-104.1121100268003169192721722,4.237434242065657986417292372,-108.3495442688659749056894646,-1.089015854347371923335835158,stop,1,9840.958708345872494270965395
ict_order_block,EURUSD,60min,SHORT,2025-01-14T00:00:00,2025-01-14T01:00:00,2025-01-14T08:00:00,1.02077000,1.024090355,1.0158692900,1.024180355,29638.27273995061520310619014,98.40958708345872494270965395,-101.0770316300542803109892111,2.420308773180751158469976456,-103.4973404032350314694591876,-1.051699773066434161407439868,stop,7,9737.461367942637462801506207
ict_order_block,EURUSD,60min,LONG,2025-01-28T19:00:00,2025-01-28T20:00:00,2025-01-29T20:00:00,1.04259300,1.040305855,1.0455982900,1.040215855,42574.74435570389049579937523,97.37461367942637462801506207,-101.2063406714397247726370058,3.551050435363710904294956642,-104.7573911068034356769319624,-1.075818297484418346890992918,stop,24,9632.703976835834027124574245
ict_order_block,EURUSD,60min,LONG,2025-01-31T04:00:00,2025-01-31T05:00:00,2025-01-31T07:00:00,1.04177300,1.038626275,1.0465274500,1.038536275,30611.83921961987153985357553,96.32703976835834027124574245,-99.08210529812412870983256426,2.551247006347284194695030316,-101.6333523044714129045275946,-1.055086427952871636383859410,stop,2,9531.070624531362614220046650
ict_order_block,EURUSD,60min,LONG,2025-01-31T08:00:00,2025-01-31T09:00:00,2025-01-31T12:00:00,1.03937000,1.038097625,1.0441347500,1.038007625,74907.71686437852531069886354,95.31070624531362614220046650,-102.0524007631076934201633642,6.228546694186328628174486224,-108.2809474572940220483378504,-1.136083780332056194125159642,stop,3,9422.789677074068592171708800
ict_order_block,EURUSD,60min,SHORT,2025-02-13T02:00:00,2025-02-13T03:00:00,2025-02-13T03:00:00,1.03734000,1.038637815,1.0336643700,1.038727815,72605.02981606830397376905645,94.22789677074068592171708800,-100.7623494541868332793563031,6.025288130352023555531967442,-106.7876375845388568348882705,-1.133291108517007431721778528,stop,0,9316.002039489529735336820530
ict_order_block,EURUSD,60min,LONG,2025-02-14T05:00:00,2025-02-14T06:00:00,2025-02-14T07:00:00,1.04102300,1.037392690,1.0463846200,1.0463246200,25661.72596689960288608085957,93.16002039489529735336820530,136.0487196206342726529040067,2.137155756099178023622124374,133.9115638645350946292818823,1.437435965523605422126485066,target,1,9449.913603354064829966102412
ict_order_block,EURUSD,60min,LONG,2025-02-21T23:00:00,2025-02-22T00:00:00,2025-02-24T12:00:00,1.04625000,1.043542575,1.0512148500,1.0511548500,34903.69485158061564019724429,94.49913603354064829966102412,171.1973876927751826228214537,2.921439259077297529084509348,168.2759484336978850937369444,1.780714147206293803152441897,target,12,9618.189551787762715059839356
ict_order_block,EURUSD,60min,LONG,2025-02-24T19:00:00,2025-02-24T20:00:00,2025-02-24T23:00:00,1.04805000,1.046013395,1.0535932100,1.045923395,47226.58321956276604967501973,96.18189551787762715059839356,-100.4322880076382760950691453,3.959665643461020556668952354,-104.3919536510992966517380977,-1.085359704017224744120730333,stop,3,9513.797598136663418408101258
ict_order_block,EURUSD,60min,LONG,2025-02-25T01:00:00,2025-02-25T02:00:00,2025-02-26T02:00:00,1.04612300,1.043371085,1.0515578300,1.0514978300,34571.55325704705057535607480,95.13797598136663418408101258,185.8162215925741988439410915,2.893287760633746535123457844,182.9229338319404523088176337,1.922712060510589898307178819,target,24,9696.720531968603870716918892
ict_order_block,EURUSD,60min,SHORT,2025-03-03T09:00:00,2025-03-03T10:00:00,2025-03-03T10:00:00,1.04033000,1.042017885,1.0352742300,1.042107885,57448.94072741095436428974066,96.96720531968603870716918892,-102.1376099851530245999552656,4.781268520555795052304123672,-106.9188785057088196522593893,-1.102629266804314274965415298,stop,0,9589.801653462895051064659503
ict_order_block,EURUSD,60min,SHORT,2025-03-03T23:00:00,2025-03-04T00:00:00,2025-03-04T02:00:00,1.04700000,1.049274715,1.0432605700,1.049364715,42158.25566483227591616822109,95.89801653462895051064659503,-99.69225954446385534310173493,3.531175494486351430738250198,-103.2234350389502067738399851,-1.076387591412550583259880908,stop,2,9486.578218423944844290819518
ict_order_block,EURUSD,60min,LONG,2025-03-05T01:00:00,2025-03-05T02:00:00,2025-03-05T02:00:00,1.05220000,1.049904970,1.0585300600,1.049814970,41335.31247270817742814176511,94.86578218423944844290819518,-98.58596030678318441144095404,3.479441262702683543191261220,-102.0654015694858679546322153,-1.075892689855906023014949696,stop,0,9384.512816854458976336187303
ict_order_block,EURUSD,60min,LONG,2025-03-05T03:00:00,2025-03-05T04:00:00,2025-03-05T05:00:00,1.05345000,1.049146580,1.0576468400,1.0575868400,21807.10415635577976664185067,93.84512816854458976336187303,90.21250075817884396983467353,1.837815509881039695613508607,88.37468524829780427422116492,0.9417077580157177314786843950,target,1,9472.887502102756780610408468
ict_order_block,EURUSD,60min,LONG,2025-03-10T22:00:00,2025-03-10T23:00:00,2025-03-11T18:00:00,1.08514000,1.079268690,1.0889026200,1.0888426200,16134.19748250859992167064670,94.72887502102756780610408468,59.73880228268599224197616988,1.400629044493550569520134845,58.33817323819244167245603504,0.6158436192263736712931185715,target,19,9531.225675340949222282864503
ict_order_block,EURUSD,60min,LONG,2025-03-13T22:00:00,2025-03-13T23:00:00,2025-03-13T23:00:00,1.08568800,1.082639575,1.0915508500,1.082549575,31266.06583839507031428644137,95.31225675340949222282864503,-98.12620267886504855111442476,2.715615399036437367950161436,-100.8418180779014859190645862,-1.058015217694383165077047984,stop,0,9430.383857263047736363799917
ict_order_block,EURUSD,60min,SHORT,2025-03-27T13:00:00,2025-03-27T14:00:00,2025-03-27T22:00:00,1.07753000,1.079993235,1.0730235300,1.080083235,38284.54799181989431119564279,94.30383857263047736363799917,-97.74944789189426785164560702,3.300219919810055257371411278,-101.0496678117043231090170183,-1.071532923168110229028087048,stop,8,9329.334189451343413254782899
ict_order_block,EURUSD,60min,SHORT,2025-03-27T23:00:00,2025-03-28T00:00:00,2025-03-28T02:00:00,1.07866500,1.080035215,1.0729395700,1.080125215,68086.64471963409693555232499,93.29334189451343413254782899,-99.42113991928050285674753824,5.875414450120329053679003892,-105.2965543694008319104265421,-1.128660976562072375503114474,stop,2,9224.037635081942581344356357
ict_order_block,EURUSD,60min,LONG,2025-04-08T01:00:00,2025-04-08T02:00:00,2025-04-08T12:00:00,1.09164400,1.089127755,1.0972104900,1.0971504900,36657.94719942590082183712777,92.24037635081942581344356357,201.8566196741667286164379257,3.201394249005607046140285560,198.6552254251611215702976401,2.153668851800997120709628831,target,10,9422.692860507103702914653997
ict_order_block,EURUSD,60min,LONG,2025-04-11T20:00:00,2025-04-11T21:00:00,2025-04-12T02:00:00,1.13423000,1.129043185,1.1444236300,1.128953185,18166.62607111898863351527671,94.22692860507103702914653997,-95.86192495147174600616291487,1.648410583091623238223362584,-97.51033553456336924438627745,-1.034845738666214237446294113,stop,5,9325.182524972540333670267720
ict_order_block,EURUSD,60min,LONG,2025-04-12T03:00:00,2025-04-12T04:00:00,2025-04-21T10:00:00,1.12937000,1.125026205,1.1466975900,1.1466375900,21467.82370018046508564577223,93.25182524972540333670267720,370.6975778469991971082460801,1.939609284181824948302061262,368.7579685628173721599440188,3.954431643298083818412240908,target,125,9693.940493535357705830211739
ict_order_block,EURUSD,60min,LONG,2025-04-21T20:00:00,2025-04-21T21:00:00,2025-04-22T00:00:00,1.15242000,1.149210030,1.1621099400,1.149120030,30199.47380671893415150363318,96.93940493535357705830211739,-99.65735757795828113193744439,2.784198208347122727590065356,-102.4415557863054038595275097,-1.056758661295899961681884877,stop,3,9591.498937749052301970684229
ict_order_block,EURUSD,60min,SHORT,2025-05-02T13:00:00,2025-05-02T14:00:00,2025-05-02T17:00:00,1.13124000,1.133713625,1.1258727500,1.133803625,38775.07276870605812105991906,95.91498937749052301970684229,-99.40474592667406825060223500,3.509113065509683295109425828,-102.9138589921837515457116608,-1.072969508312698974177573399,stop,3,9488.585078756868550424972568
ict_order_block,EURUSD,60min,SHORT,2025-05-19T09:00:00,2025-05-19T10:00:00,2025-05-19T17:00:00,1.11885000,1.121538505,1.1132329900,1.121628505,35293.16508154855040412784268,94.88585078756868550424972568,-98.06223564490805504062123153,3.159020620119247649572674942,-101.2212562650273026901939065,-1.066768706028071363080968792,stop,7,9387.363822491841247734778662
ict_order_block,EURUSD,60min,LONG,2025-05-23T21:00:00,2025-05-23T22:00:00,2025-05-23T22:00:00,1.13222000,1.129908640,1.1384027200,1.129818640,40614.02733668420863792216990,93.87363822491841247734778662,-97.52890068521999125476078191,3.678721122491247576322259136,-101.2076218077112388310830410,-1.078126124878859199778485393,stop,0,9286.156200684130008903695621
ict_order_block,EURUSD,60min,LONG,2025-05-23T23:00:00,2025-05-24T00:00:00,2025-05-26T10:00:00,1.13154000,1.129787450,1.1386451000,1.1385851000,52986.54075880362904855037301,92.86156200684130008903695621,373.2954782998474470099422329,4.796511226417332673087735126,368.4989670734301143368544978,3.968261561724344526547031469,target,9,9654.655167757560123240550119
ict_order_block,EURUSD,60min,LONG,2025-05-28T01:00:00,2025-05-28T02:00:00,2025-05-28T12:00:00,1.13263000,1.130141755,1.1379364900,1.130051755,38801.06327052826439213401461,96.54655167757560123240550119,-100.0386473719231450276975625,3.515779863367874247877019918,-103.5544272352910192755745824,-1.072585456817958038697957797,stop,10,9551.100740522269103964975537
ict_order_block,EURUSD,60min,SHORT,2025-05-29T20:00:00,2025-05-29T21:00:00,2025-05-29T22:00:00,1.12856000,1.130809725,1.1256205500,1.130899725,42454.52551099476204409416945,95.51100740522269103964975537,-99.33191470121221962361823062,3.832998344855059892198633270,-103.1649130460672795158168639,-1.080136372223271733211837002,stop,1,9447.935827476201824449158673
ict_order_block,EURUSD,60min,LONG,2025-06-04T23:00:00,2025-06-05T00:00:00,2025-06-05T23:00:00,1.14027000,1.137247740,1.1454745200,1.1454145200,31261.16160580559523154579246,94.47935827476201824449158673,160.8236711042990007805919602,2.851693179540155685973977662,157.9719779247588450946179825,1.672026364376327648845565900,target,23,9605.907805400960669543776656
ict_order_block,EURUSD,60min,LONG,2025-06-06T18:00:00,2025-06-06T19:00:00,2025-06-06T22:00:00,1.14154000,1.138509055,1.1472118900,1.138419055,31692.78164203230566553921848,96.05907805400960669543776656,-98.91142840179251420533629622,2.894286236451644656755171156,-101.8057146382441588620914674,-1.059823982289352000778635046,stop,3,9504.102090762716510681685189
ict_order_block,EURUSD,60min,LONG,2025-06-06T23:00:00,2025-06-07T00:00:00,2025-06-09T16:00:00,1.13912000,1.136745595,1.1427588100,1.1426988100,40027.29985306936479110212954,95.04102090762716510681685189,143.2501009871631734080442122,3.647671824690269985667220624,139.6024291624729034223769916,1.468864999863123603597532856,target,15,9643.704519925189414104062181
ict_order_block,EURUSD,60min,LONG,2025-06-09T22:00:00,2025-06-09T23:00:00,2025-06-10T17:00:00,1.14006000,1.137348230,1.1452735400,1.137258230,35562.39843321959242156990519,96.43704519925189414104062181,-99.63766105824165745898191326,3.243461436622106282890798888,-102.8811224948637637418727121,-1.066821596226818646124118195,stop,18,9540.823397430325650362189469
ict_order_block,EURUSD,60min,LONG,2025-06-28T03:00:00,2025-06-28T04:00:00,2025-06-30T16:00:00,1.17029000,1.167329200,1.1748016000,1.1747416000,32223.80234203703610633001037,95.40823397430325650362189469,143.4474785058120699309386742,3.016895491429001838790155828,140.4305830143830680921485184,1.471891650905160767360172927,target,11,9681.253980444708718454337987
ict_order_block,EURUSD,60min,LONG,2025-07-08T22:00:00,2025-07-08T23:00:00,2025-07-08T23:00:00,1.17212000,1.169945890,1.1764982200,1.169855890,44529.73391615285665607691417,96.81253980444708718454337987,-100.8202158569008442835903021,4.175535337424086907497669812,-104.9957511943249311910879719,-1.084526357911973175230324132,stop,0,9576.258229250383787263250015
ict_order_block,EURUSD,60min,SHORT,2025-07-17T01:00:00,2025-07-17T02:00:00,2025-07-17T16:00:00,1.16288000,1.170383510,1.1576829800,1.1577429800,12762.37151579778501962848056,95.76258229250383787263250015,65.56055772408353760153189721,1.187288527063274259490045398,64.37326919702026334204185181,0.6722173489473593025130905404,target,14,9640.631498447404050605291867
ict_order_block,EURUSD,60min,SHORT,2025-07-18T08:00:00,2025-07-18T09:00:00,2025-07-18T11:00:00,1.16173000,1.163408280,1.1579234400,1.163498280,57443.52252572517130994406099,96.40631498447404050605291867,-101.5762320117893059239478842,5.338709073904856261272105118,-106.9149410856941621852199893,-1.109003503587005743975975404,stop,2,9533.716557361709888420071878
ict_order_block,EURUSD,60min,LONG,2025-07-25T23:00:00,2025-07-26T00:00:00,2025-07-28T10:00:00,1.17228000,1.167567350,1.1763053000,1.1762453000,20230.05433749951701997829645,95.33716557361709888420071878,80.21823446448683483931993891,1.897223047901114704974412589,78.32101141658572013434552632,0.8215160472345707828928522167,target,10,9612.037568778295608554417404
ict_order_block,EURUSD,60min,SHORT,2025-07-29T19:00:00,2025-07-29T20:00:00,2025-07-29T22:00:00,1.15757000,1.159753835,1.15274000,1.15280000,44014.48629946079080404159382,96.12037568778295608554417404,209.9490996484279721352784025,4.075987912453346208882754220,205.8731117359746259263956483,2.141825916335254266004528730,target,2,9817.910680514270234480813052
ict_order_block,EURUSD,60min,LONG,2025-08-12T23:00:00,2025-08-13T00:00:00,2025-08-13T01:00:00,1.16527000,1.159129785,1.1673804300,1.1673204300,15989.52264784583314180499063,98.17910680514270234480813052,32.78539692282253164895120694,1.490568884468425118812088114,31.29482803835410653013911883,0.3187524215357279834663769918,target,1,9849.205508552624341010952171
ict_order_block,EURUSD,60min,LONG,2025-08-21T00:00:00,2025-08-21T01:00:00,2025-08-21T16:00:00,1.16636000,1.163297145,1.1684357100,1.163207145,32156.94346794942738396349867,98.49205508552624341010952171,-101.3861799976416918746662366,3.000525806662199529884773304,-104.3867058043038914045510099,-1.059848997095846848773448302,stop,15,9744.818802748320449606401161
ict_order_block,EURUSD,60min,LONG,2025-08-26T04:00:00,2025-08-26T05:00:00,2025-08-27T18:00:00,1.16216000,1.158906575,1.1680668500,1.158816575,29952.49253555351806052514246,97.44818802748320449606401161,-100.1439123556830211215112744,2.784767098009510123937591964,-102.9286794536925312454488664,-1.056240054711573188255453868,stop,37,9641.890123294627918360952295
ict_order_block,EURUSD,60min,LONG,2025-09-02T17:00:00,2025-09-02T18:00:00,2025-09-02T22:00:00,1.16472000,1.162124955,1.1695200900,1.162034955,37155.00164079862938161362248,96.41890123294627918360952295,-99.76285138061815582795474897,3.462013880885678369068241470,-103.2248652615038341970229904,-1.070587446460466003479708444,stop,4,9538.665258033124084163929305
ict_order_block,EURUSD,60min,LONG,2025-09-09T17:00:00,2025-09-09T18:00:00,2025-09-09T22:00:00,1.17530000,1.172822310,1.1786653800,1.172732310,38498.21913973549590208593208,95.38665258033124084163929305,-98.85149230290743547282702694,3.619756556394490266697727678,-102.4712488593019257395247546,-1.074272406959708438101618846,stop,4,9436.194009173822158424404550
ict_order_block,EURUSD,60min,LONG,2025-09-09T23:00:00,2025-09-10T00:00:00,2025-09-10T00:00:00,1.17432000,1.172756995,1.1787960100,1.172666995,60372.12938649474671177894217,94.36194009173822158424404550,-99.79543173652274878830415030,5.671695918491880876686099790,-105.4671276550146296649902501,-1.117687147513923499924824297,stop,0,9330.726881518807528759414300
ict_order_block,EURUSD,60min,LONG,2025-09-10T17:00:00,2025-09-10T18:00:00,2025-09-11T22:00:00,1.17034000,1.167129125,1.1733417500,1.167039125,29059.76371399947842491350271,93.30726881518807528759414300,-95.92264754944802834583635826,2.720784309203371966385061500,-98.64343185865140031222141976,-1.057189146260754467240238253,stop,28,9232.083449660156128447192880
ict_order_block,EURUSD,60min,LONG,2025-09-18T06:00:00,2025-09-18T07:00:00,2025-09-18T16:00:00,1.18128000,1.178157530,1.1882749400,1.178067530,29566.60416164176478379998168,92.32083449660156128447192880,-94.98182887114932011501392715,2.794115053125134712304579388,-97.77594392427445482731850654,-1.059088606135527322920636547,stop,9,9134.307505735881673619874373
ict_order_block,EURUSD,60min,LONG,2025-09-18T22:00:00,2025-09-18T23:00:00,2025-09-18T23:00:00,1.17950000,1.177680020,1.1846999600,1.177590020,50189.05430683788653512606937,91.34307505735881673619874373,-95.86008994497422652436008998,4.735839164393222973454495906,-100.5959291093674494978145859,-1.101297816459521533203661579,stop,0,9033.711576626514224122059787
ict_order_block,EURUSD,60min,SHORT,2025-09-22T18:00:00,2025-09-22T19:00:00,2025-09-22T19:00:00,1.17618000,1.177068050,1.1734139000,1.177158050,101725.2584497101990216999019,90.33711576626514224122059787,-99.49238902673906015317358905,9.571777158670411350827439248,-109.0641661854094715040010283,-1.207301841112549969033275154,stop,0,8924.647410441104752618058759
ict_order_block,EURUSD,60min,SHORT,2025-09-29T22:00:00,2025-09-29T23:00:00,2025-09-30T12:00:00,1.17496000,1.176044715,1.1712305700,1.1712905700,82276.42662304019721879073083,89.24647410441104752618058759,301.9075881433823908805472714,7.733720818000584809935228568,294.1738673253818060706120428,3.296195959307283479992440410,target,13,9218.821277766486558688670802
ict_order_block,EURUSD,60min,SHORT,2025-09-30T16:00:00,2025-09-30T17:00:00,2025-09-30T18:00:00,1.17365000,1.175705430,1.1702891400,1.175795430,44851.05928086330626043538725,92.18821277766486558688670802,-96.22480811294256315032589287,4.211155657998817551404799380,-100.4359637709413807017306922,-1.089466437679706922639058493,stop,1,9118.385313995545177986940110
ict_order_block,EURUSD,60min,LONG,2025-10-17T02:00:00,2025-10-17T03:00:00,2025-10-17T11:00:00,1.16649000,1.164364175,1.1705316500,1.1704716500,42893.39580631305576887533127,91.18385313995545177986940110,170.7864894122063785021424628,4.002777381928489313906830814,166.7837120302778891882356320,1.829092611103924358778356639,target,8,9285.169026025823067175175742
ict_order_block,EURUSD,60min,LONG,2025-10-18T01:00:00,2025-10-18T02:00:00,2025-10-21T04:00:00,1.16674000,1.164298700,1.1706626000,1.164208700,38033.70755755467606265176644,92.85169026025823067175175742,-96.27472394043815151739041639,3.550035836456107419947065758,-99.82475977689425893733748215,-1.075099004628681440216278212,stop,26,9185.344266248928808237838260
ict_order_block,EURUSD,60min,SHORT,2025-11-04T04:00:00,2025-11-04T05:00:00,2025-11-04T11:00:00,1.15265000,1.154640300,1.1506794000,1.1507394000,46150.55150604898160195869095,91.85344266248928808237838260,88.17524370745718424870227493,4.255634655475788691479814810,83.91960905198139555722246012,0.9136250816459830176355323318,target,6,9269.263875300910203795060720
ict_order_block,EURUSD,60min,SHORT,2025-11-04T18:00:00,2025-11-04T19:00:00,2025-11-04T20:00:00,1.15266000,1.154542915,1.1508741700,1.1509341700,49228.26508525828411688823298,92.69263875300910203795060720,84.95961673209130447744921912,4.539476162653905101613791250,80.42014056943739937583542787,0.8676000775393472355363890563,target,1,9349.684015870347603170896148
ict_order_block,EURUSD,60min,SHORT,2025-11-06T01:00:00,2025-11-06T02:00:00,2025-11-06T11:00:00,1.14861000,1.149735300,1.1466294000,1.149825300,83086.14605767659826864743755,93.49684015870347603170896148,-100.9745933038943698758872309,7.634686257864633402988090660,-108.6092795617590032788753216,-1.161635830445214609437483339,stop,9,9241.074736308588599892020826
ict_order_block,EURUSD,60min,LONG,2025-11-12T12:00:00,2025-11-12T13:00:00,2025-11-13T01:00:00,1.15758000,1.156508495,1.1600830100,1.156418495,86243.87880885846169539125647,92.41074736308588599892020826,-100.1726964558831475515054213,7.986735138524670247148080852,-108.1594315944078177986535022,-1.170420483338855161665134554,stop,12,9132.915304714180782093367324
ict_order_block,EURUSD,60min,LONG,2025-11-13T02:00:00,2025-11-13T03:00:00,2025-11-13T18:00:00,1.15941000,1.156428220,1.1602435600,1.1601835600,30629.07157709214221737810075,91.32915304714180782093367324,23.69342460917539753367500362,2.840932150175712048660027504,20.85249245899968548501497612,0.2283224114455124120491786786,target,15,9153.767797173180467578382300
ict_order_block,EURUSD,60min,LONG,2025-11-15T01:00:00,2025-11-15T02:00:00,2025-11-15T02:00:00,1.16243000,1.161469785,1.1665104300,1.161379785,95330.39785020209502640952599,91.53767797173180467578382300,-100.1174137782499932281606803,8.865193149840833705723938024,-108.9826069280908269338846183,-1.190576485474607249418099071,stop,0,9044.785190245089640644497682
ict_order_block,EURUSD,60min,LONG,2025-11-15T03:00:00,2025-11-15T04:00:00,2025-11-17T11:00:00,1.16172000,1.160603795,1.1653624100,1.160513795,81031.57744540733683010287252,90.44785190245089640644497682,-97.74069387253755672115423535,7.530880331990288907381368724,-105.2715742045278456285356041,-1.163892474948598151773195784,stop,7,8939.513616040561795015962078
ict_order_block,EURUSD,60min,LONG,2025-11-18T00:00:00,2025-11-18T01:00:00,2025-11-19T03:00:00,1.15917000,1.157564625,1.1620807500,1.157474625,55684.89366061239146626776970,89.39513616040561795015962078,-94.40677658986073318212372006,5.163860654765765265276288848,-99.57063724462649844740000891,-1.113826115393599626255547769,stop,26,8839.942978795935296568562069
ict_order_block,EURUSD,60min,LONG,2025-11-26T19:00:00,2025-11-26T20:00:00,2025-11-27T00:00:00,1.15703000,1.155792145,1.1636757100,1.155702145,71413.39638968970757131135770,88.39942978795935296568562069,-94.82663546303142664710364288,6.610195361981014588098750416,-101.4368308250124412352023933,-1.147482863501783326803220086,stop,4,8738.506147970922855333359676
ict_order_block,EURUSD,60min,LONG,2025-12-05T00:00:00,2025-12-05T01:00:00,2025-12-05T07:00:00,1.16665000,1.164802560,1.1683648800,1.164712560,47300.62220137554050650283460,87.38506147970922855333359676,-91.64211747783302719891885187,4.414661671298781946552922560,-96.05677914913180914547177443,-1.099235699129606374225955917,stop,6,8642.449368821791046187887902
ict_order_block,EURUSD,60min,LONG,2025-12-05T08:00:00,2025-12-05T09:00:00,2025-12-06T03:00:00,1.16452000,1.163533500,1.1688030000,1.163443500,87607.19076352550477635973545,86.42449368821791046187887902,-94.30914085693520589175125521,8.161626063035257665773315128,-102.4707669199704635575245703,-1.185668119614799797263051191,stop,18,8539.978601901820582630363332
ict_order_block,EURUSD,60min,LONG,2025-12-13T05:00:00,2025-12-13T06:00:00,2025-12-17T00:00:00,1.17422000,1.172143690,1.1783426200,1.1782826200,41130.55662161151553780679827,85.39978601901820582630363332,167.0978219420913752542046548,3.863705775698293901984279892,163.2341161663930813522203749,1.911411301780562632747518434,target,42,8703.212718068213663982583707
ict_order_block,EURUSD,60min,LONG,2025-12-17T02:00:00,2025-12-17T03:00:00,2025-12-17T05:00:00,1.17713000,1.175258585,1.1881628300,1.175168585,46506.05407174899027731734387,87.03212718068213663982583707,-91.21767204713954576478439803,4.379493714358231114011085200,-95.59716576149777687879548323,-1.098412377799686333603182619,stop,2,8607.615552306715887103788224
ict_order_block,EURUSD,60min,LONG,2025-12-17T06:00:00,2025-12-17T07:00:00,2025-12-17T17:00:00,1.17588000,1.171882980,1.1788640400,1.171792980,21535.08251724213510841523991,86.07615552306715887103788224,-88.01431294961895103079525382,2.025813826429974546502664984,-90.04012677604892557729791880,-1.046051908671960610654937929,stop,10,8517.575425530666961526490305
ict_order_block,EURUSD,60min,LONG,2025-12-19T02:00:00,2025-12-19T03:00:00,2025-12-19T18:00:00,1.17280000,1.170732840,1.1757043200,1.170642840,41204.23878911485788002133509,85.17575425530666961526490305,-88.88413574632700682446682320,3.865946500149912425735121744,-92.75008224647691925020194494,-1.088925869308616652799009269,stop,15,8424.825343284190042276288360
ict_order_block,EURUSD,60min,SHORT,2026-01-07T03:00:00,2026-01-07T04:00:00,2026-01-09T03:00:00,1.16887000,1.171862010,1.1656759800,1.1657359800,28157.74460407615630387695349,84.24825343284190042276288360,88.24693474406675537947644978,2.633019434829319745513012370,85.61391530923743563396343741,1.016209972560252138194725285,target,47,8510.439258593427477910251797
ict_order_block,EURUSD,60min,LONG,2026-01-22T01:00:00,2026-01-22T02:00:00,2026-01-22T05:00:00,1.17245000,1.169519400,1.1748612000,1.169429400,29039.92103526045000310602538,85.10439258593427477910251797,-87.71798547910771527938206026,2.723828433423289168491332756,-90.44181391253100444787339302,-1.062716167337746536545417321,stop,3,8419.997444680896473462378404
ict_order_block,EURUSD,60min,LONG,2026-01-22T10:00:00,2026-01-22T11:00:00,2026-01-23T02:00:00,1.16736000,1.165653905,1.17249000,1.17243000,49352.45367157688448452388879,84.19997444680896473462378404,250.2169401148948043365361162,4.608966425444159349748304546,245.6079736894506449867878117,2.916960192720803941163885951,target,15,8665.605418370347118449166216
ict_order_block,EURUSD,60min,LONG,2026-01-26T10:00:00,2026-01-26T11:00:00,2026-01-26T18:00:00,1.18604000,1.183851660,1.1941966800,1.183761660,39598.99018603300729525195452,86.65605418370347118449166216,-90.21996330044644184106433806,3.757278905619407037796850252,-93.97724220606584887886118831,-1.084485591818455998610819160,stop,7,8571.628176164281269570305028
ict_order_block,EURUSD,60min,LONG,2026-01-28T16:00:00,2026-01-28T17:00:00,2026-01-28T18:00:00,1.19981000,1.196142950,1.2018941000,1.2018341000,23374.72403202650978189636091,85.71628176164281269570305028,47.31277891322485844953642412,2.243618211269258136113365822,45.06916070195560031342305830,0.5257946305613504042759166087,target,1,8616.697336866236869883728086
ict_order_block,EURUSD,60min,LONG,2026-01-28T19:00:00,2026-01-28T20:00:00,2026-01-29T00:00:00,1.19804000,1.196060555,1.2020588900,1.195970555,43530.87525476200081277190367,86.16697336866236869883728086,-90.08475214159094877198675219,4.172138383217205396298660118,-94.25689052480815416828541231,-1.093886518695897082262957546,stop,4,8522.440446341428715715442674
ict_order_block,EURUSD,60min,SHORT,2026-02-03T04:00:00,2026-02-03T05:00:00,2026-02-09T17:00:00,1.17987000,1.183788175,1.1746436500,1.183878175,21751.04594955924305503312811,85.22440446341428715715442674,-87.18199859887461903210740826,2.053072526760517128267354948,-89.23507112563513616037476321,-1.047060072610335168796697442,stop,135,8433.205375215793579555067911
ict_order_block,EURUSD,60min,LONG,2026-02-12T00:00:00,2026-02-12T01:00:00,2026-02-15T02:00:00,1.18678000,1.184835275,1.1910894500,1.184745275,43364.51362128729552792846244,84.33205375215793579555067911,-88.23485997807379239306424074,4.117130998037706926930795252,-92.35199097611149931999503599,-1.095099512784583938603144404,stop,73,8340.853384239682080235072875
ict_order_block,EURUSD,60min,SHORT,2026-02-17T19:00:00,2026-02-17T20:00:00,2026-02-17T20:00:00,1.18415000,1.184945140,1.1826197200,1.185035140,104897.9221802409900172934688,83.40853384239682080235072875,-92.84934683861850990390714097,9.937189963978589466318244888,-102.7865368025970993702253859,-1.232326382775360313906984934,stop,0,8238.066847437084980864847489
ict_order_block,EURUSD,60min,SHORT,2026-02-17T23:00:00,2026-02-18T00:00:00,2026-02-18T05:00:00,1.18273000,1.184810440,1.1791691200,1.184900440,39597.71417314166705535774879,82.38066847437084980864847489,-85.94446274995359984363067228,3.746672358719987510110661618,-89.69113510867358735374133390,-1.088740074215069889061929207,stop,5,8148.375712328411393511106155
ict_order_block,EURUSD,60min,SHORT,2026-03-03T03:00:00,2026-03-03T04:00:00,2026-03-03T19:00:00,1.16899000,1.173216370,1.1620672600,1.1621272600,19279.84467126259980435008330,81.48375712328411393511106155,132.3125612192606941813054907,1.803035649780741323622976310,130.5095255694799528576825144,1.601663082030205590140001941,target,15,8278.885237897891346368788669
ict_order_block,EURUSD,60min,SHORT,2026-03-10T06:00:00,2026-03-10T07:00:00,2026-03-10T07:00:00,1.16105000,1.163172240,1.1582155200,1.163262240,39010.12721415999767400854130,82.78885237897891346368788669,-86.29976382825331325434865541,3.623416656160037223952609350,-89.92318048441335047830126476,-1.086174984921592279855247286,stop,0,8188.962057413477995890487404
ict_order_block,EURUSD,60min,SHORT,2026-03-14T22:00:00,2026-03-14T23:00:00,2026-03-16T05:00:00,1.14163000,1.148109955,1.1382400900,1.1383000900,12637.37488518589711794370085,81.88962057413477995890487404,42.08132100392937067201190890,1.154176503213982058140645376,40.92714450071538861387126352,0.4997842731932552000746918767,target,30,8229.889201914193384504358668
ict_order_block,EURUSD,60min,SHORT,2026-03-18T20:00:00,2026-03-18T21:00:00,2026-03-18T22:00:00,1.15383000,1.154809870,1.1512402600,1.154899870,83989.60272193447482323531354,82.29889201914193384504358668,-89.85795626411603657913476490,7.752777864691972406823488146,-97.61073412880800898595825305,-1.186051619092328574198618184,stop,1,8132.278467785385375518400415
ict_order_block,EURUSD,60min,SHORT,2026-03-19T02:00:00,2026-03-19T03:00:00,2026-03-19T05:00:00,1.15141000,1.154694015,1.1488019700,1.1488619700,24763.21961923251073919699032,81.32278467785385375518400415,63.09742648639301433879610725,2.281009496142440415217504530,60.81641699025057392357860272,0.7478398241177339323967765070,target,2,8193.094884775635949441979018
ict_order_block,EURUSD,60min,SHORT,2026-03-20T01:00:00,2026-03-20T02:00:00,2026-03-20T02:00:00,1.15136000,1.152617620,1.1457847600,1.152707620,65147.61919161301465817956949,81.93094884775635949441979018,-87.79423457500153081365595144,6.000669026596444844547330330,-93.79490360159797565820328177,-1.144804312908509724718118351,stop,0,8099.299981174037973783775736
ict_order_block,EURUSD,60min,SHORT,2026-03-20T03:00:00,2026-03-20T04:00:00,2026-03-20T05:00:00,1.15287000,1.156448000,1.1470340000,1.156538000,22636.38899154286745048567841,80.99299981174037973783775736,-83.03027482097923780838146841,2.087745102134402047811313926,-85.11801992311363985619278234,-1.050930575740637227501397429,stop,1,8014.181961250924333927582954
ict_order_block,EURUSD,60min,LONG,2026-03-26T22:00:00,2026-03-26T23:00:00,2026-03-30T22:00:00,1.15249000,1.148452230,1.1629655400,1.148362230,19848.03978743446093741739365,80.14181961250924333927582954,-81.92814319337834482364339499,1.829973389969627350861133761,-83.75811658334797217450452875,-1.045123719280692065174588944,stop,95,7930.423844667576361753078425
ict_order_block,EURUSD,60min,LONG,2026-04-10T08:00:00,2026-04-10T09:00:00,2026-04-10T23:00:00,1.16948000,1.167567185,1.1733356300,1.1732756300,41459.43985522685864421325860,79.30423844667576361753078425,157.3646936976947214757351707,3.878878857751256531778761734,153.4858148399434649439564090,1.935404939839974069630361535,target,14,8083.909659507519826697034834
ict_order_block,EURUSD,60min,LONG,2026-04-13T02:00:00,2026-04-13T03:00:00,2026-04-13T03:00:00,1.17272000,1.172390460,1.1745790800,1.172300460,245308.9051255544039174921052,80.83909659507519826697034834,-102.9168980563750946195446378,23.01429273750721284496970732,-125.9311907938823074645143451,-1.557800570492201250227589974,stop,0,7957.978468713637519232520489
ict_order_block,EURUSD,60min,LONG,2026-04-13T04:00:00,2026-04-13T05:00:00,2026-04-13T05:00:00,1.16986000,1.167504045,1.1718119100,1.167414045,33778.14291322897729045130526,79.57978468713637519232520489,-82.61981754932698314846582236,3.161255861477604109840589118,-85.78107341080458725830641148,-1.077925427268347655197149351,stop,0,7872.197395302832931974214078
ict_order_block,EURUSD,60min,LONG,2026-04-13T06:00:00,2026-04-13T07:00:00,2026-04-13T07:00:00,1.16886000,1.167200400,1.1724192000,1.167110400,47434.30582852996464192705518,78.72197395302832931974214078,-82.99106147759602613751557574,4.435525016858842757709028618,-87.42658649445486889522460436,-1.110574114244396240057845264,stop,0,7784.770808808378063078989474
ict_order_block,EURUSD,60min,LONG,2026-04-16T14:00:00,2026-04-16T15:00:00,2026-04-16T17:00:00,1.18106000,1.179275050,1.1841799000,1.179185050,43613.38305727543103772648799,77.84770808808378063078989474,-81.77291256323856942418527866,4.120801775490057646513379672,-85.89371433872862707069865833,-1.103355724249978991008151489,stop,2,7698.877094469649436008290816
ict_order_block,EURUSD,60min,LONG,2026-04-18T02:00:00,2026-04-18T03:00:00,2026-04-18T04:00:00,1.18000000,1.178542985,1.1827340300,1.178452985,52840.06749738094279062529086,76.98877094469649436008290816,-81.74437701946077921123918434,4.988102371752760999435027456,-86.73247939121354021067421180,-1.126560124638387387912959029,stop,1,7612.144615078435895797616604
ict_order_block,EURUSD,60min,SHORT,2026-04-25T07:00:00,2026-04-25T08:00:00,2026-04-27T18:00:00,1.17213000,1.174865745,1.1678885100,1.174955745,27824.75930716655205729195010,76.12144615078435895797616604,-78.62567448842934864313244154,2.609138810136730453033089078,-81.23481329856607909616553062,-1.067173804576084393830565349,stop,58,7530.909801779869816701451073
ict_order_block,EURUSD,60min,SHORT,2026-04-29T01:00:00,2026-04-29T02:00:00,2026-04-30T04:00:00,1.17131000,1.172355285,1.1678094300,1.1678694300,72046.47346685229211843134717,75.30909801779869816701451073,247.8809352158479906939113401,6.751100386916700662499185700,241.1298348289312900314121544,3.201868581296010179042079432,target,26,7772.039636608801106732863227
ict_order_block,EURUSD,60min,SHORT,2026-04-30T20:00:00,2026-04-30T21:00:00,2026-05-01T00:00:00,1.17136000,1.172446610,1.1676267800,1.172536610,71525.56700756298126036814705,77.72039636608801106732863227,-84.15769739676867938076176550,6.702575053598317898331586618,-90.86027245036699727909335212,-1.169065994238963381526030498,stop,3,7681.179364158434109453769875
ict_order_block,EURUSD,60min,LONG,2026-05-02T03:00:00,2026-05-02T04:00:00,2026-05-02T05:00:00,1.17345000,1.171958210,1.1759235800,1.171868210,51489.68262395132095974480239,76.81179364158434109453769875,-81.44586507773995998091473097,4.833645446006054206417003068,-86.27951052374601418733173404,-1.123258635598844341361719813,stop,1,7594.899853634688095266438141
ict_order_block,EURUSD,60min,LONG,2026-05-02T06:00:00,2026-05-02T07:00:00,2026-05-04T20:00:00,1.17212000,1.169772425,1.1766351500,1.169682425,32352.10740289314758960390250,75.94899853634688095266438141,-78.86068820260726423572873264,3.033644170326329292218122096,-81.89433237293359352794685474,-1.078280608713246648136907234,stop,61,7513.005521261754501738491286
ict_order_block,EURUSD,60min,LONG,2026-05-08T03:00:00,2026-05-08T04:00:00,2026-05-08T05:00:00,1.17485000,1.173959805,1.1789103900,1.173869805,84397.30083028723483886666726,75.13005521261754501738491286,-82.72581228734339615288291291,7.932333510437036628035400322,-90.65814579778043278091831323,-1.206682805452737883272766079,stop,1,7422.347375463974068957572973
ict_order_block,EURUSD,60min,LONG,2026-05-08T06:00:00,2026-05-08T07:00:00,2026-05-08T18:00:00,1.17249000,1.170969985,1.1754100300,1.1753500300,48830.75085090590598749073511,74.22347375463974068957572973,139.6574123561164183014031271,4.580285365214293256901840960,135.0771269909021250445012861,1.819870724959951053114607421,target,11,7557.424502454876194002074259
ict_order_block,EURUSD,60min,LONG,2026-05-11T06:00:00,2026-05-11T07:00:00,2026-05-11T07:00:00,1.17627000,1.173541715,1.1774665700,1.1774065700,27700.27509023022226051191228,75.57424502454876194002074259,31.48330165930296371463002414,2.606640206430808283069787764,28.87666145287215543156023638,0.3820965918150046641021740765,target,0,7586.301163907748349433634495
ict_order_block,EURUSD,60min,SHORT,2026-05-13T11:00:00,2026-05-13T12:00:00,2026-05-13T18:00:00,1.17381000,1.175386375,1.1703872500,1.1704472500,48124.97764749979128972252475,75.86301163907748349433634495,161.8322685841299231595144201,4.519166400992938401103135742,157.3131021831369847584112844,2.073646943144873523114741100,target,6,7743.614266090885334192045779
ict_order_block,EURUSD,60min,SHORT,2026-05-15T17:00:00,2026-05-15T18:00:00,2026-05-18T05:00:00,1.16391000,1.166206460,1.1614170800,1.1614770800,33719.78726427146710237515907,77.43614266090885334192045779,82.03754483099133774271057200,3.139743807580656262010037712,78.89780102341068148070053429,1.018875660799665572228560480,target,59,7822.512067114296015672746313
ict_order_block,EURUSD,60min,SHORT,2026-05-19T05:00:00,2026-05-19T06:00:00,2026-05-19T08:00:00,1.16529000,1.166189870,1.1609102600,1.166279870,86929.35720842228339285392682,78.22512067114296015672746313,-86.04876281990096566208431654,8.103832852912192209188700192,-94.15259567281315787127301673,-1.203610743774100703434940602,stop,2,7728.359471441482857801473296
ict_order_block,EURUSD,60min,SHORT,2026-05-28T16:00:00,2026-05-28T17:00:00,2026-05-28T21:00:00,1.16112000,1.162090330,1.15865000,1.162180330,79646.71267961912810900903091,77.28359471441482857801473296,-84.45179885558055010782554574,7.398351282124748962394605278,-91.85015013770529907022015102,-1.188481856687930910102748549,stop,4,7636.509321303777558731253145
ict_order_block,EURUSD,60min,LONG,2026-06-01T05:00:00,2026-06-01T06:00:00,2026-06-01T06:00:00,1.16613000,1.165655805,1.1670183900,1.165565805,161041.5403220990849488344066,76.36509321303777558731253145,-90.85883184202669323270762803,15.02362971326475247451074133,-105.8824615552914457072183694,-1.386529592256350235662543891,stop,0,7530.626859748486113024034776
ict_order_block,EURUSD,60min,LONG,2026-06-01T07:00:00,2026-06-01T08:00:00,2026-06-01T08:00:00,1.16603000,1.165628785,1.1670724300,1.165538785,187695.5462719112224872957087,75.30626859748486113024034776,-92.19886776195687115409696155,17.50869102555493142054891322,-109.7075587875118025746458748,-1.456818414067270665353987264,stop,0,7420.919300960974310449388901
ict_order_block,EURUSD,60min,LONG,2026-06-02T20:00:00,2026-06-02T21:00:00,2026-06-02T22:00:00,1.16442000,1.163262560,1.1654448800,1.1653848800,64114.93728366890992577921016,74.20919300960974310449388901,61.86322068626645780918584430,5.972537221747980167662066232,55.89068346451847764152377807,0.7531504008847110865358031518,target,1,7476.809984425492788090912679
ict_order_block,EURUSD,60min,LONG,2026-06-03T00:00:00,2026-06-03T01:00:00,2026-06-03T02:00:00,1.16448000,1.163226680,1.1655166400,1.163136680,59656.03345055925691835215810,74.76809984425492788090912679,-80.13714285480526100356082102,5.557460626600579479702617684,-85.69460348140584048326343870,-1.146138575942297258481473207,stop,1,7391.115380944086947607649240
ict_order_block,EURUSD,60min,SHORT,2026-06-04T00:00:00,2026-06-04T01:00:00,2026-06-04T19:00:00,1.16104000,1.162114955,1.1583500900,1.162204955,68757.43990161529503660757185,73.91115380944086947607649240,-80.09932340058624602937117386,6.386411041869713771944228418,-86.48573444245595980131540228,-1.170131028740737984380741519,stop,18,7304.629646501630987806333838
ict_order_block,EURUSD,60min,SHORT,2026-06-08T02:00:00,2026-06-08T03:00:00,2026-06-08T05:00:00,1.15215000,1.152565385,1.1515592300,1.152655385,175852.0323676018871121088590,73.04629646501630987806333838,-88.87297937810047971815313571,16.20863352738660113889729775,-105.0816129054870808570504335,-1.438561816146466531049508288,stop,2,7199.548033596143906949283404
ict_order_block,EURUSD,60min,SHORT,2026-06-08T06:00:00,2026-06-08T07:00:00,2026-06-08T10:00:00,1.15165000,1.152594745,1.1498205100,1.152684745,76206.25707038559512830746290,71.99548033596143906949283404,-78.85404347229614263104050570,7.021034876408765650361223172,-85.87507834870490828140172887,-1.192784296291591911044779279,stop,3,7113.672955247438998667881675
ict_order_block,EURUSD,60min,LONG,2026-06-16T05:00:00,2026-06-16T06:00:00,2026-06-18T04:00:00,1.15873000,1.155227155,1.1651056900,1.155137155,20308.27214806090192020452425,71.13672955247438998667881675,-72.96447404579987115949722393,1.882544334889808710559887070,-74.84701838068967987005711100,-1.052157146548020252109356823,stop,46,7038.825936866749318797824564
ict_order_block,EURUSD,60min,SHORT,2026-06-23T00:00:00,2026-06-23T01:00:00,2026-06-23T18:00:00,1.14455000,1.146848705,1.1407325900,1.1407925900,30620.83188954976527565661781,70.38825936866749318797824564,115.0550199501131835444049323,2.803765851134734707700222552,112.2512540989784488367047097,1.594743997163620386260959974,target,17,7151.077190965727767634529274
ict_fvg,EURUSD,60min,SHORT,2024-12-31T20:00:00,2024-12-31T21:00:00,2025-01-02T09:00:00,1.04183000,1.044516460,1.0381970800,1.0382570800,37223.70703453615538664264497,100.00,132.9973273378349203040432391,3.102461975983264221317272544,129.8948653618516560827259666,1.298948653618516560827259666,target,3,10129.89486536185165608272597
ict_fvg,EURUSD,60min,SHORT,2025-01-03T20:00:00,2025-01-03T21:00:00,2025-01-04T08:00:00,1.02898000,1.030912410,1.0249501800,1.031002410,52421.04349160815590937081660,101.2989486536185165608272597,-106.0168425678632505926706332,4.315216426559596821409950630,-110.3320589944228474140805838,-1.089172794593279894018350143,stop,11,10019.56280636742880866864539
ict_fvg,EURUSD,60min,LONG,2025-01-06T22:00:00,2025-01-06T23:00:00,2025-01-06T23:00:00,1.04223000,1.031815355,1.03728000,1.03722000,9620.647469373587682219264689,100.1956280636742880866864539,-48.19944382156167428791851609,0.8021541929604187432031507392,-49.00159801452209303112166683,-0.4890592430178849111035469764,target,0,9970.561208352906715637523723
ict_fvg,EURUSD,60min,LONG,2025-01-07T01:00:00,2025-01-07T02:00:00,2025-01-08T07:00:00,1.03933000,1.034509625,1.0435407500,1.034419625,20684.20238747588458499084350,99.70561208352906715637523723,-101.5671902984018967690244132,1.719816965390024890057482670,-103.2870072637919216590818959,-1.035919695044472681067344346,stop,29,9867.274201089114793978441827
ict_fvg,EURUSD,60min,SHORT,2025-01-13T19:00:00,2025-01-13T20:00:00,2025-01-13T20:00:00,1.02209000,1.024575610,1.0196087800,1.0196687800,39697.59616789888515888832853,98.67274201089114793978441827,96.11661379364013872440359880,3.245961285379821722563853736,92.87065250826031700183974506,0.9411986594839898455509915071,target,0,9960.144853597375110980281572
ict_fvg,EURUSD,60min,SHORT,2025-01-14T00:00:00,2025-01-14T01:00:00,2025-01-14T08:00:00,1.02077000,1.022260355,1.0186742900,1.022350355,66830.68700811132321480641573,99.60144853597375110980281572,-105.6162103667037701991353931,5.457500830181583631838235598,-111.0737111968853538309736287,-1.115181684900577379215019240,stop,7,9849.071142400489757149307943
ict_fvg,EURUSD,60min,LONG,2025-01-21T11:00:00,2025-01-21T12:00:00,2025-01-22T05:00:00,1.03627000,1.031356215,1.0432025700,1.0431425700,20043.75678301042832999267966,98.49071142400489757149307943,137.7521215542139794278577905,1.661659507322417325241721132,136.0904620468915621026160694,1.381759356585605597314493818,target,17,9985.161604447381319251924012
ict_fvg,EURUSD,60min,LONG,2025-01-24T23:00:00,2025-01-25T00:00:00,2025-01-25T02:00:00,1.04746000,1.045700240,1.0520145200,1.0519545200,56741.61024484805495778926679,99.85161604447381319251924012,255.0263020776744799688830154,4.754765365365483491686875632,250.2715367123089964771961398,2.506434513797336000363685958,target,2,10235.43314115969031572912015
ict_fvg,EURUSD,60min,LONG,2025-01-28T10:00:00,2025-01-28T11:00:00,2025-01-29T20:00:00,1.04381800,1.041126375,1.0462972500,1.041036375,38026.96564773952655265544104,102.3543314115969031572912015,-105.7767583198934605470301912,3.175458498279374170171175772,-108.9522168181728347172013670,-1.064461223238749825848697349,stop,33,10126.48092434151748101191878
ict_fvg,EURUSD,60min,LONG,2025-01-31T04:00:00,2025-01-31T05:00:00,2025-01-31T07:00:00,1.04177300,1.039686275,1.0444074500,1.039596275,48528.10468241631015592336690,101.2648092434151748101191878,-105.6323386648326427241522908,4.044421535945190934405340296,-109.6767602007778336585576311,-1.083068847116893697061184392,stop,2,10016.80416414073964735336115
ict_fvg,EURUSD,60min,SHORT,2025-02-01T08:00:00,2025-02-03T09:00:00,2025-02-03T09:00:00,1.02487000,1.040166015,1.0351079700,1.0351679700,6548.636467825600097380501490,100.1680416414073964735336115,-67.43766188657399503482148293,0.5369200845424338217441883650,-67.97458197111642885656567130,-0.6786054799240194259746737958,target,0,9948.829582169623218496795479
ict_fvg,EURUSD,60min,SHORT,2025-02-05T02:00:00,2025-02-05T03:00:00,2025-02-05T18:00:00,1.03796000,1.040139140,1.0351617200,1.040229140,45654.84357209552033598940627,99.48829582169623218496795479,-103.5972317431848290152070013,3.791032114727381303035485130,-107.3882638579122103182424864,-1.079406004203493121139532108,stop,15,9841.441318311711008178552993
ict_fvg,EURUSD,60min,LONG,2025-02-14T05:00:00,2025-02-14T06:00:00,2025-02-14T07:00:00,1.04102300,1.039032690,1.0458196200,1.0457596200,49446.77622235586922729902876,98.41441318311711008178552993,234.2105891903352572994091256,4.118018505866045924048841346,230.0925706844692113753602843,2.337996673884972692696112666,target,1,10071.53388899618021955391328
ict_fvg,EURUSD,60min,LONG,2025-02-21T23:00:00,2025-02-22T00:00:00,2025-02-22T01:00:00,1.04625000,1.045462575,1.0478248500,1.0477648500,127904.6752261635104238995876,100.7153388899618021955391328,193.7563972663537937656442903,10.70562131642988582248039548,183.0507759499239079431638948,1.817506429183731783979426612,target,1,10254.58466494610412749707717
ict_fvg,EURUSD,60min,LONG,2025-02-24T18:00:00,2025-02-24T19:00:00,2025-02-24T19:00:00,1.04920800,1.047730965,1.0526630700,1.047640965,69426.82241751958570715708951,102.5458466494610412749707717,-108.7942606670378039886149098,5.827454199603271158450790046,-114.6217148666410751470656998,-1.117760675948775756837177183,stop,0,10139.96295007946305235001147
ict_fvg,EURUSD,60min,SHORT,2025-03-03T22:00:00,2025-03-03T23:00:00,2025-03-04T01:00:00,1.04521000,1.048065075,1.04001000,1.048155075,35515.57472248351812947124496,101.3996295007946305235001147,-104.5960312258181471551525268,2.969698708454959838728371196,-107.5657299342731069938808980,-1.060809891158726128035165452,stop,2,10032.39722014518994535613057
ict_fvg,EURUSD,60min,LONG,2025-03-05T01:00:00,2025-03-05T02:00:00,2025-03-05T02:00:00,1.05220000,1.050964970,1.0564100600,1.050874970,81232.01234095681842024995806,100.3239722014518994535613057,-107.6348533121380131113838019,6.837785870812381147342960470,-114.4726391829503942587267624,-1.141029772556132239702679287,stop,0,9917.924580962239551097403808
ict_fvg,EURUSD,60min,LONG,2025-03-10T22:00:00,2025-03-10T23:00:00,2025-03-11T18:00:00,1.08514000,1.081248690,1.0887526200,1.0886926200,25487.36693031971123117254551,99.17924580962239551097403808,90.54692950399241251408820863,2.212588908061370515631566082,88.33434059593104199845664255,0.8906534817323729026985770858,target,19,10006.25892155817059309586045
ict_fvg,EURUSD,60min,LONG,2025-03-12T23:00:00,2025-03-13T00:00:00,2025-03-13T01:00:00,1.08790000,1.086690785,1.0907534300,1.0906934300,82750.03966671080488660710006,100.0625892155817059309586045,231.1564433061799636943948715,7.201901452273174770891189132,223.9545418539067889235036824,2.238144581401983931724300476,target,1,10230.21346341207738201936413
ict_fvg,EURUSD,60min,LONG,2025-03-13T04:00:00,2025-03-13T05:00:00,2025-03-13T05:00:00,1.09075000,1.088708715,1.0935575700,1.088618715,50116.53670806417223474117593,102.3021346341207738201936413,-106.8126229378465493213203471,4.373168993145679669203515012,-111.1857919309922289905238621,-1.086837457777821323333096554,stop,0,10119.02767148108515302884027
ict_fvg,EURUSD,60min,LONG,2025-03-15T00:00:00,2025-03-15T01:00:00,2025-03-18T02:00:00,1.08753000,1.085258135,1.0919687300,1.0919087300,44540.62046592154530761660693,101.1902767148108515302884027,195.0313510527446480848200653,3.875140878024292653471383082,191.1562101747203554313486822,1.889076859760593169048336939,target,24,10310.18388165580550846018895
ict_fvg,EURUSD,60min,LONG,2025-03-19T18:00:00,2025-03-19T19:00:00,2025-03-19T23:00:00,1.08933000,1.085512910,1.0914591800,1.0913991800,27010.58628865393665975963090,103.1018388165580550846018895,55.88976493675695265764143307,2.353875356945551425726076698,53.53588957981140123191535637,0.5192525195895302442436515776,target,4,10363.71977123561690969210431
ict_fvg,EURUSD,60min,LONG,2025-03-20T04:00:00,2025-03-20T05:00:00,2025-03-20T11:00:00,1.08688000,1.085462390,1.0915602200,1.0915002200,73106.98832002890011845362483,103.6371977123561690969210431,337.7703695759639249052818065,6.356681877221840876859590060,331.4136876987420840284222164,3.197825636105840111173030664,target,6,10695.13345893435899372052653
ict_fvg,EURUSD,60min,SHORT,2025-03-25T21:00:00,2025-03-25T22:00:00,2025-03-25T23:00:00,1.08195000,1.082878840,1.0805873200,1.082968840,115145.0568336242947517390135,106.9513345893435899372052653,-117.3143897043697764648617765,9.966495539291184456531522056,-127.2808852436609609213932986,-1.190082253132940011196761552,stop,1,10567.85257369069803279913323
ict_fvg,EURUSD,60min,SHORT,2025-03-27T12:00:00,2025-03-27T13:00:00,2025-03-27T15:00:00,1.07649300,1.078441950,1.07326000,1.078531950,54223.31293101771740064718556,105.6785257369069803279913323,-110.5586239006985748940495790,4.669681344564004452621991258,-115.2283052452625793466715703,-1.090366320326329562071884861,stop,2,10452.62426844543545345246166
ict_fvg,EURUSD,60min,LONG,2025-04-03T07:00:00,2025-04-03T08:00:00,2025-04-03T08:00:00,1.08560100,1.082166110,1.0885857800,1.082076110,30430.73946602492497125806550,104.5262426844543545345246166,-107.2650092363965977819378425,2.642851295604489965897818172,-109.9078605320010877478356607,-1.051485805950117762140854584,stop,0,10342.71640791343436570462600
ict_fvg,EURUSD,60min,LONG,2025-04-12T01:00:00,2025-04-12T02:00:00,2025-04-21T09:00:00,1.13282000,1.126253735,1.1442725300,1.1442125300,15751.29302261397364514625285,103.4271640791343436570462600,179.4470782989203731715380400,1.427470380950204929975566252,178.0196079179701682415624737,1.721207474873463072233606167,target,126,10520.73601583140453394618847
ict_fvg,EURUSD,60min,SHORT,2025-05-02T12:00:00,2025-05-02T13:00:00,2025-05-02T16:00:00,1.12938000,1.131988520,1.1262479600,1.132078520,40332.20376240705278834813791,105.2073601583140453394618847,-108.8372584969306800904132171,3.644030742814982182248369600,-112.4812892397456622726615867,-1.069138975357674083388281478,stop,3,10408.25472659165887167352688
ict_fvg,EURUSD,60min,SHORT,2025-05-05T21:00:00,2025-05-05T22:00:00,2025-05-06T02:00:00,1.13418000,1.136709810,1.1311153800,1.1311753800,41142.43649361674936723914792,104.0825472659165887167352688,123.6173875374507574837940886,3.733034289786419583786823744,119.8843532476643379000072649,1.151819939046805886608085192,target,4,10528.13907983932320957353414
ict_fvg,EURUSD,60min,SHORT,2025-05-14T02:00:00,2025-05-14T03:00:00,2025-05-14T18:00:00,1.11756000,1.122577435,1.1090851300,1.122667435,20983.11005491715031599519304,105.2813907983932320957353414,-107.1698707033357756241749088,1.875990757837856840571487034,-109.0458614611736324647463958,-1.035756277859105299819529301,stop,15,10419.09321837814957710878774
ict_fvg,EURUSD,60min,SHORT,2025-05-29T16:00:00,2025-05-29T17:00:00,2025-05-29T22:00:00,1.12709000,1.130031900,1.12101000,1.130121900,35416.20455616489199873818872,104.1909321837814957710878774,-107.3783905938363360509743144,3.193379999456631049828626010,-110.5717705932929671008029404,-1.061241782521499711071076515,stop,5,10308.52144778485661000798480
ict_fvg,EURUSD,60min,LONG,2025-05-30T23:00:00,2025-05-31T00:00:00,2025-06-02T11:00:00,1.13185000,1.128163870,1.1381572600,1.1380972600,27965.70237019545325316248966,103.0852144778485661000798480,174.7090137892272472903518952,2.532238418216457901167357114,172.1767753710107893891845381,1.670237349198210589425766319,target,9,10480.69822315586739939716934
ict_fvg,EURUSD,60min,LONG,2025-06-06T22:00:00,2025-06-06T23:00:00,2025-06-06T23:00:00,1.13974000,1.137928720,1.1411575600,1.137838720,57863.49003553215074089687591,104.8069822315586739939716934,-110.0146963347565675606524122,5.275946730647793078834384428,-115.2906430654043606394867966,-1.100028267302680976988648911,stop,0,10365.40758009046303875768254
ict_fvg,EURUSD,60min,LONG,2025-06-28T03:00:00,2025-06-28T04:00:00,2025-06-30T09:00:00,1.17029000,1.168299200,1.1734616000,1.1734016000,52066.54400286549647758530510,103.6540758009046303875768254,162.0102583193162788396544353,4.874636462489076949820264536,157.1356218568272018898341708,1.515961824392204139039582077,target,4,10522.54320194729024064751671
ict_fvg,EURUSD,60min,LONG,2025-07-08T22:00:00,2025-07-08T23:00:00,2025-07-08T23:00:00,1.17212000,1.170165890,1.1756982200,1.170075890,53848.26443724913254958787740,105.2254320194729024064751671,-110.0717758188253243359380761,5.049330216975076259521835428,-115.1211060358004005954599115,-1.094042607632118969761170047,stop,0,10407.42209591148984005205680
ict_fvg,EURUSD,60min,SHORT,2025-07-11T17:00:00,2025-07-11T18:00:00,2025-07-11T23:00:00,1.16884000,1.170677580,1.1665448400,1.170767580,56636.56600480789864959379619,104.0742209591148984005205680,-109.1715118995476092789840097,5.295926704724773140607297020,-114.4674386042723824195913067,-1.099863516146235810141599278,stop,5,10292.95465730721745763246549
ict_fvg,EURUSD,60min,SHORT,2025-07-17T01:00:00,2025-07-17T02:00:00,2025-07-17T16:00:00,1.16288000,1.167413510,1.16057000,1.16063000,22704.16224361966215500233923,102.9295465730721745763246549,51.08436504814423984875526327,2.112177295188834618144729620,48.97218775295540523061053365,0.4757835760812262463301062533,target,14,10341.92684506017286286307602
ict_fvg,EURUSD,60min,LONG,2025-07-22T23:00:00,2025-07-23T00:00:00,2025-07-23T00:00:00,1.17047000,1.165959905,1.1722601900,1.1722001900,22930.61863455242708382656246,103.4192684506017286286307602,39.67432705531626381616588010,2.147168095454766346304518124,37.52715895986149746986136198,0.3628642855638295867381950935,target,0,10379.45400402003436033293738
ict_fvg,EURUSD,60min,LONG,2025-07-23T10:00:00,2025-07-23T11:00:00,2025-07-23T23:00:00,1.17481000,1.172006795,1.1766664100,1.171916795,37027.09578507470684567463807,103.7945400402003436033293738,-107.1269786608570672194400912,3.479984191941089307949361724,-110.6069628527981565273894529,-1.065633729962667732113776908,stop,12,10268.84704116723620380554793
ict_fvg,EURUSD,60min,LONG,2025-07-25T01:00:00,2025-07-25T02:00:00,2025-07-25T06:00:00,1.17655000,1.175032525,1.1779499500,1.174942525,67670.61757964537276597998603,102.6884704116723620380554793,-108.7788259938404455869936780,6.369429209066541066225100204,-115.1482552029069866532187782,-1.121335771594260201980263266,stop,4,10153.69878596432921715232915
ict_fvg,EURUSD,60min,SHORT,2025-07-29T18:00:00,2025-07-29T19:00:00,2025-07-29T20:00:00,1.15686000,1.158579130,1.1525967400,1.158669130,59063.00736979942888061012925,101.5369878596432921715232915,-106.8526585229252407707782031,5.466210456466093383585810730,-112.3188689793913341543640138,-1.106186733987540209291909279,stop,1,10041.37991698493788299796514
ict_fvg,EURUSD,60min,SHORT,2025-07-30T03:00:00,2025-07-30T04:00:00,2025-07-30T22:00:00,1.15429000,1.158293460,1.1506780800,1.1507380800,25081.75407518730768634622337,100.4137991698493788299796514,89.08838393473930191728687771,2.316129432915836591141806574,86.77225450182346532614507114,0.8641467130931744041404185381,target,18,10128.15217148676134832411021
ict_fvg,EURUSD,60min,SHORT,2025-07-31T04:00:00,2025-07-31T05:00:00,2025-07-31T05:00:00,1.14234000,1.153290475,1.1439290500,1.1439890500,9249.052823267265893328015643,101.2815217148676134832411021,-15.25215055820888482139256420,0.8452450401704902816467460312,-16.09739559837937510303931023,-0.1589371419961234558318246469,target,0,10112.05477588838197322107090
ict_fvg,EURUSD,60min,SHORT,2025-07-31T16:00:00,2025-07-31T17:00:00,2025-08-01T19:00:00,1.14575000,1.148380385,1.1397992300,1.1398592300,38443.24985083317450951503639,101.1205477588838197322107090,226.4603429237925394054158909,3.523708281327368775542148236,222.9366346424651706298737427,2.204662055174432640088808292,target,26,10334.99141053084714385094464
ict_fvg,EURUSD,60min,SHORT,2025-08-01T22:00:00,2025-08-01T23:00:00,2025-08-02T00:00:00,1.15448000,1.158710080,1.1498448400,1.158800080,24432.14173379899941337030184,103.3499141053084714385094464,-105.5488068613503813857127736,2.256513519106901507419819686,-107.8053203804572828931325933,-1.043109917542930630153566836,stop,1,10227.18609015038986095781205
ict_fvg,EURUSD,60min,LONG,2025-08-08T15:00:00,2025-08-08T16:00:00,2025-08-08T19:00:00,1.16421000,1.162943820,1.1678673600,1.162853820,80771.97626048737036564952890,102.2718609015038986095781205,-109.5413387649477619424865781,7.522843398577760116271427044,-117.0641821635255220587580051,-1.144637255366535563663934037,stop,3,10110.12190798686433889905404
ict_fvg,EURUSD,60min,LONG,2025-08-12T00:00:00,2025-08-12T01:00:00,2025-08-12T23:00:00,1.15963000,1.158100395,1.16649000,1.16643000,66096.29223222246487752755803,101.1012190798686433889905404,449.4547871791127611671873946,6.131779468900170955674182570,443.3230077102125902115132120,4.384942256334151627380925140,target,22,10553.44491569707692911056725
ict_fvg,EURUSD,60min,LONG,2025-08-21T00:00:00,2025-08-21T01:00:00,2025-08-21T10:00:00,1.16636000,1.164297145,1.1673207100,1.164207145,51159.41215304554575629681800,105.5344491569707692911056725,-110.1387962507448684091723861,4.773623356706096219865148532,-114.9124196074509646290375346,-1.088861698956058472359908961,stop,9,10438.53249608962596448152972
ict_fvg,EURUSD,60min,LONG,2025-08-26T01:00:00,2025-08-26T02:00:00,2025-08-26T05:00:00,1.16700000,1.161189520,1.1774359600,1.161099520,17965.00890819626943812134233,104.3853249608962596448152972,-106.0021757626339238942462180,1.677213231669203714743008520,-107.6793889943031276089892265,-1.031556773278627583263344852,stop,3,10330.85310709532283687254049
ict_fvg,EURUSD,60min,LONG,2025-08-26T13:00:00,2025-08-26T14:00:00,2025-08-26T17:00:00,1.16263000,1.161327715,1.1658945700,1.161237715,79328.66543878891975928879232,103.3085310709532283687254049,-110.4481109604442311470613962,7.378390903927932942379354290,-117.8265018643721640894407505,-1.140530221879235344029916647,stop,3,10213.02660523095067278309974
ict_fvg,EURUSD,60min,LONG,2025-08-29T11:00:00,2025-08-29T12:00:00,2025-08-29T17:00:00,1.16597000,1.164774630,1.1674757400,1.1674157400,85438.20411446623784086182303,102.1302660523095067278309974,123.5214292164484186960475720,7.969470628107535946824772784,115.5519585883408827492227992,1.131417385412048152454888444,target,5,10328.57856381929155553232254
ict_fvg,EURUSD,60min,LONG,2025-08-29T22:00:00,2025-08-29T23:00:00,2025-08-30T00:00:00,1.16594000,1.164823965,1.1673770700,1.1673170700,92547.08466866443754481107259,103.2857856381929155553232254,127.4438138846777370098329837,8.632347831886609144879761760,118.8114660527911278649532219,1.150317687169309206252492081,target,1,10447.39002987208268339727576
ict_fvg,EURUSD,60min,LONG,2025-08-30T06:00:00,2025-08-30T07:00:00,2025-09-01T16:00:00,1.16836000,1.166632050,1.1718459000,1.1717859000,60461.18249875333593794540212,104.4739002987208268339727576,207.1339651224790535898071531,5.651234174739475806116631202,201.4827309477395777836905219,1.928546080615758557828640875,target,9,10648.87276081982226118096628
ict_fvg,EURUSD,60min,SHORT,2025-09-04T00:00:00,2025-09-04T01:00:00,2025-09-05T22:00:00,1.16634000,1.170301870,1.1620462600,1.170391870,26878.40025245609336293458968,106.4887276081982226118096628,-108.9077836309192710144737759,2.507948268035971194634010346,-111.4157318989552422091077862,-1.046267848263572504902987730,stop,45,10537.45702892086701897185849
ict_fvg,EURUSD,60min,LONG,2025-09-09T17:00:00,2025-09-09T18:00:00,2025-09-09T21:00:00,1.17530000,1.174112310,1.1777803800,1.174022310,88722.28467799566401141592916,105.3745702892086701897185849,-113.3595759102282799507460185,8.342024094563864313009371320,-121.7016000047921442637553898,-1.154942788101272217497831925,stop,3,10415.75542891607487470810310
ict_fvg,EURUSD,60min,LONG,2025-09-10T09:00:00,2025-09-10T10:00:00,2025-09-11T16:00:00,1.17047000,1.168505820,1.1738733600,1.168415820,53028.51790017246318926016506,104.1575542891607487470810310,-108.9301209001762704341144459,4.965463147729189039130667632,-113.8955840479054594732451135,-1.093493264364773085969717643,stop,30,10301.85984486816941523485799
ict_fvg,EURUSD,60min,LONG,2025-09-12T13:00:00,2025-09-12T14:00:00,2025-09-12T16:00:00,1.17258000,1.171535240,1.1738445200,1.1737845200,98605.03699288036884293864610,103.0185984486816941523485799,118.7717391586642618786964580,9.249783542168933031828239808,109.5219556164953288468682182,1.063127991117577242620314714,target,2,10411.38180048466474408172621
ict_fvg,EURUSD,60min,LONG,2025-09-12T22:00:00,2025-09-12T23:00:00,2025-09-13T04:00:00,1.17127000,1.168469860,1.1737952800,1.1737352800,37181.64734793497733713930807,104.1138180048466474408172621,91.66317157391714092970279340,3.483979847137264072453692588,88.17919172677987685724910081,0.8469499382173748455434371139,target,5,10499.56099221144462093897531
ict_fvg,EURUSD,60min,LONG,2025-09-16T21:00:00,2025-09-16T22:00:00,2025-09-16T22:00:00,1.18148000,1.179765315,1.1816543700,1.179675315,61233.17689378191691732869483,104.9956099221144462093897531,-110.5065958425548187319493356,5.787661906917236735958840510,-116.2942577494720554679081761,-1.107610669015008587583142093,stop,0,10383.26673446197256547106713
ict_fvg,EURUSD,60min,LONG,2025-09-18T04:00:00,2025-09-18T05:00:00,2025-09-18T06:00:00,1.18351000,1.181836220,1.18590000,1.181746220,62034.83572788522126845264688,103.8326673446197256547106713,-109.4158025601293955688714095,5.873507874584755057874111368,-115.2893104347141506267455209,-1.110337559296920742271983176,stop,1,10267.97742402725841484432161
ict_fvg,EURUSD,60min,SHORT,2025-09-29T10:00:00,2025-09-29T11:00:00,2025-09-29T22:00:00,1.17208000,1.174014980,1.16685000,1.174104980,53065.03128728595858791471545,102.6797742402725841484432161,-107.4556270561283204213555405,4.975716949696170107337846374,-112.4313440058244905286933869,-1.094970697371549059938604017,stop,11,10155.54608002143392431562822
ict_fvg,EURUSD,60min,SHORT,2025-10-06T23:00:00,2025-10-07T00:00:00,2025-10-07T00:00:00,1.16886000,1.169799285,1.1658114300,1.169889285,108119.9644412657917917951231,101.5554608002143392431562822,-111.2862575999282605044178433,10.11016813094543467150061181,-121.3964257308736951759184551,-1.195370734122231271658761718,stop,0,10034.14965429056022913970976
ict_fvg,EURUSD,60min,SHORT,2025-10-08T23:00:00,2025-10-09T00:00:00,2025-10-09T02:00:00,1.16319000,1.165250395,1.1604192100,1.1604792100,48700.12621021969199663030516,100.3414965429056022913970976,132.0158151294014388675454649,4.531799984517235482684832372,127.4840151448842033848606325,1.270501432977657196799642786,target,2,10161.63366943544443252457039
ict_fvg,EURUSD,60min,SHORT,2025-10-09T09:00:00,2025-10-09T10:00:00,2025-10-09T19:00:00,1.16354000,1.165190415,1.1605391700,1.1605991700,61570.17277130566816542851580,101.6163366943544443252457039,181.0674111910388481109371421,5.731148706105999770976215622,175.3362624849328483399609265,1.725473168869647937034018717,target,9,10336.96993192037728086453132
ict_fvg,EURUSD,60min,LONG,2025-10-29T12:00:00,2025-10-29T13:00:00,2025-10-29T15:00:00,1.16483000,1.163584360,1.1672012800,1.163494360,82985.21187438085868199906329,103.3696993192037728086453132,-110.8383683878980500900252289,7.733093147810804449484237512,-118.5714615357088545395094664,-1.147062072508911081853505025,stop,2,10218.39847038466842632502185
ict_fvg,EURUSD,60min,LONG,2025-10-29T22:00:00,2025-10-29T23:00:00,2025-10-29T23:00:00,1.16405000,1.162885815,1.1649683700,1.162795815,87772.97826706810709917257008,102.1839847038466842632502185,-110.0835527478828139021757498,8.173770828142450405503346416,-118.2573235760252643076790962,-1.157298023939494152561663309,stop,0,10100.14114680864316201734275
ict_fvg,EURUSD,60min,SHORT,2025-10-30T15:00:00,2025-10-30T16:00:00,2025-10-30T23:00:00,1.16310000,1.165310590,1.1563238200,1.1563838200,45689.79841041822844587799072,101.0014114680864316201734275,306.8609102880826975236368437,4.251344362492595320432055280,302.6095659255901022032047884,2.996092445908105980756268688,target,7,10402.75071273423326422054754
ict_fvg,EURUSD,60min,SHORT,2025-11-04T03:00:00,2025-11-04T04:00:00,2025-11-04T12:00:00,1.15299000,1.153869550,1.1503909000,1.1504509000,118273.5570773035445878068051,104.0275071273423326422054754,300.3083887749814300629002588,10.90945828596481710994362946,289.3989304890166129529566293,2.781946222500142118128588483,target,8,10692.14964322324987717350417
ict_fvg,EURUSD,60min,LONG,2025-11-12T06:00:00,2025-11-12T07:00:00,2025-11-12T15:00:00,1.15859000,1.157187355,1.1612002900,1.157097355,76228.48007317068735976319147,106.9214964322324987717350417,-113.7820596388178606341137289,7.065404378237986133451842880,-120.8474640170558467675655718,-1.130244787526423293135469060,stop,8,10571.30217920619403040593860
ict_fvg,EURUSD,60min,LONG,2025-11-13T11:00:00,2025-11-13T12:00:00,2025-11-13T18:00:00,1.15813000,1.157163595,1.1603628100,1.1603028100,109387.9085808350953317288156,105.7130217920619403040593860,237.6791416435243034877336878,10.13483348517780391652280746,227.5443081583464995712108803,2.152471893253863545821886269,target,6,10798.84648736454052997714948
ict_fvg,EURUSD,60min,LONG,2025-11-15T01:00:00,2025-11-15T02:00:00,2025-11-15T02:00:00,1.16243000,1.161359785,1.1655904300,1.161269785,100903.5239401852948237237329,107.9884648736454052997714948,-117.0697820282620818339066308,9.383462666703167380955294304,-126.4532446949652492148619251,-1.170988446246782188625649987,stop,0,10672.39324266957528076228755
ict_fvg,EURUSD,60min,LONG,2025-11-17T14:00:00,2025-11-17T15:00:00,2025-11-18T21:00:00,1.15995000,1.158060235,1.1633095300,1.157970235,56474.71110254224880216475355,106.7239324266957528076228755,-111.8066564259245551998177033,5.240627291471510519845680470,-117.0472837173960657196633838,-1.096729487528872637603088215,stop,30,10555.34595895217921504262417
ict_fvg,EURUSD,60min,LONG,2025-12-02T21:00:00,2025-12-02T22:00:00,2025-12-02T23:00:00,1.16063000,1.159499625,1.1615107500,1.1614507500,93379.15257283803352907330903,105.5534595895217921504262417,76.64093947415681601898691839,8.670291668049040548387868376,67.97064780610777547059905001,0.6439452394116996571934092668,target,1,10623.31660675828699051322322
ict_fvg,EURUSD,60min,LONG,2025-12-03T02:00:00,2025-12-03T03:00:00,2025-12-03T03:00:00,1.16064000,1.159430500,1.1616490000,1.159340500,87832.29935310696147592578107,106.2331660675828699051322322,-114.1380730093624964379655525,8.155334393695205101393479880,-122.2934074030577015393590324,-1.151179164944191814799503927,stop,0,10501.02319935522928897386419
ict_fvg,EURUSD,60min,LONG,2025-12-04T21:00:00,2025-12-04T22:00:00,2025-12-05T00:00:00,1.16671000,1.166066945,1.1687761100,1.165976945,163298.9899675024576276347154,105.0102319935522928897386419,-119.7071410906275140762257663,15.24180516679878338709901590,-134.9489462574262974633247822,-1.285102829462487656576809138,stop,2,10366.07425309780299151053941
ict_fvg,EURUSD,60min,LONG,2025-12-05T06:00:00,2025-12-05T07:00:00,2025-12-05T07:00:00,1.16534000,1.164245445,1.1669891100,1.164155445,94705.83253557658584091744508,103.6607425309780299151053941,-112.1842674591799226407879642,8.829159590960705483508378832,-121.0134270501406281242963430,-1.167398805907423564827715373,stop,0,10245.06082604766236338624307
ict_fvg,EURUSD,60min,LONG,2025-12-10T20:00:00,2025-12-10T21:00:00,2025-12-10T21:00:00,1.16382000,1.163156665,1.1657616700,1.163066665,154447.7650967861241060134483,102.4506082604766236338624307,-116.3509071191873748034036411,14.37995183799533015656484571,-130.7308589571827049599684868,-1.276037899402262808384903556,stop,0,10114.32996709047965842627458
ict_fvg,EURUSD,60min,LONG,2025-12-19T02:00:00,2025-12-19T03:00:00,2025-12-19T04:00:00,1.17280000,1.171752840,1.1753293200,1.171662840,96588.20015174834465054313171,101.1432996709047965842627458,-109.8362376845621476028116277,9.062291291037636688492558792,-118.8985289755997842913041865,-1.175545284388250124145307308,stop,1,9995.431438114879874134970394
ict_fvg,EURUSD,60min,SHORT,2026-01-16T06:00:00,2026-01-16T07:00:00,2026-01-17T02:00:00,1.16130000,1.162616995,1.15935000,1.162706995,75895.74324970770484424747546,99.95431438114879874134970394,-106.7849312736224921773319767,7.051018130870844610849967460,-113.8359494044933367881819442,-1.138879798328771179845025987,stop,19,9881.595488710386537346788450
ict_fvg,EURUSD,60min,SHORT,2026-01-19T02:00:00,2026-01-19T03:00:00,2026-01-19T03:00:00,1.15874000,1.159898725,1.1586725500,1.1587325500,85279.90238158654156376006775,98.81595488710386537346788450,0.6353352727428197346500125047,7.905378726851167133727307272,-7.270043454108347399077294767,-0.07357155494185419318647651513,target,0,9874.325445256278189947711155
ict_fvg,EURUSD,60min,SHORT,2026-01-19T04:00:00,2026-01-19T05:00:00,2026-01-19T05:00:00,1.15785000,1.160330585,1.1589038300,1.1589638300,39806.43858306116577318540246,98.74325445256278189947711155,-44.33760548697101827314709682,3.687190793071789663238617460,-48.02479628004280793638571428,-0.4863602738870064924201347666,target,0,9826.300648976235382011325441
ict_fvg,EURUSD,60min,LONG,2026-01-21T20:00:00,2026-01-21T21:00:00,2026-01-22T00:00:00,1.17042000,1.168714960,1.1740250800,1.1739650800,57630.90982602305741807421199,98.26300648976235382011325441,204.3061858060378203916665274,5.396189558285912549060993536,198.9099962477519078426055339,2.024261249002955942382583400,target,3,10025.21064522398728985393097
ict_fvg,EURUSD,60min,LONG,2026-01-22T01:00:00,2026-01-22T02:00:00,2026-01-22T02:00:00,1.17245000,1.171279400,1.1748062000,1.171189400,85641.64227937798812449966658,100.2521064522398728985393097,-107.9598542573838918297442797,8.032843479236537774125570728,-115.9926977366204296038698504,-1.157010080300700495472407312,stop,0,9909.217947487366860250061120
ict_fvg,EURUSD,60min,LONG,2026-01-22T03:00:00,2026-01-22T04:00:00,2026-01-22T06:00:00,1.17040000,1.168576170,1.1743026600,1.168486170,54331.91661222464188137085759,99.09217947487366860250061120,-103.9820519699738863718239884,5.087206016235817668636516138,-109.0692579862097040404605045,-1.100684822598597456999830028,stop,2,9800.148689501157156209600616
ict_fvg,EURUSD,60min,LONG,2026-01-22T07:00:00,2026-01-22T08:00:00,2026-01-23T02:00:00,1.16893000,1.166196995,1.17249000,1.17243000,35858.50991674423265310382021,98.00148689501157156209600616,125.5047847086048142858633707,3.353287039758386870015411884,122.1514976688464274158479588,1.246424942508337891807735441,target,18,9922.300187170003583625448575
ict_fvg,EURUSD,60min,LONG,2026-01-28T12:00:00,2026-01-28T13:00:00,2026-01-28T22:00:00,1.19953000,1.196937970,1.2069940600,1.196847970,38280.03606119529320117995770,99.22300187170003583625448575,-102.6682051172076122243606820,3.673444132518847204288911572,-106.3416492497264594286495936,-1.071743922716943862532455258,stop,9,9815.958537920277124196798981
ict_fvg,EURUSD,60min,LONG,2026-01-29T06:00:00,2026-01-29T07:00:00,2026-01-29T07:00:00,1.19408000,1.188427945,1.1948991100,1.1948391100,17367.06125103219470475216356,98.15958537920277124196798981,13.18350986627104932232441488,1.659012839890601844244037077,11.52449702638044747808037780,0.1174057223434662260009854822,target,0,9827.483034946657571674879359
ict_fvg,EURUSD,60min,SHORT,2026-02-03T04:00:00,2026-02-03T05:00:00,2026-02-03T05:00:00,1.17987000,1.181568175,1.17899000,1.17905000,57870.84979431835689298735030,98.27483034946657571674879359,47.45409683134105265224962725,5.462406363745791979786318800,41.99169046759526067246330845,0.4272883536737968701694466119,target,0,9869.474725414252832347342667
ict_fvg,EURUSD,60min,SHORT,2026-02-04T00:00:00,2026-02-04T01:00:00,2026-02-04T01:00:00,1.17963000,1.181169995,1.1784550100,1.1785150100,64087.70629394415457418590753,98.69474725414252832347342667,71.45715164068479290867154504,6.047982478042027444827753768,65.40916916264276546384379127,0.6627421517602329877694408099,target,0,9934.883894576895597811186458
ict_fvg,EURUSD,60min,SHORT,2026-02-04T15:00:00,2026-02-04T16:00:00,2026-02-04T21:00:00,1.18350000,1.184828895,1.18088000,1.18094000,74760.48818437044008602023830,99.34883894576895597811186458,191.3868497519883266202118100,7.078323021296193267344396162,184.3085267306921333528674138,1.855165381764548741623679823,target,5,10119.19242130758773116405387
ict_fvg,EURUSD,60min,SHORT,2026-02-05T18:00:00,2026-02-05T19:00:00,2026-02-05T19:00:00,1.17981000,1.180743455,1.1774180900,1.180833455,108405.7873310185036361051563,101.1919242130758773116405387,-110.9484450728675426388900027,10.23185855608071526199305796,-121.1803036289482579008830607,-1.197529393489777225468822814,stop,0,9998.012117678639473263170809
ict_fvg,EURUSD,60min,SHORT,2026-02-05T22:00:00,2026-02-05T23:00:00,2026-02-05T23:00:00,1.17928000,1.180091160,1.1779276800,1.180181160,123255.7339819350001635086889,99.98012117678639473263170809,-111.0731372351605447473474901,11.62824175761730455942580213,-122.7013789927778493067732922,-1.227257754327136446570343705,stop,0,9875.310738685861623956397517
ict_fvg,EURUSD,60min,LONG,2026-02-10T23:00:00,2026-02-11T00:00:00,2026-02-11T01:00:00,1.18940000,1.187764075,1.1923268500,1.1922668500,60365.30243553868070942370535,98.75310738685861623956397517,173.0582672873240667918113497,5.743879257346376546863084412,167.3143880299776902449482653,1.694269602824090346440087413,target,1,10042.62512671583931420134578
ict_fvg,EURUSD,60min,LONG,2026-02-11T05:00:00,2026-02-11T06:00:00,2026-02-11T17:00:00,1.18934000,1.187666300,1.1925224000,1.1924624000,60002.54004132066268866192137,100.4262512671583931420134578,187.3519310250196371790779833,5.709073677819545356970653564,181.6428573472000918221073297,1.808718886299814781621557029,target,11,10224.26798406303940602345311
ict_fvg,EURUSD,60min,LONG,2026-02-12T00:00:00,2026-02-12T01:00:00,2026-02-17T22:00:00,1.18678000,1.182845275,1.19037000,1.182755275,25984.70791240312704451633370,102.2426798406303940602345311,-104.5813035527466754942410012,2.467050532502542649111287560,-107.0483540852492181433522888,-1.047002624071567898646029901,stop,141,10117.21962997779018788010082
ict_fvg,EURUSD,60min,SHORT,2026-02-18T04:00:00,2026-02-18T05:00:00,2026-02-18T05:00:00,1.18393000,1.184700190,1.1822546200,1.184790190,131360.0492083484619104389932,101.1721962997779018788010082,-112.9946007285292634507405176,12.44168824473919956077008298,-125.4362889732684630115106006,-1.239829652423427985302327997,stop,0,9991.783341004521724868590219
ict_fvg,EURUSD,60min,SHORT,2026-03-04T21:00:00,2026-03-04T22:00:00,2026-03-05T17:00:00,1.16324000,1.167282495,1.15883000,1.15889000,24716.87247851765240246083228,99.91783341004521724868590219,107.5183952815517879507046204,2.300132379352869918451083084,105.2182629021989180322535373,1.053047882557677869731440607,target,19,10097.00160390672064290084376
ict_fvg,EURUSD,60min,SHORT,2026-03-10T06:00:00,2026-03-10T07:00:00,2026-03-10T07:00:00,1.16105000,1.162612240,1.15470000,1.162702240,64631.56495741192545896177130,100.9700160390672064290084376,-106.7868568852342797203149970,6.003238279504249284330205166,-112.7900951647385290046452022,-1.117065239655878738222040148,stop,0,9984.211508741982113896198558
ict_fvg,EURUSD,60min,SHORT,2026-03-13T23:00:00,2026-03-14T00:00:00,2026-03-14T06:00:00,1.14776000,1.149212820,1.1429793600,1.1430393600,68722.97675377529297432716068,99.84211508741982113896198558,324.4164329829417990263277678,6.310198703913050421137099356,318.1062342790287486051906684,3.186092702468303024462768959,target,6,10302.31774302101086250138923
ict_fvg,EURUSD,60min,SHORT,2026-03-14T22:00:00,2026-03-14T23:00:00,2026-03-16T03:00:00,1.14163000,1.147239955,1.1402200900,1.1402800900,18364.35005810387224585828091,103.0231774302101086250138923,24.79021978693499818340655198,1.677223436546649893763135139,23.11299635038834828964341684,0.2243475393296381165267814090,target,28,10325.43073937139921079103265
ict_fvg,EURUSD,60min,SHORT,2026-03-16T10:00:00,2026-03-16T11:00:00,2026-03-16T11:00:00,1.14345000,1.145179045,1.1400969100,1.145269045,59717.53620855095853948875044,103.2543073937139921079103265,-108.6288856524835783764643140,5.462721342213407483358272936,-114.0916069946969858598225869,-1.104957360855269816575045762,stop,0,10211.33913237670222493121006
ict_fvg,EURUSD,60min,SHORT,2026-03-18T20:00:00,2026-03-18T21:00:00,2026-03-18T22:00:00,1.15383000,1.154499870,1.1519802600,1.154589870,152437.6242013629842347203198,102.1133913237670222493121006,-115.8327775018896908304369294,14.07096831458069216796378773,-129.9037458164703829984007171,-1.272151910072103542478391330,stop,1,10081.43538656023184193280934
ict_fvg,EURUSD,60min,SHORT,2026-03-19T01:00:00,2026-03-19T02:00:00,2026-03-19T05:00:00,1.15120000,1.154025095,1.1489548100,1.1490148100,35685.29690704288472399267756,100.8143538656023184193280934,77.97915394830104127002155908,3.286473103951021511540829632,74.69268084435001975848072945,0.7408933150920588511182809783,target,3,10156.12806740458186169129007
ict_fvg,EURUSD,60min,SHORT,2026-03-19T13:00:00,2026-03-19T14:00:00,2026-03-19T18:00:00,1.14823000,1.151126805,1.1454513900,1.1455113900,35059.75744796277920568105230,101.5612806740458186169129007,95.31380719560609117635656559,3.220533223557944157387132374,92.09327397204814701896943322,0.9067754301722069659504177880,target,4,10248.22134137663000871025950
ict_fvg,EURUSD,60min,SHORT,2026-03-20T00:00:00,2026-03-20T01:00:00,2026-03-20T01:00:00,1.14954000,1.151240130,1.1452247400,1.151330130,60279.04537521618940145906195,102.4822134137663000871025950,-107.9073274975357571332339106,5.543453905650081469164260006,-113.4507814031858386023981706,-1.107028991900619364401545764,stop,0,10134.77055997344417010786133
ict_fvg,EURUSD,60min,SHORT,2026-03-20T02:00:00,2026-03-20T03:00:00,2026-03-20T04:00:00,1.15039000,1.154312080,1.1483808400,1.154402080,25840.29535341819690089916914,101.3477055997344417010786133,-103.6733321815420794221595385,2.378113389729500762626031616,-106.0514455712715801847855701,-1.046411903887733039611634642,stop,1,10028.71911440217258992307576
ict_fvg,EURUSD,60min,SHORT,2026-03-27T07:00:00,2026-03-27T08:00:00,2026-03-27T22:00:00,1.15285000,1.156274835,1.1510703300,1.1511303300,29282.34240307101682248364012,100.2871911440217258992307576,50.35596576028913549912044141,2.700651875150433739504021160,47.65531388513870175961642025,0.4751884397350529295571903465,target,14,10076.37442828731129168269218
ict_fvg,EURUSD,60min,SHORT,2026-03-28T02:00:00,2026-03-28T03:00:00,2026-03-28T04:00:00,1.15204000,1.156215500,1.1511890000,1.1512490000,24132.13849428166995972384668,100.7637442828731129168269218,19.08852154897680093814156272,2.224095106476180404832020826,16.86442644250062053330954189,0.1673660160459825170638246916,target,1,10093.23885472981191221600172
ict_fvg,EURUSD,60min,SHORT,2026-03-28T08:00:00,2026-03-28T09:00:00,2026-03-28T17:00:00,1.15365000,1.156300785,1.1510184300,1.1510784300,38076.41455165097098488184338,100.9323885472981191221600172,97.91616536858908745559260198,3.514148451800971414136715090,94.40201691678811604145588689,0.9352995433428210888472659986,target,8,10187.64087164660002825745761
ict_fvg,EURUSD,60min,SHORT,2026-03-28T20:00:00,2026-03-28T21:00:00,2026-03-30T01:00:00,1.15097000,1.155210445,1.1492841100,1.1493441100,24024.93340120341150105108688,101.8764087164660002825745761,39.06189896768261472544395165,2.212158207742647242829181558,36.84974075993996748261477009,0.3617102450332453315630788750,target,28,10224.49061240653999574007238
ict_fvg,EURUSD,60min,SHORT,2026-03-30T04:00:00,2026-03-30T05:00:00,2026-03-30T05:00:00,1.15090000,1.152106105,1.1487727900,1.1488327900,84772.80678221663947782384104,102.2449061240653999574007238,175.2431939082660592949522224,7.805201866052250430002196692,167.4379920422138088649500257,1.637616957064268865480202801,target,0,10391.92860444875380460502241
ict_fvg,EURUSD,60min,LONG,2026-04-02T22:00:00,2026-04-02T23:00:00,2026-04-06T05:00:00,1.15188000,1.150166400,1.15633000,1.150076400,60643.84106237601426590232499,103.9192860444875380460502241,-109.3772317401013793299814334,5.588354211434374665008605608,-114.9655859515357539949900390,-1.106296918767507002801120449,stop,78,10276.96301849721805061003237
ict_fvg,EURUSD,60min,LONG,2026-04-07T04:00:00,2026-04-07T05:00:00,2026-04-07T11:00:00,1.15463000,1.152782610,1.1577097800,1.152692610,55629.63434086585967559655714,102.7696301849721805061003237,-107.7762972756501078769040138,5.138531575919515804578724222,-112.9148288515696236814827380,-1.098717866828336193223953794,stop,6,10164.04818964564842692854963
ict_fvg,EURUSD,60min,LONG,2026-04-07T20:00:00,2026-04-07T21:00:00,2026-04-08T04:00:00,1.15544000,1.154037600,1.1583048000,1.1582448000,72476.09946980639209161829457,101.6404818964564842692854963,203.2809637929129685385709926,6.699342749711447814267155382,196.5816210432015207243038372,1.934087849401026811180832858,target,7,10360.62981068884994765285347
ict_fvg,EURUSD,60min,LONG,2026-04-10T06:00:00,2026-04-10T07:00:00,2026-04-10T17:00:00,1.16995000,1.168212270,1.1725254600,1.168122270,59621.63173041180130200234484,103.6062981068884994765285347,-108.9722449626255615937087457,5.580346243439622954662211468,-114.5525912060651845483709572,-1.105652776898597595713948657,stop,10,10246.07721948278476310448251
ict_fvg,EURUSD,60min,LONG,2026-04-13T04:00:00,2026-04-13T05:00:00,2026-04-13T05:00:00,1.16986000,1.168614045,1.1721869100,1.168524045,82234.72934000653926590031349,102.4607721948278476310448251,-109.8618978354284361649758533,7.696249637256004002048491260,-117.5581474726844401670243446,-1.147347857667411744404894238,stop,0,10128.51907201010032293745817
ict_fvg,EURUSD,60min,LONG,2026-04-16T14:00:00,2026-04-16T15:00:00,2026-04-16T15:00:00,1.18106000,1.180455050,1.1823299000,1.180365050,167427.3753535019476475321625,101.2851907201010032293745817,-116.3536545019161785176524763,15.81934207480056082308754686,-132.1729965767167393407400232,-1.304958756922059674353252335,stop,0,9996.346075433383583596718147
ict_fvg,EURUSD,60min,LONG,2026-04-18T01:00:00,2026-04-18T02:00:00,2026-04-18T03:00:00,1.18018000,1.179308985,1.1850270300,1.179218985,114766.6351949551222837347020,99.96346075433383583596718147,-110.2924579218797968415033046,10.83562300195057089734544165,-121.1280809238303677388487462,-1.211723563888107552682789618,stop,1,9875.217994509553215857869401
ict_fvg,EURUSD,60min,SHORT,2026-04-25T07:00:00,2026-04-25T08:00:00,2026-04-27T05:00:00,1.17213000,1.173025745,1.1713135100,1.1713735100,110245.8623214146125946320594,98.75217994509553215857869401,83.39989238752694028171320662,10.33779860822397678884368606,73.06209377930296349286952056,0.7398529715488224885430563389,target,45,9948.280088288856179350738922
ict_fvg,EURUSD,60min,SHORT,2026-04-28T18:00:00,2026-04-28T19:00:00,2026-04-28T21:00:00,1.17015000,1.171035505,1.16873000,1.16879000,112345.8375535864414018073181,99.48280088288856179350738922,152.7903390728775603064579526,10.51691854506633395250598666,142.2734205278112263539519659,1.430130829300794461917211082,target,2,10090.55350881666740570469089
ict_fvg,EURUSD,60min,LONG,2026-05-02T03:00:00,2026-05-02T04:00:00,2026-05-02T05:00:00,1.17345000,1.172038210,1.1748785800,1.171948210,71473.47345438533638646463631,100.9055350881666740570469089,-107.3381476990613543318287262,6.709643794003877838615754198,-114.0477914930652321704444804,-1.130243166476600627572089334,stop,1,9976.505717323602173534246410
ict_fvg,EURUSD,60min,LONG,2026-05-07T00:00:00,2026-05-07T01:00:00,2026-05-08T06:00:00,1.17577000,1.172801015,1.1780629700,1.172711015,33602.41199374062911578955909,99.76505717323602173534246410,-102.7892742526726783557635244,3.160696635990433559637751192,-105.9499708886631119154012756,-1.061994789465086553148634971,stop,29,9870.555746434939061618845134
ict_fvg,EURUSD,60min,LONG,2026-05-08T07:00:00,2026-05-08T08:00:00,2026-05-08T16:00:00,1.17276000,1.171595700,1.1746386000,1.1745786000,84776.73921184350306294636377,98.70555746434939061618845134,154.1749779306585946702742572,7.953821494246526932168078206,146.2211564364120677381061790,1.481387271321824272094820923,target,8,10016.77690287135112935695131
ict_fvg,EURUSD,60min,LONG,2026-05-11T06:00:00,2026-05-11T07:00:00,2026-05-11T07:00:00,1.17627000,1.174141715,1.1781115700,1.1780515700,47065.01668184172293352136255,100.1677690287135112935695131,83.84962176986875832667365388,4.428893373787997074801053850,79.42072839608076125187260003,0.7928770817818102368808688686,target,0,10096.19763126743189060882391
ict_fvg,EURUSD,60min,LONG,2026-05-12T11:00:00,2026-05-12T12:00:00,2026-05-12T17:00:00,1.17633000,1.175010970,1.1779480600,1.174920970,76542.59289983875947179991289,100.9619763126743189060882391,-107.8508096736598072585502313,7.203147864469386234356991322,-115.0539575381291934929072226,-1.139577113484909365215347642,stop,5,9981.143673729302697115916687
ict_fvg,EURUSD,60min,SHORT,2026-05-15T17:00:00,2026-05-15T18:00:00,2026-05-15T18:00:00,1.16391000,1.165146460,1.1631920800,1.1632520800,80723.54684930610530964136880,99.81143673729302697115916687,53.10963594309547280531924936,7.516395473070069522475574844,45.59324047002540328284367452,0.4567937498989049382915743332,target,0,10026.73691419932810039876036
ict_fvg,EURUSD,60min,SHORT,2026-05-28T15:00:00,2026-05-28T16:00:00,2026-05-28T17:00:00,1.15996000,1.161479970,1.1574300600,1.161569970,65966.67640939839668150529524,100.2673691419932810039876036,-106.2043700188391367053230802,6.121496477427661137174310582,-112.3258664962667978424973908,-1.120263426251833917774692922,stop,1,9914.411047703061302556262969
ict_fvg,EURUSD,60min,LONG,2026-05-30T06:00:00,2026-05-30T07:00:00,2026-06-01T10:00:00,1.16614000,1.164784635,1.1685807300,1.164694635,73149.38077715642135185918899,99.14411047703061302556262969,-105.7275547469746909472299567,6.824193511957855135620565972,-112.5517482589325460828505227,-1.135233830001512507700877624,stop,51,9801.859299444128756473412446
ict_fvg,EURUSD,60min,LONG,2026-06-02T19:00:00,2026-06-02T20:00:00,2026-06-03T01:00:00,1.16426000,1.163614680,1.16607000,1.163524680,151891.4538437384360700646570,98.01859299444128756473412446,-111.6888238403777468110399436,14.14729152416887292631467821,-125.8361153645466197373546218,-1.283798425587305522841381020,stop,5,9676.023184079582136736057824
ict_fvg,EURUSD,60min,SHORT,2026-06-04T00:00:00,2026-06-04T01:00:00,2026-06-04T19:00:00,1.16104000,1.162084955,1.1592500900,1.162174955,92597.51074524340413449438324,96.76023184079582136736057824,-105.0940078078677277394650727,8.600753110052592154905068696,-113.6947609179203198943701414,-1.175015383437564297027144709,stop,18,9562.328423161661816841687683
ict_fvg,EURUSD,60min,SHORT,2026-06-08T21:00:00,2026-06-08T22:00:00,2026-06-09T19:00:00,1.15368000,1.155657085,1.1512858300,1.155747085,48365.79319129760135169548949,95.62328423161661816841687683,-99.97620561883340229006947089,4.463891863114897338193924184,-104.4400974819482996282633951,-1.092203623010644458887705891,stop,21,9457.888325679713517213424288
ict_fvg,EURUSD,60min,LONG,2026-06-15T12:00:00,2026-06-15T13:00:00,2026-06-16T14:00:00,1.16000000,1.157968770,1.1624724600,1.157878770,46562.37021745303839158255977,94.57888325679713517213424288,-98.76949657636790862737667326,4.320987956179641962738861546,-103.0904845325475505901155348,-1.089994732255825288125913855,stop,25,9354.797841147165966623308753
ict_fvg,EURUSD,60min,SHORT,2026-06-18T15:00:00,2026-06-18T16:00:00,2026-06-18T19:00:00,1.15107000,1.154251595,1.14778000,1.14784000,29402.85561533496867647613462,93.54797841147165966623308753,94.97122363753194882501791482,2.707579601051489791554510742,92.26364403648045903346340408,0.9862708484266539267254317410,target,3,9447.061485183646425656772157
