strategy,symbol,timeframe,direction,signal_time,entry_time,exit_time,entry_price,stop,target,exit_price,size,risk_amount,gross_pnl,commission,net_pnl,r_multiple,exit_reason,hold_bars,equity_after
ict_sweep_mss,EURUSD,15min,SHORT,2026-01-17T02:15:00,2026-01-17T02:30:00,2026-01-19T11:30:00,1.16035000,1.163021705,1.1551565900,1.163111705,37429.28205022635358319874387,100.00,-103.3686353845203718224878869,3.474485394158411950421172996,-106.8431207786787837729090599,-1.068431207786787837729090599,stop,228,9893.156879221321216227090940
ict_sweep_mss,EURUSD,15min,LONG,2026-01-19T18:00:00,2026-01-19T18:15:00,2026-01-19T19:00:00,1.16388000,1.162308255,1.1669934900,1.162218255,62943.77827969117901585238661,98.93156879221321216227090940,-104.5965088373854182736976242,5.860720373133357554637622058,-110.4572292105187758283352463,-1.116501340866361909851788936,stop,3,9782.699650010802440398755694
ict_sweep_mss,EURUSD,15min,SHORT,2026-01-21T18:00:00,2026-01-21T18:15:00,2026-01-21T23:30:00,1.17141000,1.172630910,1.1692381800,1.172720910,80126.29636919021418776777726,97.82699650010802440398755694,-105.0383631733351436808866569,7.508859586386648704135444156,-112.5472227597217923850221011,-1.150472024964985134039364081,stop,21,9670.152427251080648013733593
ict_sweep_mss,EURUSD,15min,LONG,2026-01-26T04:45:00,2026-01-26T05:00:00,2026-01-26T06:00:00,1.18203000,1.180774145,1.1844817100,1.1844217100,77000.54884720832140664116154,96.70152427251080648013733593,184.1629826833566143914777325,7.281356700309252172183364174,176.8816259830473622192943683,1.829150339808337745997746555,target,4,9847.034053234128010233027961
ict_sweep_mss,EURUSD,15min,LONG,2026-01-28T07:45:00,2026-01-28T08:00:00,2026-01-28T22:30:00,1.20382000,1.196418735,1.2182625300,1.196328735,13304.52841944468683425472262,98.47034053234128010233027961,-99.66774809009130191741320465,1.281300592151672232385001614,-100.9490486822429741497982063,-1.025172129358967689982725926,stop,58,9746.085004551885036083229755
ict_sweep_mss,EURUSD,15min,SHORT,2026-01-29T18:30:00,2026-01-29T18:45:00,2026-01-30T02:15:00,1.19711000,1.199759570,1.1920808600,1.1921408600,36783.64792985988306058428256,97.46085004551885036083229755,182.7830962741839393116717818,3.522725821865165168852484040,179.2603704523187741428192978,1.839306453500001887098661292,target,30,9925.345375004203810226049053
ict_sweep_mss,EURUSD,15min,SHORT,2026-01-30T11:15:00,2026-01-30T11:30:00,2026-01-31T03:30:00,1.19432000,1.197665975,1.1877480500,1.1878080500,29663.53716033205212300166335,99.25345375004203810226049053,193.1674708112243068223806817,2.834220456106222119323467726,190.3332503551180847030572140,1.917648637542121504195339177,target,64,10115.67862535932189492910627
ict_sweep_mss,EURUSD,15min,LONG,2026-02-02T01:15:00,2026-02-02T01:30:00,2026-02-02T05:00:00,1.18579000,1.184897445,1.1873651100,1.1873051100,113333.9528136565465985749480,101.1567862535932189492910627,171.7134052474991703169668895,10.75122143255246371128993501,160.9621838149467066056769545,1.591214883116446605531311797,target,14,10276.64080917426860153478322
ict_sweep_mss,EURUSD,15min,LONG,2026-02-02T11:00:00,2026-02-02T11:15:00,2026-02-03T00:00:00,1.18729000,1.183474950,1.1948301000,1.183384950,26937.10648398911836420173581,102.7664080917426860153478322,-105.1907476753017066681259884,2.558572572590035227410646312,-107.7493202478917418955366347,-1.048487752454096276588773410,stop,51,10168.89148892637685963924659
ict_sweep_mss,EURUSD,15min,LONG,2026-02-05T18:00:00,2026-02-05T18:15:00,2026-02-05T20:45:00,1.17990000,1.178282620,1.1829547600,1.178192620,62872.61799284260260198126965,101.6889148892637685963924659,-107.3474505086196028305707802,5.934672157580398944806216004,-113.2821226662000017753769962,-1.114006603271958352397086647,stop,10,10055.60936626017685786386959
ict_sweep_mss,EURUSD,15min,LONG,2026-02-09T10:45:00,2026-02-09T11:00:00,2026-02-09T19:15:00,1.18271000,1.180862300,1.1863154000,1.1862554000,54422.30538648144643537300206,100.5560936626017685786386959,192.9488415172313201919714415,5.149264384291637721086400262,187.7995771329396824708850412,1.867610109866320290090382638,target,33,10243.40894339311654033475463
ict_sweep_mss,EURUSD,15min,SHORT,2026-02-11T22:00:00,2026-02-11T22:15:00,2026-02-12T00:30:00,1.19141000,1.192578795,1.1893124100,1.1893724100,87640.76628829791828622431333,102.4340894339311654033475463,178.5759489813729553208277986,8.353286829083281826031240728,170.2226621522896734947965579,1.661777471669539996320997267,target,9,10413.63160554540621382955119
ict_sweep_mss,EURUSD,15min,SHORT,2026-02-15T01:45:00,2026-02-15T02:00:00,2026-02-15T02:30:00,1.18566000,1.187053280,1.1831434400,1.187143280,74741.84374673724028070130333,104.1363160554540621382955119,-110.8630819926604137635586292,7.089473156540518104897304584,-117.9525551492009318684559338,-1.132674552135966926963711530,stop,2,10295.67905039620528196109526
ict_sweep_mss,EURUSD,15min,SHORT,2026-02-16T02:45:00,2026-02-16T03:00:00,2026-02-16T05:30:00,1.18632000,1.187266830,1.18405000,1.187356830,108738.4118627019135637980974,102.9567905039620528196109526,-112.7432475716052250403527813,10.31988422087684272792039671,-123.0631317924820677682731780,-1.195289122651373530623237539,stop,10,10172.61591860372321419282208
ict_sweep_mss,EURUSD,15min,SHORT,2026-02-18T18:00:00,2026-02-18T18:15:00,2026-02-19T00:00:00,1.18394000,1.184857310,1.1823153800,1.184947310,110896.1628958991313099478048,101.7261591860372321419282208,-111.7068138466681539598235233,10.50355224791766540184796832,-122.2103660945858193616714916,-1.201366168470854999945492800,stop,23,10050.40555250913739483115059
ict_sweep_mss,EURUSD,15min,SHORT,2026-02-21T00:30:00,2026-02-21T00:45:00,2026-02-21T02:00:00,1.17613000,1.178294625,1.1720107500,1.178384625,46430.23873654391589689276706,100.5040555250913739483115059,-104.6827770113803263790318549,4.368639734816911664304999210,-109.0514167461972380433368541,-1.085044938499740139747069353,stop,5,9941.354135762940156787813736
ict_sweep_mss,EURUSD,15min,SHORT,2026-02-24T12:15:00,2026-02-24T12:30:00,2026-02-25T16:30:00,1.17733000,1.179865075,1.1724698500,1.179955075,39215.22690951131685172160088,99.41354135762940156787813736,-102.9429117794854200845330814,3.693541047789996693522991388,-106.6364528272754167780560728,-1.072655207439622101910199895,stop,112,9834.717682935664740009757663
ict_sweep_mss,EURUSD,15min,LONG,2026-02-28T20:00:00,2026-02-28T20:15:00,2026-03-02T05:00:00,1.18126000,1.180345825,1.1829383500,1.180255825,107580.2519532437962098040054,98.34717682935664740009757663,-108.0293995051485890589799371,10.16641987378310133686344635,-118.1958193789316903958433834,-1.201822189405748352339541116,stop,131,9716.521863556733049613914280
ict_sweep_mss,EURUSD,15min,SHORT,2026-03-03T02:45:00,2026-03-03T03:00:00,2026-03-03T21:30:00,1.16803000,1.172296155,1.1596776900,1.1597376900,22775.82943788196408619451070,97.16521863556733049613914280,188.8642382060429896115916030,2.128228164666341640927821946,186.7360100413766479706637811,1.921840064413974644615584760,target,74,9903.257873598109697584578061
ict_sweep_mss,EURUSD,15min,LONG,2026-03-04T21:00:00,2026-03-04T21:15:00,2026-03-05T16:45:00,1.16352000,1.160059610,1.1703207800,1.159969610,28618.90675212363258934564619,99.03257873598109697584578061,-101.6082803436722239088868888,2.663893630738471119228435700,-104.2721739744106950281153245,-1.052907793630197752276477507,stop,78,9798.985699623699002556462736
ict_sweep_mss,EURUSD,15min,LONG,2026-03-05T20:00:00,2026-03-05T20:15:00,2026-03-06T02:30:00,1.16343000,1.157719435,1.1746411300,1.157629435,17159.39788729083549973857707,97.98985699623699002556462736,-99.53420280609316522054109930,1.597100662720862139636868218,-101.1313034688140273601779675,-1.032058894347582069374921746,stop,25,9697.854396154884975196284768
ict_sweep_mss,EURUSD,15min,LONG,2026-03-06T07:00:00,2026-03-06T07:15:00,2026-03-06T22:30:00,1.15990000,1.156494140,1.1666517200,1.156404140,28474.02534500797148208172024,96.97854396154884975196284768,-99.54120624259956718535020252,2.642161759813979689765326984,-102.1833680024135468751155295,-1.053669851373808670937736725,stop,61,9595.671028152471428321169238
ict_sweep_mss,EURUSD,15min,LONG,2026-03-09T01:00:00,2026-03-09T01:15:00,2026-03-09T02:00:00,1.16185000,1.161387055,1.1626558900,1.161297055,207274.5364601080350434969432,95.95671028152471428321169238,-114.6114185629344374371264173,19.26575361489412164122295388,-133.8771721778285590783493712,-1.395183013100908315242631415,stop,3,9461.793855974642869242819867
ict_sweep_mss,EURUSD,15min,SHORT,2026-03-09T05:00:00,2026-03-09T05:15:00,2026-03-09T12:00:00,1.15843000,1.162278110,1.1512137800,1.1512737800,24588.15848812701006271343560,94.61793855974642869242819867,175.9582715359042719509911421,2.278692834992077781355930016,173.6795787009121941696352121,1.835588275802926631515211364,target,27,9635.473434675555063412455079
ict_sweep_mss,EURUSD,15min,LONG,2026-03-10T06:15:00,2026-03-10T06:30:00,2026-03-12T02:30:00,1.16165000,1.157119620,1.1706507600,1.157029620,21268.57666393449349373000737,96.35473434675555063412455079,-98.26890624650965504856025145,1.976531366532760349359317045,-100.2454376130424153979195685,-1.040378952758929714505184996,stop,176,9535.227997062512648014535510
ict_sweep_mss,EURUSD,15min,SHORT,2026-03-14T16:45:00,2026-03-14T17:00:00,2026-03-16T21:15:00,1.14281000,1.147648360,1.1331332800,1.147738360,19707.56206041409206428321892,95.35227997062512648014535510,-97.12596055606239476593084480,1.801759919860946284158680433,-98.92772047592334105008952523,-1.037497168462040856819252805,stop,209,9436.300276586589306964445985
ict_sweep_mss,EURUSD,15min,LONG,2026-03-17T23:00:00,2026-03-17T23:15:00,2026-03-19T00:00:00,1.15225000,1.150115925,1.1564281500,1.150025925,44217.28513096582503878470056,94.36300276586589306964445985,-98.34255842765281732313508290,4.075949343372429752075173698,-102.4185077710252470752102566,-1.085367196560570739078992069,stop,99,9333.881768815564059889235728
ict_sweep_mss,EURUSD,15min,LONG,2026-03-19T23:30:00,2026-03-19T23:45:00,2026-03-20T02:15:00,1.14859000,1.146009050,1.1534519000,1.1533919000,36164.51992024473182312418190,93.33881768815564059889235728,173.6584082050231777414600091,3.323056474815511721977776328,170.3353517302076660194822328,1.824914391987446482884209303,target,10,9504.217120545771725908717961
ict_sweep_mss,EURUSD,15min,LONG,2026-03-20T17:00:00,2026-03-20T17:15:00,2026-03-20T20:45:00,1.15614000,1.155094185,1.1581116300,1.155004185,90878.56954189576288261994675,95.04217120545771725908717961,-103.2212424642283359185229748,8.405467951213389383928978016,-111.6267104154417253024519528,-1.174496636594426356477962163,stop,14,9392.590410130330000606266008
ict_sweep_mss,EURUSD,15min,SHORT,2026-03-22T11:30:00,2026-03-22T11:45:00,2026-03-22T15:15:00,1.15846000,1.159225290,1.1571394200,1.159315290,122732.4335889705863216070510,93.92590410130330000606266008,-104.9718231243106527750072946,11.37444920123830923441031234,-116.3462723255489620094176069,-1.238702714003841680931411620,stop,14,9276.244137804781038596848401
ict_sweep_mss,EURUSD,15min,LONG,2026-03-23T22:00:00,2026-03-23T22:15:00,2026-03-30T23:15:00,1.15675000,1.147428855,1.1753322900,1.147338855,9951.829027233007359714765086,92.76244137804781038596848401,-93.65810599049878104834281287,0.9209422581801425010680043608,-94.57904824867892354941081723,-1.019583431005525608710088728,stop,676,9181.665089556102115047437584
ict_sweep_mss,EURUSD,15min,LONG,2026-03-31T11:45:00,2026-03-31T12:00:00,2026-04-01T00:45:00,1.14762000,1.144821640,1.1530967200,1.1530367200,32810.87883458919551111164248,91.81665089556102115047437584,177.7273436008959871089486561,3.012353661452100204196955452,174.7149899394438869047517006,1.902868251404394002201289327,target,51,9356.380079495546001952189285
ict_sweep_mss,EURUSD,15min,SHORT,2026-04-02T12:15:00,2026-04-02T12:30:00,2026-04-06T05:00:00,1.15655000,1.160332440,1.1493751200,1.1494351200,24736.36086625444422635174460,93.56380079495546001952189285,175.9962392000964201371855006,2.288707052789326197598968818,173.7075321473070939395865318,1.856567718192489504129609458,target,354,9530.087611642853095891775817
ict_sweep_mss,EURUSD,15min,LONG,2026-04-06T12:00:00,2026-04-06T12:15:00,2026-04-06T17:30:00,1.15209000,1.150408170,1.1553336600,1.1552736600,56664.98761255806529727603751,95.30087611642853095891775817,180.4020544625966101643258296,5.222653246284161715867100004,175.1794012163124484484587296,1.838171991223845454058971478,target,21,9705.267012859165544340234547
ict_sweep_mss,EURUSD,15min,SHORT,2026-04-07T00:45:00,2026-04-07T01:00:00,2026-04-07T18:45:00,1.15427000,1.156836015,1.1493779700,1.156926015,37822.33156415362164422357058,97.05267012859165544340234547,-100.4566799693654813913824668,3.492574612364448068422235264,-103.9492545817299294598047021,-1.071060223732129391293503740,stop,71,9601.317758277435614880429845
ict_sweep_mss,EURUSD,15min,LONG,2026-04-09T21:30:00,2026-04-09T21:45:00,2026-04-10T22:30:00,1.16876000,1.166898085,1.1723938300,1.1723338300,51566.89622392770676900089341,96.01317758277435614880429845,184.2913207319595562822584629,4.821546050454219725066998734,179.4697746815053365571914642,1.869220238303037464116245909,target,99,9780.787532958940951437621309
ict_sweep_mss,EURUSD,15min,LONG,2026-04-11T21:30:00,2026-04-11T21:45:00,2026-04-13T04:30:00,1.17255000,1.171613205,1.1743035900,1.171523205,104406.9143511541047020705844,97.80787532958940951437621309,-107.2044976211932789375625657,9.793786193795659637473029096,-116.9982838149889385750355948,-1.196205146269995036267272989,stop,123,9663.789249143952012862585714
ict_sweep_mss,EURUSD,15min,SHORT,2026-04-13T16:30:00,2026-04-13T16:45:00,2026-04-13T17:15:00,1.16789000,1.169392105,1.1650657900,1.169482105,64334.97824149411667534949763,96.63789249143952012862585714,-102.4280405331739906294073119,6.010894219076685113917913984,-108.4389347522506757433252259,-1.122116097077101800473335752,stop,2,9555.350314391701337119260488
ict_sweep_mss,EURUSD,15min,SHORT,2026-04-15T10:00:00,2026-04-15T10:15:00,2026-04-15T19:00:00,1.17925000,1.180111905,1.1777661900,1.1778261900,110863.1498180391265524536984,95.55350314391701337119260488,157.8480613424222887766491003,10.45882955383381119895848190,147.3892317885884775776906184,1.542478579425806788451163412,target,35,9702.739546180289814696951106
ict_sweep_mss,EURUSD,15min,SHORT,2026-04-19T02:00:00,2026-04-19T02:15:00,2026-04-19T09:15:00,1.17690000,1.177475445,1.1759291100,1.177565445,168612.8048063722825760403011,97.02739546180289814696951106,-112.2025478943764035788131382,15.87523279812956314909934643,-128.0777806925059667279124846,-1.320016682741182910617000756,stop,28,9574.661765487783847969038621
ict_sweep_mss,EURUSD,15min,SHORT,2026-04-22T00:45:00,2026-04-22T01:00:00,2026-04-23T05:00:00,1.17525000,1.177610665,1.1707686700,1.1708286700,40559.17195149580244536619394,95.74661765487783847969038621,179.3254837243069362257709143,3.813373346879635345913329554,175.5121103774273008798575847,1.833089404892265526874842470,target,112,9750.173875865211148848896206
ict_sweep_mss,EURUSD,15min,LONG,2026-04-23T10:15:00,2026-04-23T10:30:00,2026-04-23T19:30:00,1.17108000,1.169144145,1.1748317100,1.169054145,50366.24063199573908608287401,97.50173875865211148848896206,-102.0347004155317280062364207,4.718631766345405610314394568,-106.7533321818771336165508153,-1.094886445524070759431878937,stop,36,9643.420543683334015232345391
ict_sweep_mss,EURUSD,15min,LONG,2026-04-24T17:45:00,2026-04-24T18:00:00,2026-04-27T00:45:00,1.16926000,1.167501920,1.1727161600,1.1726561600,54852.00072626577866327098534,96.43420543683334015232345391,186.2861707865147868650543896,5.130900029535481948785298586,181.1552707569793049162690910,1.878537495449581361485256644,target,219,9824.575814440313320148614482
ict_sweep_mss,EURUSD,15min,SHORT,2026-04-27T05:00:00,2026-04-27T05:15:00,2026-04-27T11:00:00,1.16962000,1.172293700,1.1644226000,1.172383700,36745.24372382957444795083398,98.24575814440313320148614482,-101.5528300795477949018017199,3.438237757141243749264980356,-104.9910678366890386510667003,-1.068657515802072035007667278,stop,23,9719.584746603624281497547782
ict_sweep_mss,EURUSD,15min,LONG,2026-04-27T16:45:00,2026-04-27T17:00:00,2026-04-28T11:00:00,1.17297000,1.171584305,1.1755313900,1.171494305,70142.30943031204039487439719,97.19584746603624281497547782,-103.5086553147643264505141736,6.581985975397849121758065734,-110.0906412901621755722722393,-1.132668155690826624906635299,stop,72,9609.494105313462105925275543
ict_sweep_mss,EURUSD,15min,SHORT,2026-04-29T11:00:00,2026-04-29T11:15:00,2026-04-30T03:00:00,1.17077000,1.172100190,1.1683196200,1.1683796200,72241.51516184501541828818096,96.09494105313462105925275543,172.6846730125710879555677020,6.766255896482663096101540290,165.9184171160884248594661617,1.726609281380855366526586427,target,63,9775.412522429550530784741705
ict_sweep_mss,EURUSD,15min,LONG,2026-05-01T16:45:00,2026-05-01T17:00:00,2026-05-02T06:30:00,1.17366000,1.171736990,1.1784660200,1.171646990,50833.91413684562498783023336,97.75412522429550530784741705,-102.3291774966116115567521381,4.772938533268018897857346536,-107.1021160298796304546094846,-1.095627583839917629133493846,stop,54,9668.310406399670900330132220
ict_sweep_mss,EURUSD,15min,LONG,2026-05-06T08:45:00,2026-05-06T09:00:00,2026-05-06T14:45:00,1.17057000,1.168993385,1.1735132300,1.1734532300,61323.21718618477497886378234,96.68310406399670900330132220,176.8089394877235287623094232,5.742649467330584963760686216,171.0662900203929437985487370,1.769350412117098974702130831,target,23,9839.376696420063844128680957
ict_sweep_mss,EURUSD,15min,LONG,2026-05-06T18:30:00,2026-05-06T18:45:00,2026-05-08T06:45:00,1.17495000,1.172530040,1.1797599200,1.172440040,40659.25344394148599203574008,98.39376696420063844128680957,-102.0530997741553721805700262,3.821807186716723917307391424,-105.8749069608720960978774176,-1.076032661696887551860361328,stop,144,9733.501789459191748030803539
ict_sweep_mss,EURUSD,15min,LONG,2026-05-08T22:30:00,2026-05-08T22:45:00,2026-05-11T06:15:00,1.17778000,1.175621645,1.1820067100,1.175531645,45096.85287850789952547566799,97.33501789459191748030803539,-101.3937346536576284376008455,4.249133710659922712249178580,-105.6428683643175511498500241,-1.085353150895010320359718397,stop,222,9627.858921094874196880953515
ict_sweep_mss,EURUSD,15min,LONG,2026-05-12T15:45:00,2026-05-12T16:00:00,2026-05-12T16:45:00,1.17631000,1.175206100,1.1784278000,1.175116100,87216.76710838730135774031629,96.27858921094874196880953515,-104.1280982507035990910061636,8.207516425381365316809880920,-112.3356146760849644078160445,-1.166776700788114865476945375,stop,3,9515.523306418789232473137470
ict_sweep_mss,EURUSD,15min,LONG,2026-05-21T00:15:00,2026-05-21T00:30:00,2026-05-21T23:30:00,1.16117000,1.157950205,1.1678195900,1.157860205,29553.19610850625344928213588,95.15523306418789232473137470,-97.81502071395345513516676692,2.745302778025136505416235018,-100.5603234919785916405830019,-1.056802870990233850291711118,stop,92,9414.962982926810640832554468
ict_sweep_mss,EURUSD,15min,SHORT,2026-05-24T12:30:00,2026-05-24T12:45:00,2026-05-25T04:30:00,1.16018000,1.161282520,1.1582449600,1.161372520,85394.94052649213293938027853,94.14962982926810640832554468,-101.8351744766523983728697698,7.925880168002051423488816924,-109.7610546446544497963585867,-1.165815041904001741465007438,stop,63,9305.201928282156191036195881
ict_sweep_mss,EURUSD,15min,SHORT,2026-05-27T20:15:00,2026-05-27T20:30:00,2026-05-27T22:15:00,1.16378000,1.165078290,1.1610634200,1.165168290,71672.75360884052246444319744,93.05201928282156191036195881,-99.50256710761720893216184657,6.672905375591713858693576346,-106.1754724832089227908554229,-1.141033513313666438160965578,stop,7,9199.026455798947268245340458
ict_sweep_mss,EURUSD,15min,LONG,2026-05-28T21:45:00,2026-05-28T22:00:00,2026-05-30T00:45:00,1.16227000,1.160147895,1.1663642100,1.1663042100,43348.59234486016134095787182,91.99026455798947268245340458,174.8773247235583114833056561,4.030621473972849577740408454,170.8467032495854619055652476,1.857225914834562851508290117,target,107,9369.873159048532730150905706
ict_sweep_mss,EURUSD,15min,SHORT,2026-06-04T13:00:00,2026-06-04T13:15:00,2026-06-04T16:30:00,1.16045000,1.161332250,1.1587155000,1.161422250,106204.2863026186764539632270,93.69873159048532730150905706,-103.2571173577210081823657475,9.859581123189907447280130144,-113.1166984809109156296458776,-1.207238311136299234910739586,stop,13,9256.756460567621814521259828
ict_sweep_mss,EURUSD,15min,LONG,2026-06-05T16:30:00,2026-06-05T16:45:00,2026-06-05T19:00:00,1.16224000,1.161209825,1.1641803500,1.1641203500,89856.15512478580643600611380,92.56756460567621814521259828,168.9610212888909911319440961,8.354753418578484453774699656,160.6062678703125066781693964,1.735016671924672992452738612,target,9,9417.362728437934321199429224
ict_sweep_mss,EURUSD,15min,SHORT,2026-06-08T05:30:00,2026-06-08T05:45:00,2026-06-08T05:45:00,1.15134000,1.152461755,1.1489464900,1.152551755,83952.04593193642391787359293,94.17362728437934321199429224,-101.7293114182536213646029156,7.732587885062054585088366598,-109.4618993033156759496912822,-1.162341331217600991303805198,stop,0,9307.900829134618645249737942
ict_sweep_mss,EURUSD,15min,SHORT,2026-06-08T15:45:00,2026-06-08T16:00:00,2026-06-08T21:15:00,1.15175000,1.153909370,1.1475812600,1.153999370,43104.70567403742130922323614,93.07900829134618645249737942,-96.95843180200955437032747068,3.971667580805807999431828978,-100.9300993828153623697592997,-1.084348675771173999824022748,stop,21,9206.970729751803282879978642
ict_sweep_mss,EURUSD,15min,LONG,2026-06-12T03:30:00,2026-06-12T03:45:00,2026-06-18T05:15:00,1.15622000,1.149788400,1.1692032000,1.149698400,14315.21041381896150705886349,92.06970729751803282879978642,-93.35807623476173936443508414,1.324122606773260773895327931,-94.68219884153500013833041207,-1.028375147708190807886062566,stop,582,9112.288530910268282741648230
ict_sweep_mss,EURUSD,15min,LONG,2026-06-22T04:45:00,2026-06-22T05:00:00,2026-06-22T05:00:00,1.14748000,1.146792345,1.1497553100,1.146702345,132512.5030852719500729529812,91.12288530910268282741648230,-103.0490105867771583339822506,12.16443576322302858157696695,-115.2134463500001869155592176,-1.264374431946252117704372106,stop,0,8997.075084560268095826089012
ict_sweep_mss,EURUSD,15min,SHORT,2026-06-22T17:30:00,2026-06-22T17:45:00,2026-06-23T20:45:00,1.14448000,1.146621370,1.1403172600,1.1403772600,42015.50915797021577693761009,89.97075084560268095826089012,172.3787100427707230766730104,3.846872793689100204191164480,168.5318372490816228724818459,1.873184736874057262406776969,target,108,9165.606921809349718698570858
ict_sweep_mss,EURUSD,15min,SHORT,2026-06-24T10:15:00,2026-06-24T10:30:00,2026-06-24T12:15:00,1.13736000,1.138558690,1.1350226200,1.13771000,76463.53036906414267824517480,91.65606921809349718698570858,-26.76223562917244993738581118,6.957324872044703465322314560,-33.71956050121715340270812574,-0.3678922824082957228307569096,eod,7,9131.887361308132565295862732
ict_sweep_mss,EURUSD,daily,LONG,2010-07-01T00:00:00,2010-07-02T00:00:00,2010-09-22T00:00:00,1.25097000,1.208930900,1.3343882000,1.3343282000,2378.737889250721352264915281,100.00,198.2873087197394806263692610,0.2380583789852779912034272856,198.0492503407542026351658337,1.980492503407542026351658337,target,58,10198.04925034075420263516583
ict_sweep_mss,EURUSD,daily,LONG,2026-01-20T00:00:00,2026-01-21T00:00:00,2026-01-28T00:00:00,1.17137000,1.155240530,1.2035089400,1.2034489400,6322.618939333254101117498486,101.9804925034075420263516583,202.8229135977350983145021669,0.5924900917573435085140803362,202.2304235059777548059880866,1.983030465353170314957652050,target,7,10400.27967384673195744115392
ict_sweep_mss,EURUSD,daily,LONG,2026-02-09T00:00:00,2026-02-10T00:00:00,2026-03-02T00:00:00,1.19204000,1.173708200,1.2286136000,1.173618200,5673.354320823231737985988239,104.0027967384673195744115392,-104.5133986273414104308302781,0.5410292227675300128759053936,-105.0544278501089404437061835,-1.010111565694585365321463249,stop,20,10295.22524599662301699744774
ict_order_block,EURUSD,15min,SHORT,2026-01-17T12:30:00,2026-01-17T12:45:00,2026-01-19T00:15:00,1.15971000,1.160901415,1.1584971700,1.1585571700,83933.80979759361767310299098,100.00,96.76141394895985026208332109,7.787110284829383548133941574,88.97430366413046671394937952,0.8897430366413046671394937952,target,142,10088.97430366413046671394938
ict_order_block,EURUSD,15min,SHORT,2026-01-19T04:00:00,2026-01-19T04:15:00,2026-01-19T04:15:00,1.15891000,1.160566085,1.1596478300,1.1597078300,60920.63090761724468680019069,100.8897430366413046671394938,-48.60430695702426632846979614,5.648122269211736083198368720,-54.25242922623600241166816486,-0.5377397899262417086079518865,target,0,10034.72187443789446430228122
ict_order_block,EURUSD,15min,SHORT,2026-01-19T10:00:00,2026-01-19T10:15:00,2026-01-19T10:15:00,1.15982000,1.160733625,1.1593127500,1.160823625,109834.1428314450071342430562,100.3472187443789446430228122,-110.2322915992089952851046873,10.19102684310132385395502251,-120.4233184423103191390597098,-1.200066329183198796004925435,stop,0,9914.298555995584145163221510
ict_order_block,EURUSD,15min,LONG,2026-01-19T18:30:00,2026-01-19T18:45:00,2026-01-19T19:00:00,1.16270000,1.162355305,1.1650693900,1.162265305,287625.2500325094400894478165,99.14298555995584145163221510,-125.0292580628816910596825186,26.75375025702389807936007810,-151.7830083199055891390425967,-1.530950550486662121585749721,stop,1,9762.515547675678556024178913
ict_order_block,EURUSD,15min,LONG,2026-01-24T03:00:00,2026-01-24T03:15:00,2026-01-24T03:30:00,1.17496000,1.174598015,1.1764039700,1.1763439700,269693.9250984344256260391705,97.62515547675678556024178913,373.2483015184802920336694308,25.35036593869252101868567870,347.8979355797877710149837521,3.563609541831843860933464094,target,1,10110.41348325546632703916267
ict_order_block,EURUSD,15min,LONG,2026-01-24T05:15:00,2026-01-24T05:30:00,2026-01-24T08:00:00,1.17913000,1.178112950,1.1829641000,1.1829041000,99409.20783890139449426441837,101.1041348325546632703916267,375.1802913047977529608033414,9.377310339126704103201760288,365.8029809656710488576015811,3.618081313603067695786834473,target,10,10476.21646422113737589676425
ict_order_block,EURUSD,15min,LONG,2026-01-26T05:45:00,2026-01-26T06:00:00,2026-01-26T10:00:00,1.18384000,1.181980455,1.1891790900,1.1891190900,56337.52592285283430030875429,104.7621646422113737589676425,297.4108697240731690264169417,5.335569335080807948646201254,292.0753003889923610777707404,2.787984587627618584116006872,target,16,10768.29176461012973697453499
ict_order_block,EURUSD,15min,LONG,2026-01-26T18:45:00,2026-01-26T19:00:00,2026-01-27T02:45:00,1.18404000,1.181794255,1.1895514900,1.1894914900,47949.75281971074069840758853,107.6829176461012973697453499,261.3975979991249058099619848,4.541954026292024433323401690,256.8556439728328813766385831,2.385296104410785730347835574,target,31,11025.14740858296261835117357
ict_order_block,EURUSD,15min,LONG,2026-01-28T13:00:00,2026-01-28T13:15:00,2026-01-28T16:00:00,1.19908000,1.197378660,1.2024226800,1.197288660,64802.72848803274253442094802,110.2514740858296261835117357,-116.0837196497525730116096210,6.216292454034424073453877628,-122.3000121037869970850634986,-1.109282330398391855831285927,stop,11,10902.84739647917562126611007
ict_order_block,EURUSD,15min,LONG,2026-01-28T17:45:00,2026-01-28T18:00:00,2026-01-28T18:15:00,1.19964000,1.197493980,1.2021920400,1.2021320400,50804.96638651632147541080731,109.0284739647917562126611007,126.6080084338541337695827482,4.875813590073635191580945670,121.7321948437804985780018025,1.116517460228702435205636480,target,1,11024.57959132295611984411187
ict_order_block,EURUSD,15min,LONG,2026-01-28T19:15:00,2026-01-28T19:30:00,2026-01-28T19:45:00,1.20005000,1.198425315,1.2020393700,1.198335315,67856.72048011125922775252969,110.2457959132295611984411187,-116.3529007564395745289388464,6.514516592972601330901153860,-122.8674173494121758598400003,-1.114486192708124959607554696,stop,1,10901.71217397354394398427187
ict_order_block,EURUSD,15min,LONG,2026-01-30T00:45:00,2026-01-30T01:00:00,2026-01-30T02:15:00,1.19553000,1.194098385,1.1974032300,1.194008385,76149.74817931876897059804396,109.0171217397354394398427187,-115.8705990758741286471965427,7.283144675265677429393526360,-123.1537437511398060765900691,-1.129673410798294234134177136,stop,5,10778.55843022240413790768180
ict_order_block,EURUSD,15min,SHORT,2026-01-30T13:00:00,2026-01-30T13:15:00,2026-01-30T22:45:00,1.19143000,1.194326150,1.1843477000,1.194416150,37216.85144147369486355223935,107.7855843022240413790768180,-111.1351009319566739167965195,3.547301865033200341702563562,-114.6824027969898742584990831,-1.063986464789461871795314469,stop,38,10663.87602742541426364918272
ict_order_block,EURUSD,15min,SHORT,2026-02-03T02:15:00,2026-02-03T02:30:00,2026-02-03T06:00:00,1.18041000,1.183053295,1.1775834100,1.1776434100,40343.11731163345091504800909,106.6387602742541426364918272,111.6128649231919889670626715,3.809713528466019343570545632,107.8031513947259696234921259,1.010919023415850292910931243,target,14,10771.67917882014023327267485
ict_order_block,EURUSD,15min,SHORT,2026-02-03T12:00:00,2026-02-03T12:15:00,2026-02-03T15:15:00,1.18064000,1.181598250,1.1790235000,1.181688250,112409.9053359785049128377235,107.7167917882014023327267485,-117.8336832684394677748821437,10.61725045086957296322341839,-128.4509337193090407381055621,-1.192487555439603443777719803,stop,12,10643.22824510083119253456929
ict_order_block,EURUSD,15min,SHORT,2026-02-03T16:30:00,2026-02-03T16:45:00,2026-02-04T01:00:00,1.18114000,1.182780345,1.1781293100,1.1781893100,64884.08380615560258686172293,106.4322824510083119253456929,191.4528172459852749970270172,6.130974939744210275155668434,185.3218423062410647218713488,1.741218341263575650244308362,target,33,10828.55008740707225725644064
ict_order_block,EURUSD,15min,SHORT,2026-02-04T02:00:00,2026-02-04T02:15:00,2026-02-04T02:15:00,1.17959000,1.180490045,1.1779399100,1.180580045,120311.2076330302624563931875,108.2855008740707225725644064,-119.1135095610434461936397933,11.35343179294769338327494720,-130.4669413539911395769147405,-1.204842202334327728058041543,stop,0,10698.08314605308111767952590
ict_order_block,EURUSD,15min,SHORT,2026-02-05T18:00:00,2026-02-05T18:15:00,2026-02-05T18:45:00,1.17978000,1.180147380,1.1782652400,1.180237380,291199.3888086744275050227530,106.9808314605308111767952590,-133.1887764533115096522473068,27.48409719429583328655005948,-160.6728736476073429387973663,-1.501884697043932712722521640,stop,2,10537.41027240547377474072853
ict_order_block,EURUSD,15min,SHORT,2026-02-05T19:45:00,2026-02-05T20:00:00,2026-02-05T20:30:00,1.18004000,1.181007490,1.1787650200,1.1788250200,108914.9270008524509270455357,105.3741027240547377474072853,132.3294580074957108273417850,10.28191763664687409535606511,122.0475403708488367319857199,1.158230886107349946769475654,target,2,10659.45781277632261147271425
ict_order_block,EURUSD,15min,SHORT,2026-02-06T00:15:00,2026-02-06T00:30:00,2026-02-06T00:30:00,1.18011000,1.181054810,1.1786703800,1.181144810,112821.1789965847377935533520,106.5945781277632261147271425,-116.7484842374558525161469442,10.65131212365276919340401970,-127.3997963611086217095509639,-1.195180830008149786729607011,stop,0,10532.05801641521398976316329
ict_order_block,EURUSD,15min,LONG,2026-02-09T10:45:00,2026-02-09T11:00:00,2026-02-09T17:00:00,1.18271000,1.180832300,1.1846354000,1.1845754000,56090.20619063329599916474032,105.3205801641521398976316329,104.6306706280073503568419066,5.307075821097912440893770402,99.32359480690943791594813620,0.9430597006976620333386589978,target,24,10631.38161122212342767911143
ict_order_block,EURUSD,15min,SHORT,2026-02-12T17:30:00,2026-02-12T17:45:00,2026-02-12T18:15:00,1.18614000,1.186857855,1.1846142900,1.186947855,148099.2904029661063540563405,106.3138161122212342767911143,-119.6427522484881838486561850,14.05331938548593739126403102,-133.6960716339741212399202160,-1.257560649434774432162484067,stop,2,10497.68553958814930643919121
ict_order_block,EURUSD,15min,SHORT,2026-02-14T17:30:00,2026-02-14T17:45:00,2026-02-15T02:30:00,1.18641000,1.187746845,1.1853263100,1.1853863100,78525.82415753620880834495555,104.9768553958814930643919121,80.38610093182824159501464755,7.453105843099402679384683096,72.93299508872883891562996445,0.6947530940385759007214748157,target,35,10570.61853467687814535482117
ict_order_block,EURUSD,15min,SHORT,2026-02-15T03:30:00,2026-02-15T03:45:00,2026-02-15T03:45:00,1.18583000,1.187223515,1.1859229700,1.1859829700,75855.79297443427695686678055,105.7061853467687814535482117,-11.60366065129921134609191142,7.196165998629871891500906750,-18.79982664992908323759281817,-0.1778498258002246118628073612,target,0,10551.81870802694906211722835
ict_order_block,EURUSD,15min,SHORT,2026-02-18T00:45:00,2026-02-18T01:00:00,2026-02-18T02:15:00,1.18223000,1.183292830,1.1809743400,1.1810343400,99280.39957497388163786521222,105.5181870802694906211722835,118.7056025558132713191299196,9.389781343161709767098671184,109.3158212126515615520312484,1.035990327709981840934109876,target,5,10661.13452923960062366925960
ict_order_block,EURUSD,15min,SHORT,2026-02-18T03:15:00,2026-02-18T03:30:00,2026-02-18T03:30:00,1.18275000,1.183363270,1.1808334600,1.183453270,173840.7965372446169496185954,106.6113452923960062366925960,-122.2570169807480217621582696,16.44881616835408565577291150,-138.7058331491021074179311811,-1.301041955419309602622009882,stop,0,10522.42869609049851625132842
ict_order_block,EURUSD,15min,SHORT,2026-02-18T04:30:00,2026-02-18T04:45:00,2026-02-18T05:15:00,1.18349000,1.184759070,1.1830218600,1.184849070,82914.48616774881225031974927,105.2242869609049851625132842,-112.6865907160023782650420616,7.850277218773523344810473604,-120.5368679347759016098525352,-1.145523257188334764827787277,stop,2,10401.89182815572261464147588
ict_order_block,EURUSD,15min,SHORT,2026-02-18T23:15:00,2026-02-18T23:30:00,2026-02-18T23:30:00,1.18417000,1.184628120,1.1832537600,1.184718120,227056.0514309727279892053584,104.0189182815572261464147588,-124.4539629103447716654432410,21.50983715384119802423818474,-145.9638000641859696896814257,-1.403242818475508600366716143,stop,0,10255.92802809153664495179445
ict_order_block,EURUSD,15min,SHORT,2026-02-21T00:45:00,2026-02-21T01:00:00,2026-02-21T02:00:00,1.17676000,1.177958225,1.1743035500,1.178048225,85592.67272917470963259650274,102.5592802809153664495179445,-110.2626208265410903164516297,8.057762684862690504580340848,-118.3203835114037808210319705,-1.153677982015063948757537190,stop,4,10137.60764458013286413076248
ict_order_block,EURUSD,15min,LONG,2026-02-23T21:15:00,2026-02-23T21:30:00,2026-02-23T22:15:00,1.17987000,1.179027840,1.1805643200,1.178937840,120376.2663220781426822784564,101.3760764458013286413076248,-112.2099404147883614827126859,11.36226762763442705652319059,-123.5722080424227885392358765,-1.218948418352807067540609861,stop,3,10014.03543653771007559152660
ict_order_block,EURUSD,15min,SHORT,2026-02-24T18:30:00,2026-02-24T18:45:00,2026-02-24T19:15:00,1.17808000,1.178477185,1.1765656300,1.178567185,252125.2171289880049747983081,100.1403543653771007559152660,-122.8316239069860212036471137,23.76189406362545511205683126,-146.5935179706114763157039450,-1.463880559437038156023011947,stop,2,9867.441918567098599275822655
ict_order_block,EURUSD,15min,SHORT,2026-02-24T20:30:00,2026-02-24T20:45:00,2026-02-24T23:15:00,1.17873000,1.179876715,1.1774265700,1.1774865700,86049.64545302972926381727504,98.67441918567098599275822655,106.9967106456607562585083143,8.114343886787978622011146928,98.88236675887277763649716737,1.002107411170168699284477834,target,10,9966.324285325971376912319822
ict_order_block,EURUSD,15min,LONG,2026-02-25T21:30:00,2026-02-25T21:45:00,2026-02-25T22:15:00,1.17819000,1.177496910,1.1790061800,1.177406910,143795.5285074950060874102905,99.66324285325971376912319822,-112.6048404189342643169901244,13.55347629857964329777007442,-126.1583167175139076147601988,-1.265845994026749772756784833,stop,2,9840.165968608457469297559623
ict_order_block,EURUSD,15min,SHORT,2026-02-27T13:00:00,2026-02-27T13:15:00,2026-02-27T14:00:00,1.17951000,1.180204710,1.1780605800,1.180294710,141644.2251962467428034368243,98.40165968608457469297559623,-111.1496399537467815452849104,13.36566240489799964832654149,-124.5153023586447811936114519,-1.265378071425486893811806365,stop,3,9715.650666249812688103948171
ict_order_block,EURUSD,15min,LONG,2026-02-28T20:30:00,2026-02-28T20:45:00,2026-03-01T00:15:00,1.18067000,1.180381455,1.1812770900,1.1812170900,336711.8011488611027085531952,97.15650666249812688103948171,184.2116592905304206808223676,31.80364178099406705079260008,152.4080175095363536300297675,1.568685646952814985530853073,target,14,9868.058683759349041733977938
ict_order_block,EURUSD,15min,SHORT,2026-03-03T12:15:00,2026-03-03T12:30:00,2026-03-03T15:45:00,1.17042000,1.171180360,1.1682392800,1.1682992800,129781.4020169307833359721440,98.68058683759349041733977938,275.2300148853454508362628452,12.15189988389249019456708134,263.0781150014529606416957639,2.665956126045557367562733443,target,13,10131.13679876080200237567370
ict_order_block,EURUSD,15min,SHORT,2026-03-05T17:45:00,2026-03-05T18:00:00,2026-03-05T19:00:00,1.16044000,1.161764425,1.1593211500,1.1593811500,76494.60557419862961191214074,101.3113679876080200237567370,80.99631311224021896457317022,7.101392007401844619747785968,73.89492110483837434482538425,0.7293842988466693093229137172,target,4,10205.03171986564037672049908
ict_order_block,EURUSD,15min,SHORT,2026-03-06T17:45:00,2026-03-06T18:00:00,2026-03-06T20:00:00,1.16104000,1.161985430,1.1591491400,1.1592091400,107940.6378035987897223538398,102.0503171986564037672049908,197.6241961290968801510687511,10.02587184923922710553933618,187.5983242798576530455294149,1.838292417206985181346054175,target,8,10392.63004414549802976602849
ict_order_block,EURUSD,15min,SHORT,2026-03-07T03:15:00,2026-03-07T03:30:00,2026-03-07T09:00:00,1.15964000,1.162001390,1.1571372200,1.162091390,44010.64645884626440260197803,103.9263004414549802976602849,-107.8872586227511440938944629,4.082920484762918564146668624,-111.9701791075140626580411315,-1.077399836536954929088375914,stop,22,10280.65986503798396710798736
ict_order_block,EURUSD,15min,LONG,2026-03-09T02:00:00,2026-03-09T02:15:00,2026-03-09T02:15:00,1.16187000,1.161378510,1.1618029800,1.1617429800,209173.3273319494591366657991,102.8065986503798396710798736,-26.56919603770422029953928980,19.44257710617376944696943136,-46.01177314387798974650872116,-0.4475566135628395287798327534,target,0,10234.64809189410597736147864
ict_order_block,EURUSD,15min,LONG,2026-03-09T03:30:00,2026-03-09T03:45:00,2026-03-09T04:45:00,1.16159000,1.161380180,1.1617996400,1.1617396400,487782.2939612098931160746659,102.3464809189410597736147864,72.99174246835544840588941301,45.32824278739214397957609370,27.66349968096330442631331931,0.2702926317796206272042703269,target,4,10262.31159157506928178779196
ict_order_block,EURUSD,15min,SHORT,2026-03-09T20:15:00,2026-03-09T20:30:00,2026-03-09T20:30:00,1.15489000,1.156731950,1.1515661000,1.156821950,55714.38742406183274132192492,102.6231159157506928178779196,-107.6374107839162577645968928,5.147519111373981601170022230,-112.7849298952902393657669150,-1.099020711745704280789380819,stop,0,10149.52666167977904242202504
ict_order_block,EURUSD,15min,SHORT,2026-03-09T21:30:00,2026-03-09T21:45:00,2026-03-10T00:15:00,1.15616000,1.157163255,1.1526834900,1.157253255,101165.9713799560335350636183,101.4952666167977904242202504,-110.6002040409938334423759760,9.357123957651997418551932232,-119.9573279986458308609279082,-1.181900713178603645135085297,stop,10,10029.56933368113321156109713
ict_order_block,EURUSD,15min,LONG,2026-03-10T21:30:00,2026-03-10T21:45:00,2026-03-10T23:00:00,1.16348000,1.162639730,1.1673205400,1.162549730,119361.2688026602545796124713,100.2956933368113321156109713,-111.0382075290507550277760937,11.10995592212153223986300145,-122.1481634511722872676390952,-1.217880443190879122186916111,stop,5,9907.421170229960924293458035
ict_order_block,EURUSD,15min,LONG,2026-03-11T05:15:00,2026-03-11T05:30:00,2026-03-11T07:00:00,1.16362000,1.160982205,1.1638255900,1.160892205,37559.48119633997685299069122,99.07421170229960924293458035,-102.4545650099702071597037426,3.496397080774809909254162250,-105.9509620907450170689579048,-1.069410094415980013609852168,stop,6,9801.470208139215907224500130
ict_order_block,EURUSD,15min,LONG,2026-03-11T19:15:00,2026-03-11T19:30:00,2026-03-11T19:45:00,1.16153000,1.160543990,1.1623320200,1.160453990,99405.38339508946062640845559,98.01470208139215907224500130,-106.9611865869502105286217623,9.236986797991860896111377072,-116.1981733849420714247331394,-1.185517793937181164491232341,stop,1,9685.272034754273835799766991
ict_order_block,EURUSD,15min,SHORT,2026-03-14T22:30:00,2026-03-14T22:45:00,2026-03-14T22:45:00,1.14326000,1.147642520,1.1452049600,1.1452649600,22099.77828909913436972282383,96.85272034754273835799766991,-44.30917147851220044591947287,2.021263402143638108762345246,-46.33043488065583855468181812,-0.4783596652154468205507333680,target,0,9638.941599873617997245085173
ict_order_block,EURUSD,15min,SHORT,2026-03-15T04:00:00,2026-03-15T04:15:00,2026-03-15T04:15:00,1.14490000,1.147384265,1.1457214700,1.1457814700,38799.97343227722484213674939,96.38941599873617997245085173,-34.20101258134940538159828048,3.553767166609135577740989150,-37.75477974795854095933926963,-0.3916900974734981976560471608,target,0,9601.186820125659456285745903
ict_order_block,EURUSD,15min,SHORT,2026-03-15T07:00:00,2026-03-15T07:15:00,2026-03-15T11:30:00,1.14622000,1.147310800,1.1456584000,1.1457184000,88019.68115260047172979231668,96.01186820125659456285745903,44.15067206614439661966382605,8.071193514458697016489803936,36.07947855168569960317402211,0.3757814448111477814448111478,target,17,9637.266298677345155888919925
ict_order_block,EURUSD,15min,SHORT,2026-03-16T04:00:00,2026-03-16T04:15:00,2026-03-16T04:45:00,1.14120000,1.141496240,1.14063000,1.141586240,325319.5482945363609198258144,96.37266298677345155888919925,-125.6514223332817240416735226,29.70037348109799160653641756,-155.3517958143797156482099402,-1.611990278152849041317850393,stop,2,9481.914502862965440240709985
ict_order_block,EURUSD,15min,LONG,2026-03-17T09:45:00,2026-03-17T10:00:00,2026-03-17T11:15:00,1.14997000,1.149211100,1.1516378000,1.149121100,124942.8712987609097409501909,94.81914502862965440240709985,-106.0640034455181362790926171,11.49444429659488666998403928,-117.5584477421130229490766564,-1.239817630781394123072868627,stop,5,9364.356055120852417291633329
ict_order_block,EURUSD,15min,LONG,2026-03-17T23:15:00,2026-03-17T23:30:00,2026-03-18T05:00:00,1.15129000,1.150269070,1.1543218600,1.1542618600,91723.78179817276813583334145,93.64356055120852417291633329,272.5902381747177227121576741,8.448053819713466098168285416,264.1421843550042566139893887,2.820719148227596407197359270,target,22,9628.498239475856673905622718
ict_order_block,EURUSD,15min,LONG,2026-03-20T14:15:00,2026-03-20T14:30:00,2026-03-20T19:15:00,1.15605000,1.155153300,1.1577534000,1.1576934000,107377.0295469594811409124871,96.28498239475856673905622718,176.4634103574732113069755813,9.930657200621000653836150456,166.5327531568522106531394308,1.729581799933087989294078287,target,19,9795.030992632708884558762149
ict_order_block,EURUSD,15min,LONG,2026-03-20T20:30:00,2026-03-20T20:45:00,2026-03-20T20:45:00,1.15581000,1.155213860,1.1573922800,1.155123860,164307.5618585015077760050013,97.95030992632708884558762149,-112.7379904935922245454280716,15.19266584573397021620674725,-127.9306563393261947616348188,-1.306077095984164793504881403,stop,0,9667.100336293382689797127330
ict_order_block,EURUSD,15min,LONG,2026-03-21T05:15:00,2026-03-21T05:30:00,2026-03-21T07:45:00,1.15693000,1.153536305,1.1570873900,1.1570273900,28485.47184202877008628390981,96.67100336293382689797127330,2.774200102695181918703189976,2.636455755055867598073955502,0.137744347639314320629234474,0.001424877603909602954891349986,target,9,9667.238080641022004117756564
ict_order_block,EURUSD,15min,SHORT,2026-03-23T18:45:00,2026-03-23T19:00:00,2026-03-23T19:00:00,1.15269000,1.153455115,1.1495997700,1.153545115,126350.1314265309398471831890,96.67238080641022004117756564,-108.0438926347980046274240527,11.65140263952383592419596721,-119.6952952743218405516200199,-1.238154002993014122060082472,stop,0,9547.542785366700163566136544
ict_order_block,EURUSD,15min,SHORT,2026-03-23T22:00:00,2026-03-23T22:15:00,2026-03-23T22:15:00,1.15663000,1.158101145,1.1552477100,1.1553077100,64898.72028499366251162282810,95.47542785366700163566136544,85.81492884564427000249374937,6.005104547458577589665464934,79.80982429818569241282828444,0.8359200486695736993974081414,target,0,9627.352609664885855978964828
ict_order_block,EURUSD,15min,LONG,2026-03-25T17:00:00,2026-03-25T17:15:00,2026-03-25T17:45:00,1.15901000,1.158261905,1.1598761900,1.1598161900,128691.5780704975418359829277,96.27352609664885855978964828,103.7498633246544132527510765,11.93238607195898847706580584,91.81747725269542477568527066,0.9537147020097714862417206375,target,2,9719.170086917581280754650099
ict_order_block,EURUSD,15min,LONG,2026-03-25T23:45:00,2026-03-26T00:00:00,2026-03-26T00:30:00,1.15923000,1.158150085,1.1600998300,1.158060085,89999.39890563221439423149136,97.19170086917581280754650099,-105.2916467706827121030273352,8.346400255470082551377997736,-113.6380470261527946544053329,-1.169215540111953255580300301,stop,2,9605.532039891428486100244766
ict_order_block,EURUSD,15min,SHORT,2026-03-27T02:45:00,2026-03-27T03:00:00,2026-03-27T07:00:00,1.15403000,1.155395820,1.1521083600,1.1521683600,70327.94980225379981330076266,96.05532039891428486100244766,130.9253244698677638844332318,6.492845112823596207883478330,124.4324793570441676765497535,1.295425165834443777364513626,target,16,9729.964519248472653776794520
ict_order_block,EURUSD,15min,SHORT,2026-03-27T15:45:00,2026-03-27T16:00:00,2026-03-27T18:15:00,1.15431000,1.155200845,1.1524983100,1.1525583100,109221.7447395278937837311151,97.29964519248472653776794520,191.3226380427836162620239570,10.08606017362275544587989308,181.2365778691608608161440639,1.862664324321290460181064046,target,9,9911.201097117633514592938584
ict_order_block,EURUSD,15min,SHORT,2026-03-28T00:15:00,2026-03-28T00:30:00,2026-03-28T00:30:00,1.15237000,1.152962080,1.1496858400,1.153052080,167396.3163274833386466852213,99.11201097117633514592938584,-114.1776794406498356241310557,15.43219944370415799650245188,-129.6098788843539936206335076,-1.307711120118902850966085664,stop,0,9781.591218233279520972305076
ict_order_block,EURUSD,15min,SHORT,2026-03-29T05:45:00,2026-03-29T06:00:00,2026-03-29T10:00:00,1.15346000,1.154017325,1.1525853500,1.154107325,175509.6437129732116982425887,97.81591218233279520972305076,-113.6117801165003842625648837,16.19546829097328646123639171,-129.8072484074736707238012754,-1.327056564840981474005293141,stop,16,9651.783969825805850248503801
ict_order_block,EURUSD,15min,SHORT,2026-03-29T12:30:00,2026-03-29T12:45:00,2026-03-29T15:15:00,1.15343000,1.154127950,1.1525141000,1.154217950,138287.6132935855842144638413,96.51783969825805850248503801,-108.9637248946807610817867838,12.76040654409763363203912228,-121.7241314387783947138259061,-1.261156816390858944050433413,stop,10,9530.059838387027455534677895
ict_order_block,EURUSD,15min,SHORT,2026-03-30T05:15:00,2026-03-30T05:30:00,2026-03-30T05:30:00,1.15170000,1.152271030,1.1513679400,1.1514279400,166892.4546588975615210177731,95.30059838387027455534677895,45.40476121449967058740809535,15.37680320245218572830049354,30.02795801204748485910760181,0.3150867730241843685970964749,target,0,9560.087796399074940393785497
ict_order_block,EURUSD,15min,SHORT,2026-03-30T06:30:00,2026-03-30T06:45:00,2026-03-31T01:00:00,1.15105000,1.152343450,1.1461231000,1.1461831000,73911.53733348080668285426957,95.60087796399074940393785497,359.7200610483177380447834446,6.806070003816246602583952560,352.9139910445014914421994920,3.691535041942092852448877034,target,73,9913.001787443576431835984989
ict_order_block,EURUSD,15min,SHORT,2026-03-31T02:30:00,2026-03-31T02:45:00,2026-03-31T11:45:00,1.14580000,1.146986970,1.1433360600,1.147076970,83515.18393424919274990930680,99.13001787443576431835984989,-106.6463844285181916658516875,7.655335820149018004227686698,-114.3017202486672096700793742,-1.153048518496676411366757374,stop,36,9798.700067194909222165905615
ict_order_block,EURUSD,15min,SHORT,2026-04-02T18:45:00,2026-04-02T19:00:00,2026-04-02T21:15:00,1.15318000,1.153970245,1.15164000,1.15170000,123995.7236957514343294282864,97.98700067194909222165905615,183.5136710697121228075538639,11.43915109211733112320080890,172.0745199775947916843530550,1.756095388139121411714088670,target,9,9970.774587172504013850258670
ict_order_block,EURUSD,15min,SHORT,2026-04-03T01:00:00,2026-04-03T01:15:00,2026-04-03T01:30:00,1.15304000,1.153930385,1.1518292300,1.154020385,111982.7331679274023467405523,99.70774587172504013850258670,-109.7861918568385063497092364,10.32964565215576096015085811,-120.1158375089942673098600945,-1.204679099490669766449344946,stop,1,9850.658749663509746540398576
ict_order_block,EURUSD,15min,SHORT,2026-04-06T05:45:00,2026-04-06T06:00:00,2026-04-06T08:00:00,1.15227000,1.152836735,1.1514065300,1.1514665300,173814.1944588477815299990044,98.50658749663509746540398576,139.6544908218504270259083001,16.02247054792772265788575622,123.6320202739227043680225439,1.255063477639461123805658730,target,8,9974.290769937432450908421120
ict_order_block,EURUSD,15min,LONG,2026-04-08T23:15:00,2026-04-08T23:30:00,2026-04-08T23:45:00,1.17055000,1.168861805,1.1746463900,1.168771805,59082.57499837064113392363513,99.74290769937432450908421120,-105.0603394492276822111373384,5.532728653147420318345144888,-110.5930681023751025294824833,-1.108781272305628200533706119,stop,1,9863.697701835057348378938637
ict_order_block,EURUSD,15min,LONG,2026-04-09T15:00:00,2026-04-09T15:15:00,2026-04-09T16:15:00,1.16635000,1.165963415,1.1678131700,1.165873415,255149.5195580546929751267803,98.63697701835057348378938637,-121.6004337785754958515507966,23.80749137092296729212312962,-145.4079251494984631436739262,-1.474172562308418588408758746,stop,4,9718.289776685558885235264711
ict_order_block,EURUSD,15min,LONG,2026-04-10T00:30:00,2026-04-10T00:45:00,2026-04-10T01:15:00,1.16776000,1.167108780,1.1687624400,1.1687024400,149232.0533258431695162197830,97.18289776685558885235264711,140.6422563364076366788661723,13.94137780734292957074086510,126.7008785290647071081253072,1.303736371733054881606830257,target,2,9844.990655214623592343390018
ict_order_block,EURUSD,15min,LONG,2026-04-10T10:45:00,2026-04-10T11:00:00,2026-04-10T19:15:00,1.16875000,1.167313090,1.1712338200,1.1711738200,68515.01245878046358048444244,98.44990655214623592343390018,166.0680574978412632356498013,6.406153664895973344775295368,159.6619038329452898908745059,1.621757799723016751223110703,target,33,10004.65255904756888223426452
ict_order_block,EURUSD,15min,LONG,2026-04-12T07:45:00,2026-04-12T08:00:00,2026-04-12T08:00:00,1.17235000,1.171702840,1.1725043200,1.1724443200,154593.1849781749317361126232,100.0465255904756888223426452,14.58122920714145956135014262,14.49898563273307049766653070,0.08224357440838906368361192,0.0008220532789418381853019346514,target,0,10004.73480262197727129794813
ict_order_block,EURUSD,15min,LONG,2026-04-12T09:00:00,2026-04-12T09:15:00,2026-04-12T09:45:00,1.17217000,1.171683745,1.1725425100,1.1724825100,205750.7851358233287328243027,100.0473480262197727129794813,64.29917786279614846229492284,19.29399182501264249926037303,45.00518603778350596303454981,0.4498388705514596250938293695,target,2,10049.73998865976077726098268
ict_order_block,EURUSD,15min,SHORT,2026-04-13T17:00:00,2026-04-13T17:15:00,2026-04-13T17:30:00,1.16887000,1.169722045,1.1669259100,1.169812045,117948.4650301305773434617031,100.4973998865976077726098268,-111.1127617393093597335213801,11.02931378558149823515616647,-122.1420755248908579686775466,-1.215375478994654038225680569,stop,1,9927.597913134869919292305133
ict_order_block,EURUSD,15min,LONG,2026-04-14T20:30:00,2026-04-14T20:45:00,2026-04-14T23:00:00,1.17939000,1.178414810,1.1806503800,1.1805903800,101801.6787819283413416083546,99.27597913134869919292305133,122.2006991762511423796398367,9.605110555089477319590358184,112.5955886211616650600494785,1.134167495564966826977306986,target,9,10040.19350175603158435235461
ict_order_block,EURUSD,15min,LONG,2026-04-15T01:45:00,2026-04-15T02:00:00,2026-04-15T12:15:00,1.17915000,1.178384030,1.1807119400,1.178294030,131078.1558253721631963700225,100.4019350175603158435235461,-112.1989690418438105311968482,12.36486459531900689863997696,-124.5638336371628174298368252,-1.240651722652323198036476626,stop,41,9915.629668118868766922517785
ict_order_block,EURUSD,15min,LONG,2026-04-17T20:00:00,2026-04-17T20:15:00,2026-04-17T22:30:00,1.17951000,1.178935540,1.1810789200,1.1810189200,172607.8346293713882067074781,99.15629668118868766922517785,260.4514138289510750928650479,16.28741336189518768829548300,244.1640004670558874045695649,2.462415485847578595550604046,target,9,10159.79366858592465432708735
ict_order_block,EURUSD,15min,LONG,2026-04-18T02:00:00,2026-04-18T02:15:00,2026-04-18T03:00:00,1.17985000,1.178837115,1.1819957700,1.178747115,100305.5003143093703068668936,101.5979366858592465432708735,-110.6254317141470898708888939,9.467635563667032844524552352,-120.0930672778141227154134463,-1.182042383883659053100796241,stop,3,10039.70060130811053161167390
ict_order_block,EURUSD,15min,SHORT,2026-04-19T02:45:00,2026-04-19T03:00:00,2026-04-19T03:00:00,1.17645000,1.177530855,1.1768682900,1.1769282900,92886.65548392809888108649079,100.3970060130811053161167390,-44.42675845140797041383485768,8.742120467525376954292336168,-53.16887891893334736812719385,-0.5295862997349320676686512067,target,0,9986.531722389177184243546706
ict_order_block,EURUSD,15min,SHORT,2026-04-19T04:15:00,2026-04-19T04:30:00,2026-04-19T09:15:00,1.17682000,1.177428145,1.1761737100,1.177518145,164213.0038459442597446915901,99.86531722389177184243546706,-114.6444875700267552194577102,15.45993177487872990021983657,-130.1044193449054851196775468,-1.302798839092650601419069466,stop,19,9856.427303044271699123869159
ict_order_block,EURUSD,15min,SHORT,2026-04-19T10:30:00,2026-04-19T10:45:00,2026-04-19T11:00:00,1.17695000,1.177426495,1.1761770100,1.177516495,206852.6910679917249734807114,98.56427303044271699123869159,-117.1810152265619722388519556,19.47642198019782885660304986,-136.6574372067598010954550055,-1.386480445754939716051585012,stop,1,9719.769865837511898028414154
ict_order_block,EURUSD,15min,SHORT,2026-04-19T12:00:00,2026-04-19T12:15:00,2026-04-19T12:45:00,1.17714000,1.177421105,1.1761877900,1.177511105,345770.0811382761565261526531,97.19769865837511898028414154,-128.3170059608199730676378803,32.56158346488883159145562672,-160.8785894257088046590935070,-1.655168709201188168122231906,stop,2,9558.891276411803093369320647
ict_order_block,EURUSD,15min,SHORT,2026-04-19T13:45:00,2026-04-19T14:00:00,2026-04-19T14:15:00,1.17719000,1.177418950,1.1761921000,1.177508950,417509.9924180739503546329175,95.58891276411803093369320647,-133.1648120817446864656101690,39.31908703797059788943762594,-172.4838991197152843550477949,-1.804434155929242192618475649,stop,1,9386.407377292087809014272852
ict_order_block,EURUSD,15min,LONG,2026-04-21T12:30:00,2026-04-21T12:45:00,2026-04-21T17:45:00,1.17789000,1.176757655,1.1797646900,1.176667655,82893.52959824159429338472685,93.86407377292087809014272852,-101.3244914367626215765473539,7.811156766277823320178794872,-109.1356482030404448967261488,-1.162698824121623710088356464,stop,20,9277.271729089047364117546703
ict_order_block,EURUSD,15min,SHORT,2026-04-22T01:45:00,2026-04-22T02:00:00,2026-04-22T03:00:00,1.17509000,1.176206705,1.1726465900,1.1727065900,83077.19343147068710283867900,92.77271729089047364117546703,198.0070135965015503477767359,7.809854338350951176613976264,190.1971592581505991711627596,2.050141084709032376500508191,target,4,9467.468888347197963288709463
ict_order_block,EURUSD,15min,SHORT,2026-04-22T06:00:00,2026-04-22T06:15:00,2026-04-22T15:15:00,1.17445000,1.175725460,1.1716890800,1.175815460,74227.87769390806425359250359,94.67468888347197963288709463,-101.3551978759237054157104200,6.974154476608826085010537268,-108.3293523525325315007209573,-1.144227180781835573048155176,stop,36,9359.139535994665431787988506
ict_order_block,EURUSD,15min,SHORT,2026-04-23T15:30:00,2026-04-23T15:45:00,2026-04-23T16:45:00,1.17018000,1.170826295,1.1695174100,1.170916295,144812.1915842558805466232681,93.59139535994665431787988506,-106.6244926025296835670759792,13.55650642784516370384380927,-120.1809990303748472709197885,-1.284103079862910899821289040,stop,4,9238.958536964290584517068718
ict_order_block,EURUSD,15min,SHORT,2026-04-24T20:30:00,2026-04-24T20:45:00,2026-04-24T21:00:00,1.16999000,1.170748780,1.1685924400,1.170838780,121760.7018762261865694545022,92.38958536964290584517068718,-103.3480485385032626364215924,11.39670428705327008195168584,-114.7447528255565327183732782,-1.241966314346714462690107804,stop,1,9124.213784138734051798695440
ict_order_block,EURUSD,15min,LONG,2026-04-27T02:00:00,2026-04-27T02:15:00,2026-04-27T02:30:00,1.17201000,1.171549800,1.1725404000,1.171459800,198266.2708417804009517317566,91.24213784138734051798695440,-109.0861022171475766036428125,18.58960416714200381755513089,-127.6757063842895804211979434,-1.399306388526727509778357236,stop,1,8996.538077754444471377497497
ict_order_block,EURUSD,15min,LONG,2026-04-28T00:45:00,2026-04-28T01:00:00,2026-04-28T02:45:00,1.17368000,1.172749525,1.1749409500,1.172659525,96687.58513398473329619277785,89.96538077754444471377497497,-98.66726343960307071043232498,9.078422793604416142006043160,-107.7456862332074868524383681,-1.197634971385582632526397807,stop,7,8888.792391521236984525059129
ict_order_block,EURUSD,15min,LONG,2026-04-28T03:45:00,2026-04-28T04:00:00,2026-04-28T11:00:00,1.17247000,1.171585105,1.1738197900,1.171495105,100450.2499338479365859797957,88.88792391521236984525059129,-97.92844640925868413798877293,9.421992363195095216717098488,-107.3504387724537793547058714,-1.207705546985800575209488132,stop,28,8781.441952748783205170353258
ict_order_block,EURUSD,15min,SHORT,2026-04-29T12:00:00,2026-04-29T12:15:00,2026-04-29T13:45:00,1.17148000,1.172049855,1.1706702900,1.1707302900,154099.5859077973029133788992,87.81441952748783205170353258,115.5300005509347159671892945,14.44196663194131075335720902,101.0880339189934052138320855,1.151155293890551105105684780,target,6,8882.529986667776610384185344
ict_order_block,EURUSD,15min,SHORT,2026-04-29T19:30:00,2026-04-29T19:45:00,2026-04-29T23:15:00,1.16995000,1.171035790,1.1691884200,1.1692484200,81807.07122618348493156305864,88.82529986667776610384185344,57.39420503086580935828601068,7.656814638485869455654576036,49.73739039237993990263143464,0.5599462142771622505272658617,target,14,8932.267377060156550286816779
ict_order_block,EURUSD,15min,SHORT,2026-04-30T00:45:00,2026-04-30T01:00:00,2026-04-30T02:45:00,1.17002000,1.170436915,1.1686161700,1.1686761700,214246.7260007473118090454116,89.32267377060156550286816779,287.9111778015842600283494955,20.05383634843154958102554500,267.8573414531527104473239505,2.998760898504491323171389852,target,7,9200.124718513309260734140730
ict_order_block,EURUSD,15min,SHORT,2026-04-30T04:15:00,2026-04-30T04:30:00,2026-04-30T04:30:00,1.16771000,1.168824330,1.1666513400,1.1667113400,82561.94052491909273495410453,92.00124718513309260734140730,82.45130752461570115068926603,7.712672285628261902202660592,74.73863523898743924848660544,0.8123654572702879757342977395,target,0,9274.863353752296699982627335
ict_order_block,EURUSD,15min,SHORT,2026-04-30T09:30:00,2026-04-30T09:45:00,2026-04-30T12:30:00,1.16847000,1.169103025,1.1668739500,1.1669339500,146516.5412701282998299060438,92.74863353752296699982627335,225.0567332179805749537271786,13.69601463823254516018002520,211.3607185797480297935471534,2.278855337466924687018680148,target,11,9486.224072332044729776174488
ict_order_block,EURUSD,15min,LONG,2026-05-01T19:00:00,2026-05-01T19:15:00,2026-05-01T21:15:00,1.17386000,1.172976730,1.1756565400,1.1755965400,107398.9162128459557074979846,94.86224072332044729776174488,186.5025139602555159242985502,10.08570334284890828534428674,176.4168106174066076389542635,1.859715828682056449330329345,target,8,9662.640882949451337415128752
ict_order_block,EURUSD,15min,LONG,2026-05-02T01:45:00,2026-05-02T02:00:00,2026-05-02T02:15:00,1.17556000,1.174891045,1.1775879100,1.174801045,144443.8098668737259967431106,96.62640882949451337415128752,-109.6263517175131487138581675,13.58418921016816618661850649,-123.2105409276813149004766740,-1.275122840848786540200760889,stop,1,9539.430342021770022514652078
ict_order_block,EURUSD,15min,SHORT,2026-05-04T23:30:00,2026-05-04T23:45:00,2026-05-05T01:15:00,1.17153000,1.172506455,1.1700870900,1.1701470900,97694.52091516526642307788969,95.39430342021770022514652078,135.1027299187911985891386444,9.156164967019485165810275208,125.9465649517717134233283692,1.320273438100066055271364272,target,6,9665.376906973541735937980447
ict_order_block,EURUSD,15min,SHORT,2026-05-05T15:30:00,2026-05-05T15:45:00,2026-05-05T16:30:00,1.16834000,1.168823590,1.1674628200,1.168913590,199867.1789526983960780409117,96.65376906973541735937980447,-114.6418151754782730064034865,18.68102558860765152590546550,-133.3228407640859245323089520,-1.379385843379722492193800533,stop,3,9532.054066209455811405671495
ict_order_block,EURUSD,15min,LONG,2026-05-06T20:45:00,2026-05-06T21:00:00,2026-05-06T22:00:00,1.17929000,1.176609390,1.1799412200,1.176519390,35559.27220375010095241632127,95.32054066209455811405671495,-98.52087516043206719977418387,3.354775529372836524174003480,-101.8756506898049037239481874,-1.068769123445782862855842514,stop,4,9430.178415519650907681723308
ict_order_block,EURUSD,15min,LONG,2026-05-07T10:15:00,2026-05-07T10:30:00,2026-05-07T11:30:00,1.17497000,1.174466815,1.1759463700,1.1758863700,187409.7680876745313886885203,94.30178415519650907681723308,171.7366891825023103286524993,17.61606841679799553166138806,154.1206207657043147969911112,1.634334091835010980057036676,target,4,9584.299036285355222478714419
ict_order_block,EURUSD,15min,LONG,2026-05-07T13:00:00,2026-05-07T13:15:00,2026-05-07T16:30:00,1.17543000,1.174554320,1.1772713600,1.174464320,109449.7880080092639146573454,95.84299036285355222478714419,-105.6934712835743859771063053,10.29204514546034632665645468,-115.9855164290347323037627600,-1.210161702905170838662525124,stop,13,9468.313519856320490174951659
ict_order_block,EURUSD,15min,LONG,2026-05-07T19:45:00,2026-05-07T20:00:00,2026-05-07T21:15:00,1.17714000,1.176325450,1.1788891000,1.176235450,116239.8074993103000451163423,94.68313519856320490174951659,-105.1447178735011319058099874,10.94644215997905012760866010,-116.0911600334801820334186475,-1.226101773985636240869191578,stop,5,9352.222359822840308141533012
ict_order_block,EURUSD,15min,LONG,2026-05-08T03:15:00,2026-05-08T03:30:00,2026-05-08T03:30:00,1.17510000,1.174313440,1.1782031200,1.174223440,118900.3046153229290599767724,93.52222359822840308141533012,-104.2232510136074666968132396,11.17757983627727791507029642,-115.4008308498847446118835360,-1.233940195280716029292107404,stop,0,9236.821528972955563529649476
ict_order_block,EURUSD,15min,LONG,2026-05-08T23:15:00,2026-05-08T23:30:00,2026-05-08T23:30:00,1.17779000,1.175697450,1.1786451000,1.1785851000,44141.46151333519181634679924,92.36821528972955563529649476,35.09687604925281101317734008,4.159149756463284445550007734,30.93772629278952656762733235,0.3349390934505746577142720605,target,0,9267.759255265745090097276808
ict_order_block,EURUSD,15min,LONG,2026-05-09T00:30:00,2026-05-09T00:45:00,2026-05-09T06:30:00,1.17743000,1.175659340,1.1787213200,1.1786613200,52340.70490814580489815818287,92.67759255265745090097276808,64.44815676749809248720013373,4.930201294399849204899071140,59.51795547309824328230106259,0.6422043757694870839122135249,target,23,9327.277210738843333379577871
ict_order_block,EURUSD,15min,SHORT,2026-05-11T18:15:00,2026-05-11T18:30:00,2026-05-12T11:15:00,1.17793000,1.178886175,1.1762876500,1.1763476500,97547.80464599935506972654452,93.27277210738843333379577871,154.3547686815970794945817977,9.192358842132961625382639088,145.1624098394641178691991586,1.556321384683766047010223024,target,67,9472.439620578307451248777030
ict_order_block,EURUSD,15min,SHORT,2026-05-14T02:30:00,2026-05-14T02:45:00,2026-05-14T03:45:00,1.17111000,1.172253845,1.17060000,1.17066000,82812.26582778529828122496518,94.72439620578307451248777030,37.26551962250338422655123433,7.758581810686211253610029518,29.50693781181717297294120481,0.3115030445558620267606187901,target,4,9501.946558390124624221718235
ict_order_block,EURUSD,15min,SHORT,2026-05-14T08:00:00,2026-05-14T08:15:00,2026-05-14T16:00:00,1.17170000,1.172186360,1.1709672800,1.1710272800,195368.5861993199404601883016,95.01946558390124624221718235,131.4283553080065103463778743,18.31306979597945393897621064,113.1152855120270564074016637,1.190443293033966609096142776,target,31,9615.061843902151680629119899
ict_order_block,EURUSD,15min,SHORT,2026-05-14T22:45:00,2026-05-14T23:00:00,2026-05-14T23:30:00,1.16971000,1.170727245,1.1687555100,1.1688155100,94520.61051076340193983868094,96.15061843902151680629119899,84.54774089577275540116630171,8.844936265643604710643896280,75.70280463012915069052240543,0.7873355976190593219922437564,target,2,9690.764648532280831319642304
ict_order_block,EURUSD,15min,SHORT,2026-05-15T00:30:00,2026-05-15T00:45:00,2026-05-15T01:00:00,1.16948000,1.170196470,1.1679870600,1.1680470600,135257.0889015908667678987579,96.90764648532280831319642304,193.8152929706456166263928461,12.65443682629059894941777915,181.1608561443550176769750670,1.869417561098161821150920486,target,1,9871.925504676635848996617371
ict_order_block,EURUSD,15min,SHORT,2026-05-15T17:00:00,2026-05-15T17:15:00,2026-05-15T19:00:00,1.16440000,1.165092020,1.1629859600,1.1630459600,142653.7600745157054564408163,98.71925504676635848996617371,193.1588972912972458162391229,13.28848305846128699467837492,179.8704142328359588215607480,1.822039825438571139562440392,target,7,10051.79591890947180781817812
ict_order_block,EURUSD,15min,SHORT,2026-05-15T20:30:00,2026-05-15T20:45:00,2026-05-15T20:45:00,1.16422000,1.165119140,1.1629317200,1.165209140,111793.4461697785862915472354,100.5179591890947180781817812,-110.5793693443747908444210324,10.41217327198237005858760979,-120.9915426163571609030086422,-1.203680850590564317014035634,stop,0,9930.804376293114646915169478
ict_order_block,EURUSD,15min,LONG,2026-05-19T01:00:00,2026-05-19T01:15:00,2026-05-19T02:15:00,1.16402000,1.162408055,1.1655038900,1.1654438900,61607.58820116762449658747338,99.30804376293114646915169478,87.72242876376056884444593747,5.736997185433851061321420060,81.98543157832671778312451741,0.8255668772817931132886047601,target,4,10012.78980787144136469829400
ict_order_block,EURUSD,15min,LONG,2026-05-19T04:45:00,2026-05-19T05:00:00,2026-05-19T05:00:00,1.16340000,1.162445110,1.1654297800,1.1653697800,104858.0444645083869838232048,100.1278980787144136469829400,206.5472788252993305129952724,9.759347914400724593358393320,196.7879309108986059196368791,1.965365644210327891170710764,target,0,10209.57773878233997061793088
ict_order_block,EURUSD,15min,LONG,2026-05-19T15:15:00,2026-05-19T15:30:00,2026-05-19T18:45:00,1.16362000,1.162536030,1.1652479400,1.162446030,94186.90313184257839809156047,102.0957773878233997061793088,-110.5725986696892317620075492,8.767821137781972886046984128,-119.3404198074712046480545333,-1.168906519553124163952876924,stop,13,10090.23731897486876596987635
ict_order_block,EURUSD,15min,SHORT,2026-05-19T20:45:00,2026-05-19T21:00:00,2026-05-20T00:15:00,1.16211000,1.162910965,1.1597580700,1.1598180700,125976.0079276231641328881580,100.9023731897486876596987635,288.7281918495573585710903560,11.71183828582161242163765258,277.0163535637357461494527034,2.745389873465132683700286529,target,13,10367.25367253860451211932905
ict_order_block,EURUSD,15min,SHORT,2026-05-22T17:15:00,2026-05-22T17:30:00,2026-05-22T18:15:00,1.16063000,1.161363500,1.1591630000,1.161453500,141339.5183713511180929697212,103.6725367253860451211932905,-116.3930933788076457495605654,13.12343081658729985537947580,-129.5165241953949456049400412,-1.249284798909338786639400136,stop,3,10237.73714834320956651438901
ict_order_block,EURUSD,15min,SHORT,2026-05-22T20:00:00,2026-05-22T20:15:00,2026-05-22T23:00:00,1.16071000,1.161388595,1.1591128100,1.161478595,150866.6752384442792315650574,102.3773714834320956651438901,-115.9553722548920807959847453,14.00899668928117274774959022,-129.9643689441732535437343355,-1.269463818625247754551683994,stop,11,10107.77277939903631297065467
ict_order_block,EURUSD,15min,SHORT,2026-05-23T03:00:00,2026-05-23T03:15:00,2026-05-23T06:15:00,1.16122000,1.162060465,1.1604090700,1.1604690700,120264.0535822316968936321521,101.0777277939903631297065467,90.30988575650524814833519198,11.17224194406072728534588222,79.13764381244452086298930976,0.7829384923821931906742101100,target,12,10186.91042321148083383364398
ict_order_block,EURUSD,15min,SHORT,2026-05-24T17:45:00,2026-05-24T18:00:00,2026-05-24T21:30:00,1.16078000,1.161022250,1.16041000,1.161112250,420512.2981717845545442164698,101.8691042321148083383364398,-139.7152110675754182473159221,39.04978123774752601790684750,-178.7649923053229442652227696,-1.754849948400412796697626419,stop,14,10008.14543090615788956842121
ict_order_block,EURUSD,15min,SHORT,2026-05-25T00:00:00,2026-05-25T00:15:00,2026-05-25T02:30:00,1.16028000,1.160516420,1.1600471600,1.1601071600,423320.5917818356268322655110,100.0814543090615788956842121,73.16673108357246974168877092,39.29363329861025928807528216,33.87309778496221045361348876,0.3384552914305050334151087050,target,9,10042.01852869112010002203470
ict_order_block,EURUSD,15min,LONG,2026-05-25T05:00:00,2026-05-25T05:15:00,2026-05-25T05:15:00,1.16333000,1.159686865,1.1622462700,1.159596865,27564.22292528583239441314884,100.4201852869112010002203470,-102.9009653501869259157175304,2.565302996453821391951411876,-105.4662683466407473076689423,-1.050249688798246565114935351,stop,0,9936.552260344479352714365758
ict_order_block,EURUSD,15min,LONG,2026-05-25T06:15:00,2026-05-25T06:30:00,2026-05-25T06:45:00,1.16312000,1.158883845,1.1638523100,1.1637923100,23456.53608129183033367373422,99.36552260344479352714365758,15.77006377281331045163218825,2.182621299749772295816207500,13.58744247306353815581598075,0.1367420219515102728771728135,target,1,9950.139702817542890870181739
ict_order_block,EURUSD,15min,LONG,2026-05-27T23:45:00,2026-05-28T00:00:00,2026-05-28T00:45:00,1.16401000,1.163051235,1.1657775300,1.162961235,103780.7982437567380001374867,99.50139702817542890870181739,-108.8416688701135353287141912,9.664150957097222447963202872,-118.5058198272107577766773941,-1.190996542426976370643484066,stop,3,9831.633882990332133093504345
ict_order_block,EURUSD,15min,SHORT,2026-05-28T16:45:00,2026-05-28T17:00:00,2026-05-28T17:00:00,1.16112000,1.161533430,1.15865000,1.161623430,237806.4940374508897054762437,98.31633882990332133093504345,-119.7189232932739014044279054,22.08975010854119816438580608,-141.8086734018150995688137115,-1.442371380886728103911182062,stop,0,9689.825209588517033524690634
ict_order_block,EURUSD,15min,LONG,2026-05-29T11:15:00,2026-05-29T11:30:00,2026-05-29T11:45:00,1.16560000,1.164810365,1.1667292700,1.164720365,122712.7116906990829120377217,96.89825209588517033524690634,-107.9423961480480877973303013,11.44271493973430808338169347,-119.3851110877823958807119948,-1.232066714368030799040062814,stop,1,9570.440098500734637643978639
ict_order_block,EURUSD,15min,LONG,2026-05-29T13:15:00,2026-05-29T13:30:00,2026-05-29T18:45:00,1.16410000,1.162748945,1.1664421100,1.162658945,70836.79123722375948902138432,95.70440098500734637643978639,-102.0797121963574847304517110,6.596888694340174273693583480,-108.6766008906976590041452945,-1.135544444896765860753263191,stop,21,9461.763497610036978639833344
ict_order_block,EURUSD,15min,SHORT,2026-06-02T16:00:00,2026-06-02T16:15:00,2026-06-02T16:30:00,1.16458000,1.165039745,1.1639005100,1.165129745,205804.5981491922039095549347,94.61763497610036978639833344,-113.1400488095276681382582776,19.17407351300690054631915887,-132.3141223225345686845774365,-1.398408683074312934344038544,stop,1,9329.449375287502409955255908
ict_order_block,EURUSD,15min,SHORT,2026-06-03T17:30:00,2026-06-03T17:45:00,2026-06-03T18:30:00,1.16200000,1.162709550,1.1609709000,1.1610309000,131484.0303754140287499859898,93.29449375287502409955255908,127.4211738368137352616114227,12.22275546369848811259869761,115.1984183731152471490127251,1.234782608695652173913043478,target,3,9444.647793660617657104268633
ict_order_block,EURUSD,15min,SHORT,2026-06-03T20:00:00,2026-06-03T20:15:00,2026-06-03T22:15:00,1.16139000,1.162746340,1.1608973200,1.1609573200,69633.33525266981477435059523,94.44647793660617657104268633,30.12895149712517545656601554,6.469716738327855694462643024,23.65923475879731976210337252,0.2505041508766238553754958196,target,8,9468.307028419414976866372006
ict_order_block,EURUSD,15min,SHORT,2026-06-04T14:30:00,2026-06-04T14:45:00,2026-06-04T16:30:00,1.16099000,1.161327705,1.1601645900,1.161417705,280372.1303628733651224107433,94.68307028419414976866372006,-119.9165620168527526296806870,26.04073917039938785387741192,-145.9573011872521404835580989,-1.541535363705008809463881198,stop,7,9322.349727232162836382813907
ict_order_block,EURUSD,15min,SHORT,2026-06-08T02:00:00,2026-06-08T02:15:00,2026-06-08T03:00:00,1.15202000,1.152279355,1.1517712900,1.152369355,359443.6092318313830997209966,93.22349727232162836382813907,-125.5734221031864528428030288,33.12689813658035119668324660,-158.7003202397668040394862754,-1.702363941315956893061633669,stop,3,9163.649406992396032343327632
ict_order_block,EURUSD,15min,SHORT,2026-06-08T05:45:00,2026-06-08T06:00:00,2026-06-08T10:30:00,1.15151000,1.152655915,1.1495481700,1.152745915,79967.96801675862548568897023,91.63649406992396032343327632,-98.83361119143223661714528364,7.366713188078217986642056488,-106.2003243795104546037873401,-1.158930461683458197161220509,stop,18,9057.449082612885577739540292
ict_order_block,EURUSD,15min,SHORT,2026-06-08T21:00:00,2026-06-08T21:15:00,2026-06-08T21:30:00,1.15289000,1.154365085,1.1508698300,1.154455085,61402.89598642034579525613976,90.57449082612885577739540292,-96.10075146490668689896845550,5.663262780302732197111428078,-101.7640142452094190960798836,-1.123539457048237898155021575,stop,1,8955.685068367676158643460408
ict_order_block,EURUSD,15min,LONG,2026-06-10T23:45:00,2026-06-11T00:00:00,2026-06-11T01:45:00,1.15638000,1.154575715,1.1598085700,1.154485715,49635.64552367101737609890016,89.55685068367676158643460408,-94.02405878080715315028350509,4.591813421653015285869859694,-98.61587220246016843615336478,-1.101153864273105412947511064,stop,7,8857.069196165215990207307043
ict_order_block,EURUSD,15min,LONG,2026-06-12T19:45:00,2026-06-12T20:00:00,2026-06-12T20:15:00,1.15857000,1.157187650,1.1601347000,1.157097650,64072.55178619897992698887433,88.57069196165215990207307043,-94.33722162241006809550206912,5.938602905834924173920920010,-100.2758245282449922694229891,-1.132155821608131081129959851,stop,1,8756.793371636970997937884054
ict_order_block,EURUSD,15min,LONG,2026-06-15T05:45:00,2026-06-15T06:00:00,2026-06-15T06:00:00,1.15715000,1.156277950,1.1611141000,1.156187950,100416.1845265405767781421255,87.56793371636970997937884054,-96.60539032375836188941163184,9.295727033990914273506172840,-105.9011173577492761629178047,-1.209359555071383521587064962,stop,0,8650.892254279221721774966249
ict_order_block,EURUSD,15min,SHORT,2026-06-16T16:30:00,2026-06-16T16:45:00,2026-06-16T17:00:00,1.15839000,1.158976730,1.1576965400,1.159066730,147442.4736127217241623057667,86.50892254279221721774966249,-99.77874516793717239235718150,13.66367096065925744418987017,-113.4424161285964298365470517,-1.311337753310722137951016652,stop,1,8537.449838150625291938419197
ict_order_block,EURUSD,15min,LONG,2026-06-17T04:30:00,2026-06-17T04:45:00,2026-06-17T20:15:00,1.16083000,1.159823745,1.1627525100,1.159733745,84843.80040994206530092689425,85.37449838150625291938419197,-93.01044041840103879646761246,7.879138306389843813061997332,-100.8895787247908826095296098,-1.181729680846306353757248411,stop,62,8436.560259425834409328889587
ict_order_block,EURUSD,15min,SHORT,2026-06-18T04:00:00,2026-06-18T04:15:00,2026-06-18T04:15:00,1.15452000,1.160920425,1.1588491500,1.1589091500,13181.25008796421239109729368,84.36560259425834409328889587,-57.85448382358812281638468656,1.217441348124515399181571800,-59.07192517171263821556625836,-0.7001896905283633508712312076,target,0,8377.488334254121771113323329
ict_order_block,EURUSD,15min,SHORT,2026-06-19T18:15:00,2026-06-19T18:30:00,2026-06-19T18:30:00,1.14571000,1.146136025,1.1445879500,1.146226025,196643.1156447185440082934882,83.77488334254121771113323329,-101.4727637505658866718796472,18.02367872202483864445935459,-119.4964424725907253163390018,-1.426399389707176808872718737,stop,0,8257.991891781531045796984327
ict_order_block,EURUSD,15min,SHORT,2026-06-22T06:00:00,2026-06-22T06:15:00,2026-06-22T06:45:00,1.14662000,1.148340540,1.1453689200,1.1454289200,47996.51209377015963474830185,82.57991891781531045796984327,57.16768562464776173775600737,4.402700855756699235231607830,52.76498476889106250252439954,0.6389566066467504388157206458,target,2,8310.756876550422108299508727
ict_order_block,EURUSD,15min,SHORT,2026-06-22T07:45:00,2026-06-22T08:00:00,2026-06-22T17:30:00,1.14653000,1.148073040,1.1445839200,1.1446439200,53859.63342849454394117786141,83.10756876550422108299508727,101.5835774168149894365767408,4.940134841181747957190292276,96.64344257563324147938644852,1.162871733720447946909995852,target,38,8407.400319126055349778895176
ict_order_block,EURUSD,15min,SHORT,2026-06-22T18:30:00,2026-06-22T18:45:00,2026-06-23T04:30:00,1.14466000,1.146646290,1.1425174200,1.1425774200,42327.15423793129578147649727,84.07400319126055349778895176,88.14968487283095796858732368,3.876016029599234962337990990,84.27366884323172300624933269,1.002374879801036102482517659,target,39,8491.673987969287072785144509
ict_order_block,EURUSD,15min,SHORT,2026-06-23T23:30:00,2026-06-23T23:45:00,2026-06-24T00:15:00,1.13987000,1.140557580,1.13839000,1.13845000,123500.8869945211767763044956,84.91673987969287072785144509,175.3712595322200710223523838,11.26199648467558830176049643,164.1092630475444827205918874,1.932590244044329387125861719,target,2,8655.783251016831555505736396
ict_order_block,EURUSD,daily,LONG,2007-07-27T00:00:00,2007-07-30T00:00:00,2007-08-03T00:00:00,1.36316000,1.357980275,1.3757394500,1.3756794500,19306.04423980037550256046412,100.00,241.7010555579688110855306025,2.105378181274102389605625782,239.5956773766947086959249767,2.395956773766947086959249767,target,4,10239.59567737669470869592498
ict_order_block,EURUSD,daily,LONG,2007-08-10T00:00:00,2007-08-13T00:00:00,2007-08-14T00:00:00,1.36915000,1.354587375,1.3873252500,1.354497375,7031.421654665072202776577011,102.3959567737669470869592498,-103.0287847226868035852091417,0.7701656766787746885145240332,-103.7989503993655782737236657,-1.013701650629608329542235688,stop,1,10135.79672697732913042220131
ict_order_block,EURUSD,daily,LONG,2007-11-30T00:00:00,2007-12-03T00:00:00,2007-12-06T00:00:00,1.46625000,1.456936135,1.4930977300,1.456846135,10882.48189873627020621643250,101.3579672697732913042220131,-102.3373906406595556227814920,1.276515126721764495189187532,-103.6139057673813201179706795,-1.022257140295677465799643864,stop,3,10032.18282120994781030423063
ict_order_block,EURUSD,daily,SHORT,2010-04-28T00:00:00,2010-04-29T00:00:00,2010-05-06T00:00:00,1.32114000,1.346571930,1.2696161400,1.2696761400,3944.719422084736711018090499,100.3218282120994781030423063,203.0104880774497982326954669,0.4169221293834423246715552066,202.5935659480663559080239117,2.019436542959971972241194436,target,5,10234.77638715801416621225454
ict_order_block,EURUSD,daily,SHORT,2010-08-02T00:00:00,2010-08-03T00:00:00,2010-08-12T00:00:00,1.31745000,1.334530535,1.2865889300,1.2866489300,5992.070147192704541287643824,102.3477638715801416621225454,184.5621720485927960655186076,0.6315402252335222878335525084,183.9306318233592737776850551,1.797114317555041455083227780,target,7,10418.70701898137343998993960
ict_order_block,EURUSD,daily,SHORT,2025-08-22T00:00:00,2025-08-23T00:00:00,2025-08-25T00:00:00,1.17146000,1.177827805,1.1663743900,1.1664343900,16361.53591226705817780214627,104.1870701898137343998993960,82.22669849604845024894424432,1.533350788782749437837448182,80.69334770726570081110679614,0.7745044328461691273523608216,target,1,10499.40036668863914080104640
ict_order_block,EURUSD,daily,SHORT,2025-09-05T00:00:00,2025-09-06T00:00:00,2025-09-09T00:00:00,1.17102000,1.177602395,1.1668252100,1.177692395,15950.72973695537739804591854,104.9940036668863914080104640,-106.4295693432123753738345966,1.494289882925558883252778522,-107.9238592261379342570873751,-1.027904979874346647382905461,stop,2,10391.47650746250120654395902
ict_order_block,EURUSD,daily,LONG,2025-09-19T00:00:00,2025-09-20T00:00:00,2025-09-25T00:00:00,1.17448000,1.166693220,1.1908935600,1.166603220,13345.02388337990954739180896,103.9147650746250120654395902,-105.1158172241292039247048530,1.253877092044162893217658543,-106.3696943161733668179225115,-1.023624450671522760370782274,stop,4,10285.10681314632783972603651
ict_order_block,EURUSD,daily,LONG,2026-02-17T00:00:00,2026-02-18T00:00:00,2026-02-18T00:00:00,1.18489000,1.178764745,1.1885905100,1.178674745,16791.31205663491208076404413,102.8510681314632783972603651,-104.3622862165604204845291291,1.591668619422891278030120660,-105.9539548359833117625592498,-1.030168735832222495226729337,stop,0,10179.15285831034452796347726
ict_order_block,EURUSD,daily,LONG,2026-03-03T00:00:00,2026-03-04T00:00:00,2026-03-09T00:00:00,1.16147000,1.153382450,1.1752451000,1.153292450,12586.20083747283729678762698,101.7915285831034452796347726,-102.9242866584760006363456590,1.169479574935966106807994009,-104.0937662334119667431536530,-1.022617183201340331744471440,stop,5,10075.05909207693256122032361
ict_order_block,EURUSD,daily,LONG,2026-03-11T00:00:00,2026-03-12T00:00:00,2026-03-12T00:00:00,1.15740000,1.153120760,1.1757684800,1.153030760,23544.03840886917434222040271,100.7505909207693256122032361,-102.8695543775675513030030723,2.179989604354014590694871528,-105.0495439819215658936979438,-1.042669259027303913779082266,stop,0,9970.009548095010995326625666
ict_order_block,EURUSD,daily,SHORT,2026-06-15T00:00:00,2026-06-16T00:00:00,2026-06-19T00:00:00,1.15890000,1.166807405,1.1448551900,1.1449151900,12608.44682686040615767957461,99.70009548095010995326625666,176.3267332687456766379788918,1.168954322211881975690788722,175.1577789465337946622881031,1.756846651967364767581779358,target,3,10145.16732704154478998891377
ict_fvg,EURUSD,15min,SHORT,2026-01-17T12:30:00,2026-01-17T12:45:00,2026-01-17T14:15:00,1.15971000,1.160331415,1.1590521700,1.160421415,160923.0546414232034952487468,100.00,-114.4830749177280883145723872,14.92992605585639226603799394,-129.4130009735844805806103811,-1.294130009735844805806103811,stop,6,9870.586999026415519419389619
ict_fvg,EURUSD,15min,SHORT,2026-01-19T04:00:00,2026-01-19T04:15:00,2026-01-19T04:30:00,1.15891000,1.160496085,1.1589328300,1.1589928300,62232.39611386789181802608069,98.70586999026415519419389619,-5.154709370111677479287100264,5.769739694425811080546288414,-10.92444906453748855983338868,-0.1106767922274026927938918785,target,1,9859.662549961878030859556230
ict_fvg,EURUSD,15min,LONG,2026-01-23T04:00:00,2026-01-23T04:15:00,2026-01-23T08:30:00,1.17388000,1.173049355,1.1755262900,1.1754662900,118698.8731643707965600172905,98.59662549961878030859556230,188.2908355119097508751898277,11.14705865841532725326984776,177.1437768534944236219199799,1.796651517796411222604120893,target,17,10036.80632681537245448147621
ict_fvg,EURUSD,15min,LONG,2026-01-23T20:00:00,2026-01-23T20:15:00,2026-01-23T21:00:00,1.17388000,1.173333120,1.1747337600,1.173243120,183528.4948583852482168204398,100.3680632681537245448147621,-116.8856278054083968843286017,17.23523436354890201414089423,-134.1208621689572988984694959,-1.336290228203627852545348157,stop,3,9902.685464646415155583006714
ict_fvg,EURUSD,15min,LONG,2026-01-28T02:30:00,2026-01-28T02:45:00,2026-01-28T03:30:00,1.19513000,1.194146770,1.1982064600,1.1981464600,100715.8596121600760308677188,99.02685464646415155583006714,303.8053618856963829440712391,9.629483623862469733341674944,294.1758782618339132107295642,2.970667697283443344893870205,target,3,10196.86134290824906879373628
ict_fvg,EURUSD,15min,LONG,2026-01-28T12:00:00,2026-01-28T12:15:00,2026-01-28T16:00:00,1.20094000,1.198523545,1.2053229100,1.198433545,42197.60493329380877688074589,101.9686134290824906879373628,-105.7663978730789334778566299,4.054143333487189337000573038,-109.8205412065661228148572029,-1.077003378916636146752163810,stop,15,10087.04080170168294597887908
ict_fvg,EURUSD,15min,LONG,2026-01-30T00:45:00,2026-01-30T01:00:00,2026-01-30T02:00:00,1.19553000,1.194728385,1.19845000,1.194638385,125833.9826687584806419400720,100.8704080170168294597887908,-112.1954664572050927175633973,12.03506410399846610894868914,-124.2305305612035588265120864,-1.231585486798525476693924140,stop,4,9962.810271140479387152366994
ict_fvg,EURUSD,15min,SHORT,2026-01-30T13:15:00,2026-01-30T13:30:00,2026-01-30T13:30:00,1.19087000,1.193303210,1.1902035800,1.1902635800,40945.13120996740678836749394,99.62810271140479387152366994,24.82994646834843482460181568,3.900826272321110857765055800,20.92912019602732396683675988,0.2100724557272080913690145939,target,0,9983.739391336506711119203754
ict_fvg,EURUSD,15min,SHORT,2026-01-30T14:45:00,2026-01-30T15:00:00,2026-01-30T15:00:00,1.19204000,1.193217275,1.1903754500,1.193307275,84803.80022795444319397934853,99.83739391336506711119203754,-107.4697359338809669986501789,8.087161761898465157196091408,-115.5568976957794321558462703,-1.157451062835786031301097874,stop,0,9868.182493640727278963357484
ict_fvg,EURUSD,15min,SHORT,2026-02-03T08:00:00,2026-02-03T08:15:00,2026-02-03T11:00:00,1.17936000,1.180076095,1.1775978100,1.180166095,137805.4935956922933264910031,98.68182493640727278963357484,-111.0843193600195791890177651,13.00178295416125304460243435,-124.0861023141808322336201994,-1.257436234019229292202850180,stop,11,9744.096391326546446729737285
ict_fvg,EURUSD,15min,SHORT,2026-02-03T18:00:00,2026-02-03T18:15:00,2026-02-03T19:15:00,1.18176000,1.182370725,1.1805985500,1.1806585500,159549.6564137139702276759144,97.44096391326546446729737285,175.7359690568852525072736359,15.08395215707764971650066309,160.6520168998076027907729728,1.648711285766916369888247574,target,4,9904.748408226354049520510258
ict_fvg,EURUSD,15min,SHORT,2026-02-05T18:00:00,2026-02-05T18:15:00,2026-02-05T19:00:00,1.17978000,1.180527380,1.1790502400,1.180617380,132526.2705481328648013127226,99.04748408226354049520510258,-110.9748484315954983273232477,12.50814747738209529882341791,-123.4829959089775936261466656,-1.246705022879927212395300919,stop,3,9781.265412317376455894363592
ict_fvg,EURUSD,15min,SHORT,2026-02-06T03:30:00,2026-02-06T03:45:00,2026-02-06T03:45:00,1.17950000,1.180185435,1.1782791300,1.180275435,142701.5750919835791270414203,97.81265412317376455894363592,-110.6557958814522866803773638,13.46532062567957052642762842,-124.1211165071318572068049922,-1.268967881710154865158621897,stop,0,9657.144295810244598687558600
ict_fvg,EURUSD,15min,LONG,2026-02-10T16:30:00,2026-02-10T16:45:00,2026-02-10T17:00:00,1.19055000,1.190191675,1.19100000,1.19094000,269507.9689056092820397002330,96.57144295810244598687558600,105.1081078731876199954830909,25.66901699044585045858920900,79.43909088274176953689388190,0.8225940138142747505755947814,target,1,9736.583386692986368224452482
ict_fvg,EURUSD,15min,LONG,2026-02-11T03:15:00,2026-02-11T03:30:00,2026-02-11T03:45:00,1.19047000,1.189991160,1.1918476800,1.189901160,203336.8846941146597657767204,97.36583386692986368224452482,-115.6661534894001830611644296,19.36531688974421432090913698,-135.0314703791443973820735666,-1.386846545819062734942778381,stop,1,9601.551916313841970842378915
ict_fvg,EURUSD,15min,SHORT,2026-02-12T04:00:00,2026-02-12T04:15:00,2026-02-12T15:45:00,1.18883000,1.190224760,1.1862054800,1.1862654800,68840.17261976140677136123000,96.01551916313841970842378915,176.5419994868305228932913016,6.547140993244076256959789684,169.9948584935864466363315119,1.770493561616335426883478161,target,46,9771.546774807428417478710427
ict_fvg,EURUSD,15min,SHORT,2026-02-12T17:45:00,2026-02-12T18:00:00,2026-02-12T18:00:00,1.18614000,1.186618725,1.1856775500,1.186708725,204116.0744646180671048871571,97.71546774807428417478710427,-116.0859144498899102142269484,19.36881924523696592926326820,-135.4547336951268761434902166,-1.386215885947046843177189409,stop,0,9636.092041112301541335220210
ict_fvg,EURUSD,15min,SHORT,2026-02-13T18:30:00,2026-02-13T18:45:00,2026-02-13T18:45:00,1.18523000,1.185661420,1.1848621600,1.185751420,223357.5643482523188849663949,96.36092041112301541335220210,-116.4631012024657241129991776,21.17840687939832767296229762,-137.6415080818640517859614752,-1.428395531037040471002735153,stop,0,9498.450533030437489549258735
ict_fvg,EURUSD,15min,SHORT,2026-02-14T15:00:00,2026-02-14T15:15:00,2026-02-15T01:45:00,1.18630000,1.187133280,1.1859984400,1.1860584400,113988.7016732723393043065804,94.98450533030437489549258735,27.53511077619566628234829756,10.81798374360023808933591170,16.71712703259542819301238586,0.1759984639016897081413210445,target,42,9515.167660063032917742271121
ict_fvg,EURUSD,15min,LONG,2026-02-16T04:30:00,2026-02-16T04:45:00,2026-02-16T04:45:00,1.18683000,1.186479200,1.1872766000,1.186389200,271241.9515411354879630065884,95.15167660063032917742271121,-119.5634522393325230940933042,25.75344682780526649433080874,-145.3168990671377895884241129,-1.527213226909920182440136830,stop,0,9369.850760995895128153847008
ict_fvg,EURUSD,15min,SHORT,2026-02-18T23:15:00,2026-02-18T23:30:00,2026-02-18T23:30:00,1.18417000,1.184568120,1.1834037600,1.184658120,235352.4254243920207011415404,93.69850760995895128153847008,-114.8802258981542331446412087,22.29578252918418393229366224,-137.1760084273384170769348709,-1.464014869888475836431226765,stop,0,9232.674752568556711076912137
ict_fvg,EURUSD,15min,SHORT,2026-02-20T02:00:00,2026-02-20T02:15:00,2026-02-20T02:45:00,1.17653000,1.177158540,1.17523000,1.177248540,146890.8065130072344015800448,92.32674752568556711076912137,-105.5469201118562182069113254,13.82571524693987211923927761,-119.3726353587960903261506030,-1.292936646832341617080854043,stop,2,9113.302117209760620750761534
ict_fvg,EURUSD,15min,LONG,2026-02-23T06:00:00,2026-02-23T06:15:00,2026-02-23T06:15:00,1.17881000,1.178436330,1.17954000,1.178346330,243886.3734634774164570546614,91.13302117209760620750761534,-113.0827947838105736886425349,22.99965567219854506349924844,-136.0824504560091187521417833,-1.493228784756603420130061284,stop,0,8977.219666753751501998619751
ict_fvg,EURUSD,15min,LONG,2026-02-23T11:15:00,2026-02-23T11:30:00,2026-02-23T12:30:00,1.18274000,1.182175250,1.18375000,1.182085250,158959.1795795263656839065029,89.77219666753751501998619751,-104.0785228296948879315377828,15.04059040447112109991868618,-119.1191132341660090314564690,-1.326904293935369632580787960,stop,4,8858.100553519585492967163282
ict_fvg,EURUSD,15min,LONG,2026-02-23T19:30:00,2026-02-23T19:45:00,2026-02-23T20:45:00,1.18123000,1.180097300,1.1830154000,1.180007300,78203.41267343149547953706438,88.58100553519585492967163282,-95.61931267580468952282996862,7.390097372178998832423485324,-103.0094100479836883552534539,-1.162883729142756246137547453,stop,4,8755.091143471601804611909828
ict_fvg,EURUSD,15min,SHORT,2026-02-24T12:45:00,2026-02-24T13:00:00,2026-02-24T13:00:00,1.17800000,1.178483025,1.17752000,1.178573025,181255.4452351659190437743352,87.55091143471601804611909828,-103.8639015058809507600587884,17.08151315896203621068529335,-120.9454146648429869707440818,-1.381429532632886496558149164,stop,0,8634.145728806758817641165746
ict_fvg,EURUSD,15min,LONG,2026-02-25T21:30:00,2026-02-25T21:45:00,2026-02-25T22:15:00,1.17819000,1.177786910,1.1788311800,1.177696910,214198.9562828836939056083194,86.34145728806758817641165746,-105.6193633535271206279164062,20.18936546423445914581189326,-125.8087288177615797737282995,-1.457106849586940881688952840,stop,2,8508.336999988997237867437446
ict_fvg,EURUSD,15min,SHORT,2026-02-27T07:30:00,2026-02-27T07:45:00,2026-02-27T15:30:00,1.18020000,1.181108500,1.1783830000,1.181198500,93652.58117764443850156783100,85.08336999988997237867437446,-93.51210230587797184381547925,8.842302104468477305564028328,-102.3544044103464491493795076,-1.202989543203082003302146395,stop,31,8405.982595578650788718057938
ict_fvg,EURUSD,15min,LONG,2026-02-27T19:45:00,2026-02-27T20:00:00,2026-02-27T20:30:00,1.18098000,1.180434120,1.1815917600,1.180344120,153989.5690550789695302641228,84.05982595578650788718057938,-97.91888717074361514490435041,14.54868810101337291486810590,-112.4675752717569880597724563,-1.337946801494834029457023521,stop,2,8293.515020306893800658285482
ict_fvg,EURUSD,15min,SHORT,2026-03-03T03:45:00,2026-03-03T04:00:00,2026-03-03T04:15:00,1.16899000,1.169898645,1.1664377100,1.169988645,91273.43484316640492885874552,82.93515020306893800658285482,-91.14975933895391445018014192,8.535818607785047655822926792,-99.68557794673896210600306871,-1.201970186376417632848912392,stop,1,8193.829442360154838552282413
ict_fvg,EURUSD,15min,SHORT,2026-03-03T12:15:00,2026-03-03T12:30:00,2026-03-03T16:30:00,1.17042000,1.171250360,1.1674542800,1.1675142800,98678.03654270623390520114665,81.93829442360154838552282413,286.7307443428723579830210758,9.239579802425138422986042088,277.4911645404472195600350337,3.386587022496266679512500602,target,16,8471.320606900602058112317447
ict_fvg,EURUSD,15min,SHORT,2026-03-05T17:30:00,2026-03-05T17:45:00,2026-03-05T17:45:00,1.15989000,1.160702455,1.1585050900,1.160792455,104268.1823227206683214740194,84.71320606900602058112317447,-94.09734247805088073005583618,9.675169759544038078351560032,-103.7725122375949188084073962,-1.224986245392052482906745604,stop,0,8367.548094663007139303910051
ict_fvg,EURUSD,15min,SHORT,2026-03-05T19:45:00,2026-03-05T20:00:00,2026-03-05T20:00:00,1.15993000,1.160650220,1.15880000,1.160740220,116180.4461784316894741038856,83.67548094663007139303910051,-94.13172110268892344570845019,10.78089479485986156573578560,-104.9126158975487850114442358,-1.253803560023326205881536197,stop,0,8262.635478765458354292465815
ict_fvg,EURUSD,15min,SHORT,2026-03-07T01:30:00,2026-03-07T01:45:00,2026-03-07T01:45:00,1.15645000,1.157130610,1.1546387800,1.157220610,121400.4419383414636031275740,82.62635478765458354292465815,-93.55239456210531526720613980,11.23148328636759884670695064,-104.7838778484729141139130904,-1.268165322284421327926418947,stop,0,8157.851600916985440178552725
ict_fvg,EURUSD,15min,SHORT,2026-03-07T03:00:00,2026-03-07T03:15:00,2026-03-07T03:45:00,1.15891000,1.160851495,1.15719000,1.160941495,42018.40128827004674324967474,81.57851600916985440178552725,-85.36017212511415860867799799,3.895643634959123189697558444,-89.25581576007328179837555643,-1.094109333271525293652571858,stop,2,8068.595785156912158380177169
ict_fvg,EURUSD,15min,LONG,2026-03-09T02:00:00,2026-03-09T02:15:00,2026-03-09T04:45:00,1.16187000,1.161448510,1.1620379800,1.1619779800,191430.3016716152733962888128,80.68595785156912158380177169,20.67064397450101722133126601,17.79336996825597101607568663,2.87727400624504620525557938,0.03566015801086621272153550510,target,10,8071.473059163157204585432748
ict_fvg,EURUSD,15min,SHORT,2026-03-09T20:00:00,2026-03-09T20:15:00,2026-03-09T20:30:00,1.15424000,1.155594795,1.1504054100,1.155684795,59577.08036391599618086450532,80.71473059163157204585432748,-86.07666782438401170213213296,5.501299939139711954544083730,-91.57796776352372365667621669,-1.134588037304536848748334619,stop,1,7979.895091399633480928756531
ict_fvg,EURUSD,15min,LONG,2026-03-10T21:15:00,2026-03-10T21:30:00,2026-03-10T21:30:00,1.16454000,1.163803170,1.1652336600,1.163713170,108300.3554605490205465135314,79.79895091399633480928756531,-89.54598290544574665847378317,10.08960767584222051097894943,-99.63559058128796716945273260,-1.248582712430275640242661130,stop,0,7880.259500818345513759303798
ict_fvg,EURUSD,15min,LONG,2026-03-11T05:15:00,2026-03-11T05:30:00,2026-03-11T06:30:00,1.16362000,1.161452205,1.1640555900,1.161362205,36351.49772380850363507298337,78.80259500818345513759303798,-82.07422980332622046474960649,3.383946382510244079987489992,-85.45817618583646454473709648,-1.084458908706773472583892850,stop,4,7794.801324632509049214566702
ict_fvg,EURUSD,15min,LONG,2026-03-11T12:00:00,2026-03-11T12:15:00,2026-03-11T14:30:00,1.16184000,1.160937105,1.1630457900,1.1629857900,86331.20489793950624618108088,77.94801324632509049214566702,98.91743126001010686181182066,8.024243767889762874965042160,90.89318749212034398684677850,1.166074460485438506138587543,target,9,7885.694512124629393201413480
ict_fvg,EURUSD,15min,SHORT,2026-03-13T19:30:00,2026-03-13T19:45:00,2026-03-13T20:15:00,1.14449000,1.145799980,1.1426350400,1.145889980,60197.06035301782770119706774,78.85694512124629393201413480,-84.27468055301789842512187089,5.511594688274029890059442564,-89.78627524129192831518131345,-1.138596925143895326646208339,stop,2,7795.908236883337464886232167
ict_fvg,EURUSD,15min,SHORT,2026-03-13T21:15:00,2026-03-13T21:30:00,2026-03-13T23:00:00,1.14538000,1.147115070,1.1445648600,1.147205070,44931.37589194290411848647125,77.95908236883337464886232167,-82.00290619910823601952610408,4.117079945529085081538562756,-86.11998614463732110106466684,-1.104681886033416519218244797,stop,6,7709.788250738700143785167500
ict_fvg,EURUSD,15min,SHORT,2026-03-14T00:45:00,2026-03-14T01:00:00,2026-03-14T02:15:00,1.14795000,1.149498895,1.14530000,1.14536000,49776.05486968903730585460925,77.09788250738700143785167500,128.9199821124946066221634380,4.571233775012762430020463896,124.3487483374818441921429741,1.612868528854441392089199075,target,5,7834.136999076181987977310474
ict_fvg,EURUSD,15min,SHORT,2026-03-14T22:30:00,2026-03-14T22:45:00,2026-03-16T05:00:00,1.14326000,1.147572520,1.1394049600,1.1394649600,18166.03053220896827835537105,78.34136999076181987977310474,68.94081251095432297508976735,1.661479685300258005913004921,67.27933282565406496917676243,0.8587969910864181499448118504,target,121,7901.416331901836052946487236
ict_fvg,EURUSD,15min,SHORT,2026-03-16T10:45:00,2026-03-16T11:00:00,2026-03-16T11:15:00,1.14345000,1.144783565,1.1408878700,1.144873565,59250.32774481810825079007949,79.01416331901836052946487236,-84.34669281605199027203597951,5.419982980784981270349273312,-89.76667579683697154238525282,-1.136083355516978924911796575,stop,1,7811.649656104999081404101983
ict_fvg,EURUSD,15min,LONG,2026-03-17T06:45:00,2026-03-17T07:00:00,2026-03-17T09:30:00,1.15080000,1.150163665,1.1533026700,1.150073665,122760.0187967815550206118158,78.11649656104999081404101983,-89.16489825276033076589608323,11.30177837050689708141760621,-100.4666766232672278473136894,-1.286113446533665443516386808,stop,10,7711.182979481731853556788294
ict_fvg,EURUSD,15min,LONG,2026-03-18T20:15:00,2026-03-18T20:30:00,2026-03-18T20:30:00,1.15342000,1.152366790,1.15377000,1.15371000,73216.00610971916192930933331,77.11182979481731853556788294,21.23264177181855695949970666,6.755904461365782060200317698,14.47673731045277489929938896,0.1877369185632494944028256473,target,0,7725.659716792184628456087683
ict_fvg,EURUSD,15min,LONG,2026-03-18T23:15:00,2026-03-18T23:30:00,2026-03-18T23:30:00,1.15271000,1.152246550,1.15377000,1.152156550,166698.8826581548091154620279,77.25659716792184628456087683,-92.25949660715577910495245934,15.37243752231053040123873874,-107.6319341294663095061911981,-1.393174668249002049843564570,stop,0,7618.027782662718318949896485
ict_fvg,EURUSD,15min,SHORT,2026-03-19T13:00:00,2026-03-19T13:15:00,2026-03-19T19:00:00,1.14877000,1.149727155,1.14517000,1.14523000,79590.32531473709398112005354,76.18027782662718318949896485,281.7497516141693126931649895,7.314478240944842516215302712,274.4352733732244701769496868,3.602445163009126003625327141,target,23,7892.463056035942789126846172
ict_fvg,EURUSD,15min,SHORT,2026-03-19T20:45:00,2026-03-19T21:00:00,2026-03-19T23:30:00,1.14796000,1.149871410,1.1465221800,1.1465821800,41291.31403537672602490750897,78.92463056035942789126846172,56.89199830422276065163806401,3.792062148804085312604225920,53.09993615541867533903383809,0.6727929643561559267765680833,target,10,7945.562992191361464465880010
ict_fvg,EURUSD,15min,LONG,2026-03-20T06:45:00,2026-03-20T07:00:00,2026-03-20T17:00:00,1.15806000,1.155321205,1.1632975900,1.155231205,29011.16364018249436144684071,79.45562992191361464465880010,-82.06663464953003913718901577,2.687733453211979153617370268,-84.75436810274201829080638604,-1.066688014254444016437886005,stop,40,7860.808624088619446175073624
ict_fvg,EURUSD,15min,LONG,2026-03-20T18:00:00,2026-03-20T18:15:00,2026-03-20T18:15:00,1.15726000,1.155426065,1.1564878700,1.1564278700,42863.07106897801419447839549,78.60808624088619446175073624,-35.66764732862867495165130724,3.968297410022839736536165436,-39.63594473865151468818747268,-0.5042222325218723673412634581,target,0,7821.172679349967931486886151
ict_fvg,EURUSD,15min,LONG,2026-03-20T20:00:00,2026-03-20T20:15:00,2026-03-20T20:30:00,1.15708000,1.156124565,1.1578208700,1.156034565,81859.80919005445615334257329,78.21172679349967931486886151,-85.57910962060458036866969311,7.577467841410256810072769976,-93.15657746201483717874246309,-1.191081967899438475668151156,stop,1,7728.016101887953094308143688
ict_fvg,EURUSD,15min,LONG,2026-03-21T03:30:00,2026-03-21T03:45:00,2026-03-21T08:00:00,1.15596000,1.154280505,1.1571739900,1.1571139900,46013.92741203726771623698605,77.28016101887953094308143688,53.09961209421688657186031953,4.255220762497487999140904512,48.84439133171939857271941502,0.6320430843795307518033694653,target,17,7776.860493219672492880863103
ict_fvg,EURUSD,15min,LONG,2026-03-22T22:30:00,2026-03-22T22:45:00,2026-03-23T00:15:00,1.15922000,1.158492005,1.1592209900,1.158402005,106825.7404682679481710844594,77.76860493219672492880863103,-87.38292157434084026420623237,9.906762789250045670310762160,-97.28968436359088593451699453,-1.251014910816695169609681385,stop,6,7679.570808856081606946346108
ict_fvg,EURUSD,15min,SHORT,2026-03-23T06:15:00,2026-03-23T06:30:00,2026-03-23T09:15:00,1.15437000,1.156047105,1.1534307900,1.156137105,45790.63808679886832933147363,76.79570808856081606946346108,-80.91686551637271421910329371,4.228747111060640770666429856,-85.14561262743335498976972357,-1.108728791578344826352553955,stop,11,7594.425196228648251956576384
ict_fvg,EURUSD,15min,SHORT,2026-03-23T10:15:00,2026-03-23T10:30:00,2026-03-23T17:00:00,1.15625000,1.157581375,1.15350000,1.15356000,57041.96936421855789658493200,75.94425196228648251956576384,153.4428975897479207418134671,5.276382166190216605434106210,148.1665154235577041363793609,1.950990517322317153318937189,target,26,7742.591711652205956092955745
ict_fvg,EURUSD,15min,SHORT,2026-03-23T22:00:00,2026-03-23T22:15:00,2026-03-23T22:30:00,1.15663000,1.158041145,1.1532077100,1.158131145,54867.44247864114570857676387,77.42591711652205956092955745,-82.36398693959976267470146620,5.076906399525656668872891392,-87.44089333912541934357435759,-1.129349145552016270475394095,stop,1,7655.150818313080536749381387
ict_fvg,EURUSD,15min,LONG,2026-03-24T19:15:00,2026-03-24T19:30:00,2026-03-24T19:45:00,1.15935000,1.158851450,1.1618771000,1.158761450,153548.3064549810557967983429,76.55150818313080536749381387,-90.37085576407910038920566471,14.24129832708658296304145270,-104.6121540911656833522471174,-1.366559021161367967104603349,stop,1,7550.538664221914853397134270
ict_fvg,EURUSD,15min,LONG,2026-03-25T02:45:00,2026-03-25T03:00:00,2026-03-25T04:00:00,1.15824000,1.157154545,1.1601109100,1.157064545,69561.04734163935725937173139,75.50538664221914853397134270,-81.76588090296669068731479852,6.445470997838429532167577134,-88.21135190080512021948237565,-1.168278924506313020806942711,stop,4,7462.327312321109733177651894
ict_fvg,EURUSD,15min,LONG,2026-03-25T16:15:00,2026-03-25T16:30:00,2026-03-25T19:30:00,1.15951000,1.158360660,1.1615236800,1.1614636800,64927.06520543189772545680037,74.62327312321109733177651894,126.8467087505481899482704417,6.022686510108027178531553168,120.8240222404401627697388885,1.619119842692327770720587466,target,12,7583.151334561549895947390782
ict_fvg,EURUSD,15min,LONG,2026-03-25T20:30:00,2026-03-25T20:45:00,2026-03-26T00:30:00,1.15965000,1.158260675,1.1617236500,1.158170675,54581.55100182858507510762983,75.83151334561549895947390782,-80.74385293578007161623359450,5.063639649541641494587885034,-85.80749258532171311082147953,-1.131554531876990624943767657,stop,15,7497.343841976228182836569302
ict_fvg,EURUSD,15min,SHORT,2026-03-27T00:00:00,2026-03-27T00:15:00,2026-03-27T00:45:00,1.15396000,1.154749950,1.1522901000,1.154839950,94909.09351194668248416443195,74.97343841976228182836569302,-83.51525683583748325194049189,8.761703803923679497554111032,-92.27696063976116274949460292,-1.230795366795366795366795367,stop,2,7405.066881336467020087074699
ict_fvg,EURUSD,15min,SHORT,2026-03-28T00:00:00,2026-03-28T00:15:00,2026-03-28T00:15:00,1.15157000,1.152141085,1.1509678300,1.152231085,129666.6324861704828543399791,74.05066881336467020087074699,-85.72066573712001365776134508,11.94561631776794743524578318,-97.66628205488796109300712826,-1.318911545566772021678033917,stop,0,7307.400599281579058994067571
ict_fvg,EURUSD,15min,SHORT,2026-03-28T08:00:00,2026-03-28T08:15:00,2026-03-28T08:15:00,1.15337000,1.153815530,1.1516389400,1.153905530,164015.9046367602419364367735,73.07400599281579058994067571,-87.83543741012421236421998531,15.13368191447201281937824652,-102.9691193245962251835982318,-1.409107355284717078535676609,stop,0,7204.431479956982833810469339
ict_fvg,EURUSD,15min,SHORT,2026-03-28T17:15:00,2026-03-28T17:30:00,2026-03-28T17:30:00,1.15099000,1.151797565,1.1504998700,1.151887565,89211.78456170070314848302414,72.04431479956982833810469339,-80.07337541012289162146816556,8.214549753013751385349798080,-88.28792516313664300681796364,-1.225466928358707967779683369,stop,0,7116.143554793846190803651375
ict_fvg,EURUSD,15min,SHORT,2026-03-28T20:15:00,2026-03-28T20:30:00,2026-03-30T01:00:00,1.15136000,1.154905160,1.1502096800,1.1502696800,20072.84171883313077774670643,71.16143554793846190803651375,21.88582078287813914959278895,1.848885363311657076181315834,20.03693541956648207341147312,0.2815701406988683162396055468,target,114,7136.180490213412672877062848
ict_fvg,EURUSD,15min,SHORT,2026-03-30T03:15:00,2026-03-30T03:30:00,2026-03-30T23:00:00,1.15074000,1.152142645,1.1481897100,1.1482497100,50876.59735865748405959499979,71.36180490213412672877062848,126.6974816362911459787688320,4.683658851560121056539068004,122.0138227847310249222297640,1.709791714938562501559553557,target,78,7258.194312998143697799292612
ict_fvg,EURUSD,15min,SHORT,2026-03-31T02:30:00,2026-03-31T02:45:00,2026-03-31T08:30:00,1.14580000,1.146736970,1.1440160600,1.146826970,77464.53262108865489609371284,72.58194312998143697799292612,-79.55375106587941591864136028,7.100708918179470462395534094,-86.65445998405888638103689437,-1.193884542728155650661173784,stop,23,7171.539853014084811418255718
ict_fvg,EURUSD,15min,SHORT,2026-04-04T00:15:00,2026-04-04T00:30:00,2026-04-04T01:45:00,1.15309000,1.154487535,1.1524549300,1.1525149300,51315.63683924971332680938737,71.71539853014084811418255718,29.51008327714733264284827439,4.733723814637636155200850918,24.77635946250969648764742347,0.3454817231768792910374337672,target,5,7196.316212476594507905903141
ict_fvg,EURUSD,15min,SHORT,2026-04-05T09:30:00,2026-04-05T09:45:00,2026-04-05T12:00:00,1.15186000,1.152065250,1.15164000,1.152155250,350612.2393411251891793375465,71.96316212476594507905903141,-103.5182636654672121051994106,32.30849712059747683264893970,-135.8267607860646889378483503,-1.887448477466504263093788063,stop,9,7060.489451690529818968054791
ict_fvg,EURUSD,15min,SHORT,2026-04-05T13:00:00,2026-04-05T13:15:00,2026-04-05T15:30:00,1.15187000,1.152066725,1.15164000,1.152156725,358901.4843914362597010067247,70.60489451690529818968054791,-102.9060281121345615627711531,33.07262822607709475694388928,-135.9786563382116563197150424,-1.925909772525098487736688270,stop,9,6924.510795352318162648339749
ict_fvg,EURUSD,15min,SHORT,2026-04-06T05:00:00,2026-04-06T05:15:00,2026-04-06T05:45:00,1.15122000,1.152040755,1.1506134900,1.152130755,84367.57370168099082732776223,69.24510795352318162648339749,-76.83818958667447080094289609,7.770051055747935220818901314,-84.60824064242240602176179740,-1.221865964873805215929235886,stop,2,6839.902554709895756626577952
ict_fvg,EURUSD,15min,LONG,2026-04-06T18:45:00,2026-04-06T19:00:00,2026-04-06T19:45:00,1.15570000,1.155055255,1.15696000,1.154965255,106086.9421974562929007061389,68.39902554709895756626577952,-77.94685034487002392732933203,9.808374327808019016427686776,-87.75522467267804294375701881,-1.282989398909646449371456933,stop,3,6752.147330037217713682820933
ict_fvg,EURUSD,15min,LONG,2026-04-06T20:45:00,2026-04-06T21:00:00,2026-04-07T00:15:00,1.15498000,1.153192285,1.1566504300,1.1565904300,37769.70786751365689543814832,67.52147330037217713682820933,60.82547064108001847412045720,3.489860575425673875287452204,57.33561006565434459883300500,0.8491463124715069236427506622,target,13,6809.482940102872058281653938
ict_fvg,EURUSD,15min,LONG,2026-04-07T01:15:00,2026-04-07T01:30:00,2026-04-07T11:30:00,1.15412000,1.153143460,1.1567480800,1.153053460,69730.71190225563784670012430,68.09482940102872058281653938,-74.37059347223172798901955057,6.438208737650502140130683796,-80.80880220988223012915023437,-1.186709812194072951440801196,stop,40,6728.674137892989828152503704
ict_fvg,EURUSD,15min,LONG,2026-04-07T17:00:00,2026-04-07T17:15:00,2026-04-07T17:45:00,1.15416000,1.153734335,1.1545763300,1.1545163300,158074.4044704871161160185522,67.28674137892989828152503704,56.32665254496867408562089071,14.59545237309259279491711778,41.73120017187608129070377293,0.6201994526211927219762019427,target,2,6770.405338064865909443207477
ict_fvg,EURUSD,15min,LONG,2026-04-07T20:15:00,2026-04-07T20:30:00,2026-04-08T00:15:00,1.15549000,1.154265685,1.1569936300,1.1569336300,55299.53760318926019401222297,67.70405338064865909443207477,79.83207147009211169388186545,5.111845016408732660926334682,74.72022645368337903295553077,1.103630029853428243548433206,target,15,6845.125564518549288476163008
ict_fvg,EURUSD,15min,LONG,2026-04-08T01:45:00,2026-04-08T02:00:00,2026-04-08T04:15:00,1.15733000,1.156155145,1.1582097100,1.1581497100,58263.57775656186753664207930,68.45125564518549288476163008,47.75923732283132843846087882,5.394414915600139692494558212,42.36482240723118874596632061,0.6189049712517714952057913529,target,9,6887.490386925780477222129329
ict_fvg,EURUSD,15min,LONG,2026-04-08T16:45:00,2026-04-08T17:00:00,2026-04-08T17:00:00,1.16976000,1.168764850,1.1711503000,1.168674850,69210.57515877787747798954257,68.87490386925780477222129329,-75.10385563354781374524035212,6.476780991818560796692243786,-81.58063662536637454193259591,-1.184475506205094709340300457,stop,0,6805.909750300414102680196733
ict_fvg,EURUSD,15min,LONG,2026-04-09T22:00:00,2026-04-09T22:15:00,2026-04-09T23:30:00,1.16861000,1.167929800,1.1692654000,1.1692054000,100057.4794222348442028843977,68.05909750300414102680196733,59.57422324799862623839737039,9.354253682209428902714618880,50.21996956578919733568275151,0.7378876800940899735371949425,target,5,6856.129719866203300015879485
ict_fvg,EURUSD,15min,LONG,2026-04-10T10:00:00,2026-04-10T10:15:00,2026-04-10T17:30:00,1.16884000,1.168375450,1.1703691000,1.168285450,147586.4755110580841678157246,68.56129719866203300015879485,-81.84407999465726057526221008,13.80039808290761048789677852,-95.64447807756487106315898860,-1.395021418577117640727585836,stop,29,6760.485241788638428952720496
ict_fvg,EURUSD,15min,LONG,2026-04-11T00:45:00,2026-04-11T01:00:00,2026-04-11T01:00:00,1.17290000,1.172239655,1.17355000,1.17349000,102378.0787586585561933946724,67.60485241788638428952720496,60.40306646760854815410285672,9.606339886082449644738608904,50.79672658152609850936424782,0.7513769317553702988589298018,target,0,6811.281968370164527462084744
ict_fvg,EURUSD,15min,LONG,2026-04-12T04:30:00,2026-04-12T04:45:00,2026-04-12T07:45:00,1.17213000,1.171879610,1.1728857800,1.171789610,272026.9167446848726970759513,68.11281968370164527462084744,-92.59524219072328381735768306,25.50807279391579838675389078,-118.1033149846390822041115738,-1.733936658812252885498622149,stop,12,6693.178653385525445257973170
ict_fvg,EURUSD,15min,SHORT,2026-04-13T22:30:00,2026-04-13T22:45:00,2026-04-13T22:45:00,1.16894000,1.169316060,1.1680228800,1.169406060,177981.6692385663310444602768,66.93178653385525445257973170,-82.95013676532622424658115661,16.64399139517837816088891168,-99.59412816050460240747006829,-1.487994468967717917353613785,stop,0,6593.584525225020842850503102
ict_fvg,EURUSD,15min,LONG,2026-04-14T20:30:00,2026-04-14T20:45:00,2026-04-14T21:00:00,1.17939000,1.178854810,1.1799953800,1.1799353800,123200.8170037747499551655132,65.93584525225020842850503102,67.19126157751867313054816759,11.62414492528655218796981237,55.56711665223212094257835522,0.8427451932958388609652646722,target,1,6649.151641877252963793081457
ict_fvg,EURUSD,15min,LONG,2026-04-16T14:45:00,2026-04-16T15:00:00,2026-04-16T16:00:00,1.18106000,1.180269050,1.1820419000,1.180179050,84065.38519346675471007119865,66.49151641877252963793081457,-74.05740108618453756183722245,7.942901106927667625430135190,-82.00030219311220518726735764,-1.233244579303369365952335799,stop,4,6567.151339684140758605814099
ict_fvg,EURUSD,15min,LONG,2026-04-18T00:00:00,2026-04-18T00:15:00,2026-04-18T01:15:00,1.18229000,1.180832545,1.1850399100,1.180742545,45059.03331275504738469327766,65.67151339684140758605814099,-69.72682639498936185068053598,4.261827559626973197795921220,-73.98865395461633504847645720,-1.126647615192235780864589301,stop,4,6493.162685729524423557337642
ict_fvg,EURUSD,15min,LONG,2026-04-18T03:00:00,2026-04-18T03:15:00,2026-04-18T04:45:00,1.17897000,1.178048770,1.1801524600,1.177958770,70483.62174190510972892043943,64.93162685729524423557337642,-71.27515281406670411117621596,6.647846042004309377368426438,-77.92299885607101348854464240,-1.200077722175786719928790856,stop,6,6415.239686873453410068793000
ict_fvg,EURUSD,15min,SHORT,2026-04-19T02:30:00,2026-04-19T02:45:00,2026-04-19T02:45:00,1.17723000,1.177415920,1.1767531600,1.1768131600,345053.7697328664699907913619,64.15239686873453410068793000,143.8322133754480593509614713,32.49661194740979155738074520,111.3356014280382677935807261,1.735486230636833046471600689,target,0,6526.575288301491677862373726
ict_fvg,EURUSD,15min,SHORT,2026-04-19T03:45:00,2026-04-19T04:00:00,2026-04-19T04:15:00,1.17682000,1.177138940,1.1762571200,1.177228940,204633.3256506393578059313265,65.26575288301491677862373726,-83.68275219157245898115755666,19.26532722337483272425408830,-102.9480794149472917054116450,-1.577367529942935975418574028,stop,1,6423.627208886544386156962081
ict_fvg,EURUSD,15min,SHORT,2026-04-19T23:45:00,2026-04-20T00:00:00,2026-04-20T03:30:00,1.17581000,1.176794080,1.1746818400,1.1747418400,65275.45737019901213475491912,64.23627208886544386156962081,69.72463254455177680185981441,6.140122842436296036653294516,63.58450970211548076520651989,0.9898536704332981058450532476,target,14,6487.211718588659866922168601
ict_fvg,EURUSD,15min,SHORT,2026-04-20T05:30:00,2026-04-20T05:45:00,2026-04-20T05:45:00,1.17400000,1.176455765,1.1740684700,1.1741284700,26416.25610996434865275044070,64.87211718588659866922168601,-3.393696422447119871418849117,2.481014773847851625466321390,-5.874711196294971496885170507,-0.09055833925477397063644119041,target,0,6481.337007392364895425283430
ict_fvg,EURUSD,15min,SHORT,2026-04-20T10:30:00,2026-04-20T10:45:00,2026-04-20T16:45:00,1.17556000,1.176347410,1.1742851800,1.176437410,82312.09925442101186707412187,64.81337007392364895425283430,-72.22145900682154002228950527,7.741024911962173176836612376,-79.96248391878371319912611765,-1.233734395041973050888355495,stop,24,6401.374523473581182226157312
ict_fvg,EURUSD,15min,SHORT,2026-04-20T22:30:00,2026-04-20T22:45:00,2026-04-20T23:15:00,1.17632000,1.176899175,1.1754316500,1.176989175,110525.7396032905629943653872,64.01374523473581182226157312,-73.96106179903196249175445798,10.40109104081142040492255138,-84.36215283984338289667700936,-1.317875598912245866965942936,stop,2,6317.012370633737799329480303
ict_fvg,EURUSD,15min,LONG,2026-04-21T06:30:00,2026-04-21T06:45:00,2026-04-21T08:45:00,1.17867000,1.178060290,1.1790344200,1.1789744200,103606.8355551612701010231143,63.17012370633737799329480303,31.53999287970219384415345646,9.769461509104154738397833128,21.77053137059803910575562333,0.3446333502812812648636236900,target,8,6338.782902004335838435235926
ict_fvg,EURUSD,15min,LONG,2026-04-21T10:00:00,2026-04-21T10:15:00,2026-04-21T10:30:00,1.17842000,1.178123180,1.1789086400,1.178033180,213556.4618962447220010523525,63.38782902004335838435235926,-82.60791059070538336444707099,20.13273646622181642403840906,-102.7406470569271997884854800,-1.620826089886126271814567751,stop,1,6236.042254947408638646750446
ict_fvg,EURUSD,15min,LONG,2026-04-21T12:30:00,2026-04-21T12:45:00,2026-04-21T17:30:00,1.17789000,1.177177655,1.1789846900,1.177087655,87542.44439067317997103581054,62.36042254947408638646750446,-70.23924254463467258386072741,8.249229585866402556486669672,-78.48847213050107514034739708,-1.258626367841425152138359924,stop,19,6157.553782816907563506403049
ict_fvg,EURUSD,15min,SHORT,2026-04-21T23:30:00,2026-04-21T23:45:00,2026-04-22T00:30:00,1.17665000,1.177307505,1.17573000,1.177397505,93650.29593412837261323340581,61.57553782816907563506403049,-70.00406446224062917025503701,8.815489656871371970828886952,-78.81955411911200114108392396,-1.280046539570041292461654284,stop,3,6078.734228697795562365319125
ict_fvg,EURUSD,15min,SHORT,2026-04-22T06:00:00,2026-04-22T06:15:00,2026-04-22T06:45:00,1.17445000,1.177095460,1.1743190800,1.1743790800,22977.98578960859571630385311,60.78734228697795562365319125,1.629598752199041608200269263,2.158919632848465219121044824,-0.529320880649423610920775561,-0.008707748368903706727752451382,target,2,6078.204907817146138754398349
ict_fvg,EURUSD,15min,SHORT,2026-04-23T15:00:00,2026-04-23T15:15:00,2026-04-23T15:45:00,1.17016000,1.170556325,1.16952000,1.170646325,153364.1558775536778844230959,60.78204907817146138754398349,-74.58482310715129239714206211,14.35684805133425693705892239,-88.94167115848554933420098450,-1.463288462751529678925124582,stop,2,5989.263236658660589420197364
ict_fvg,EURUSD,15min,SHORT,2026-04-24T03:45:00,2026-04-24T04:00:00,2026-04-24T21:00:00,1.16917000,1.170610720,1.1669935600,1.170700720,41571.32015005456014645592040,59.89263236658660589420197364,-63.63405118009151630738300647,3.888315230387143206914549476,-67.52236641047865951429755595,-1.127390193791992892442667555,stop,68,5921.740870248181929905899808
ict_fvg,EURUSD,15min,LONG,2026-04-27T01:15:00,2026-04-27T01:30:00,2026-04-27T02:30:00,1.17237000,1.171608665,1.1732626700,1.171518665,77781.01453694079386742892167,59.21740870248181929905899808,-66.21770001080649074712760103,7.295050241013862280508611592,-73.51275025182035302763621262,-1.241404375209336231750806150,stop,4,5848.228119996361576878263595
ict_fvg,EURUSD,15min,SHORT,2026-04-27T10:15:00,2026-04-27T10:30:00,2026-04-27T11:00:00,1.17112000,1.172079515,1.1695009700,1.172169515,60949.83528132818743717673611,58.48228119996361576878263595,-63.96776637528315263812854220,5.710365687573525349714113536,-69.67813206285667798784265574,-1.191440050442150461431035471,stop,2,5778.549987933504898890420939
ict_fvg,EURUSD,15min,LONG,2026-04-27T23:00:00,2026-04-27T23:15:00,2026-04-27T23:45:00,1.17506000,1.173969845,1.1755603100,1.173879845,53006.68242528360553215295934,57.78549987933504898890420939,-62.55610129761057348679797573,4.982882580052300281328932512,-67.53898387766287376812690824,-1.168787741192766166279107099,stop,2,5711.011004055842025122294031
ict_fvg,EURUSD,15min,LONG,2026-04-28T00:45:00,2026-04-28T01:00:00,2026-04-28T01:15:00,1.17368000,1.173179525,1.1749959500,1.173089525,114111.8138579517863054556977,57.11011004055842025122294031,-67.38017328777408101871395310,10.71446029510406820407897946,-78.09463358287814922279293256,-1.367439732254358359558419501,stop,1,5632.916370472963875899501098
ict_fvg,EURUSD,15min,LONG,2026-04-28T03:00:00,2026-04-28T03:15:00,2026-04-28T10:15:00,1.17253000,1.171943375,1.1737632500,1.171853375,96022.43972679248030512680329,56.32916370472963875899501098,-64.97118328014096198645642328,9.007135300228478954573626456,-73.97831858036944094103004974,-1.313321798423183464734711272,stop,28,5558.938051892594434958471048
ict_fvg,EURUSD,15min,SHORT,2026-04-28T17:15:00,2026-04-28T17:30:00,2026-04-28T18:00:00,1.16964000,1.170285550,1.1685589000,1.170375550,86111.65753067298326943646577,55.58938051892594434958471048,-63.33942969668651284383399240,8.057571129134107852101093424,-71.39700082582062069593508582,-1.284364030671520408953605453,stop,2,5487.541051066773814262535962
ict_fvg,EURUSD,15min,SHORT,2026-04-29T11:30:00,2026-04-29T11:45:00,2026-04-29T13:45:00,1.17143000,1.171725775,1.1706434500,1.1707034500,185530.9289516278865442493775,54.87541051066773814262535962,134.7974964298052409687243852,17.38691968814443641076240386,117.4105767416608045579619813,2.139584481447045896373932887,target,8,5604.951627808434618820497943
ict_fvg,EURUSD,15min,SHORT,2026-04-29T19:30:00,2026-04-29T19:45:00,2026-04-29T20:45:00,1.16995000,1.170725790,1.1696284200,1.170815790,72248.30982364344241122594959,56.04951627808434618820497943,-62.55186416221225600521531490,6.762152806253731635921103978,-69.31401696846598764113641888,-1.236656827234174196625375424,stop,4,5535.637610839968631179361524
ict_fvg,EURUSD,15min,SHORT,2026-04-30T00:30:00,2026-04-30T00:45:00,2026-04-30T00:45:00,1.16910000,1.170080140,1.1683397200,1.170170140,56478.02977982705155568961091,55.35637610839968631179361524,-60.43939878858412095180568022,5.282277169247664477900537928,-65.72167595783178542970621815,-1.187246719856347052461893199,stop,0,5469.915934882136845749655306
ict_fvg,EURUSD,15min,LONG,2026-05-01T16:30:00,2026-05-01T16:45:00,2026-05-01T16:45:00,1.17246000,1.171324065,1.1732768700,1.1732168700,48153.42369838183387033285625,54.69915934882136845749655306,36.44588179459425860143882891,4.516637051952381195168836852,31.92924474264187740626999206,0.5837245969179574535514796182,target,0,5501.845179624778723155925298
ict_fvg,EURUSD,15min,LONG,2026-05-02T00:45:00,2026-05-02T01:00:00,2026-05-02T01:45:00,1.17675000,1.175667215,1.1790505700,1.175577215,50811.98187659395653944158164,55.01845179624778723155925298,-59.59153016514124332010899532,4.783439973862555068623030496,-64.37497013900379838873202582,-1.170061461878396911667597907,stop,3,5437.470209485774924767193272
ict_fvg,EURUSD,15min,LONG,2026-05-02T03:00:00,2026-05-02T03:15:00,2026-05-02T03:30:00,1.17379000,1.173422735,1.1750195300,1.173332735,148053.0464238567498881514240,54.37470209485774924767193272,-67.69947627300485673760556090,13.90265482894870515609706080,-81.60213110195356189370262170,-1.500737069963105659401249779,stop,1,5355.868078383821362873490650
ict_fvg,EURUSD,15min,LONG,2026-05-02T04:30:00,2026-05-02T04:45:00,2026-05-02T06:30:00,1.17268000,1.171787500,1.1746150000,1.171697500,60009.72636844617773527720616,53.55868078383821362873490650,-58.95955615699836962490985505,5.629776473419957096528389930,-64.58933263041832672143824498,-1.205954509803921568627450980,stop,7,5291.278745753403036152052405
ict_fvg,EURUSD,15min,SHORT,2026-05-04T20:30:00,2026-05-04T20:45:00,2026-05-05T02:00:00,1.17096000,1.172111655,1.1688966900,1.1689566900,45944.99868236062914806997239,52.91278745753403036152052405,92.04207531035987197862005639,4.303980452567760184577921190,87.73809485779211179404213520,1.658164293994295166521223804,target,21,5379.016840611195147946094540
ict_fvg,EURUSD,15min,SHORT,2026-05-05T15:30:00,2026-05-05T15:45:00,2026-05-05T16:00:00,1.16834000,1.168653590,1.1674428200,1.168743590,171530.2414174940255730761357,53.79016840611195147946094540,-69.22789013368641378103779761,16.03245138061719758704382179,-85.26034151430361136808161940,-1.585054370356197582831085175,stop,1,5293.756499096891536578012921
ict_fvg,EURUSD,15min,SHORT,2026-05-05T19:45:00,2026-05-05T20:00:00,2026-05-05T20:15:00,1.16895000,1.169452400,1.1686502000,1.169542400,105369.3570680113761261547158,52.93756499096891536578012921,-62.42080712708993921713405364,9.853720795572151849813484400,-72.27452792266209106694753804,-1.365278662420382165605095542,stop,1,5221.481971174229445511065383
ict_fvg,EURUSD,15min,LONG,2026-05-06T22:15:00,2026-05-06T22:30:00,2026-05-07T03:00:00,1.17613000,1.174463485,1.17730000,1.174373485,31331.74301565980171502245934,52.21481971174229445511065383,-55.03467658315167660946267517,2.948016233040637007287149208,-57.98269281619231361674982438,-1.110464292250594804127175573,stop,18,5163.499278358037131894315559
ict_fvg,EURUSD,15min,LONG,2026-05-07T13:30:00,2026-05-07T13:45:00,2026-05-07T16:30:00,1.17523000,1.174755155,1.1757746900,1.174665155,108740.7317831721326305281841,51.63499278358037131894315559,-61.42165864406586325569069215,10.22362961708299083451005102,-71.64528826114885409020074317,-1.387533616232665396076614474,stop,11,5091.853990096888277804114816
ict_fvg,EURUSD,15min,LONG,2026-05-08T02:15:00,2026-05-08T02:30:00,2026-05-08T03:15:00,1.17642000,1.175307420,1.1769501600,1.175217420,45766.18301692362147265018979,50.91853990096888277804114816,-55.03749637249200871057966524,4.307220241981542941828410902,-59.34471661447355165240807614,-1.165483470851534271692822089,stop,3,5032.509273482414726151706740
ict_fvg,EURUSD,15min,LONG,2026-05-08T23:00:00,2026-05-08T23:15:00,2026-05-08T23:30:00,1.17693000,1.176349175,1.1781366500,1.1780766500,86644.15742232883787976940972,50.32509273482414726151706740,99.35052310831336195483759366,8.157928655604918333266960912,91.19259445270844362157063275,1.812070072741359273447251754,target,1,5123.701867935123169773277373
ict_fvg,EURUSD,15min,SHORT,2026-05-13T21:30:00,2026-05-13T21:45:00,2026-05-13T22:15:00,1.17165000,1.171996895,1.17060000,1.17066000,147701.8079803722500979627084,51.23701867935123169773277373,146.2247899005685275969830813,13.84438586561625174618224058,132.3804040349522758508008407,2.583686706352066187174793525,target,2,5256.082271970075445624078214
ict_fvg,EURUSD,15min,SHORT,2026-05-14T01:30:00,2026-05-14T01:45:00,2026-05-14T03:45:00,1.17148000,1.172040175,1.17060000,1.17066000,93829.29034623243532153484561,52.56082271970075445624078214,76.94001808391059696365857340,8.793530964384349866437731272,68.14648711952624709722084213,1.296526264113892979872361316,target,8,5324.228759089601692721299056
ict_fvg,EURUSD,15min,SHORT,2026-05-15T17:00:00,2026-05-15T17:15:00,2026-05-15T17:15:00,1.16440000,1.164812020,1.1636509600,1.164902020,129222.5804351633826688340143,53.24228759089601692721299056,-64.87231983006072136740805186,12.03734181269633942236722610,-76.90966164275706078977527796,-1.444522110577156448716081744,stop,0,5247.319097446844631931523778
ict_fvg,EURUSD,15min,LONG,2026-05-19T01:00:00,2026-05-19T01:15:00,2026-05-19T01:30:00,1.16402000,1.163038055,1.1649188900,1.1648588900,53438.01432307150229321931247,52.47319097446844631931523778,44.82861583548145255875874904,4.976233394587335207948251528,39.85238244089411735081049751,0.7594808263191930301595303200,target,1,5287.171479887738749282334276
ict_fvg,EURUSD,15min,LONG,2026-05-21T17:15:00,2026-05-21T17:30:00,2026-05-21T18:15:00,1.15977000,1.158847490,1.1626950200,1.1626350200,57312.89069915490075210387178,52.87171479887738749282334276,164.2025781108927737527926347,5.317581699692710339621400590,158.8849964112000634131712341,3.005103901312722897312766256,target,3,5446.056476298938812695505510
ict_fvg,EURUSD,15min,LONG,2026-05-21T20:15:00,2026-05-21T20:30:00,2026-05-21T20:30:00,1.16141000,1.160534655,1.1636856900,1.160444655,62216.11451826352823967127830,54.46056476298938812695505510,-60.06001506963310566852547015,5.780673405012515546626929546,-65.84068847464562121515239970,-1.208960809737874780800712862,stop,0,5380.215787824293191480353110
ict_fvg,EURUSD,15min,SHORT,2026-05-21T22:45:00,2026-05-21T23:00:00,2026-05-21T23:00:00,1.15992000,1.161131690,1.1592966200,1.1593566200,44402.57646612824395249901468,53.80215787824293191480353110,25.01552352948733007795889489,4.120274919567317818030612568,20.89524860992001225992828232,0.3883719433188356757916628840,target,0,5401.111036434213203740281392
ict_fvg,EURUSD,15min,SHORT,2026-05-22T03:15:00,2026-05-22T03:30:00,2026-05-22T03:45:00,1.16174000,1.162900955,1.1600930900,1.162990955,46523.00077465718484988893964,54.01111036434213203740281392,-58.19818043406127867389281849,4.323810473596019034200798140,-62.52199090765729770809361663,-1.157576477985796176423720127,stop,1,5338.589045526555906032187775
ict_fvg,EURUSD,15min,SHORT,2026-05-22T05:15:00,2026-05-22T05:30:00,2026-05-22T17:00:00,1.16197000,1.162819925,1.1603901500,1.1604501500,62812.47222433221644300600377,53.38589045526555906032187775,95.46553591015131916090267483,5.838896668040584443222374896,89.62663924211073471768029993,1.678845074565402829661440715,target,46,5428.215684768666640749868075
ict_fvg,EURUSD,15min,SHORT,2026-05-24T14:15:00,2026-05-24T14:30:00,2026-05-24T16:00:00,1.16055000,1.160976410,1.1602821800,1.1603421800,127300.3842491655130215020303,54.28215684768666640749868075,26.45556585466157691612855194,11.81907687522952289096833450,14.63648897943205402516021744,0.2696372036303088576721934289,target,6,5442.852173748098694775028292
ict_fvg,EURUSD,15min,SHORT,2026-05-24T17:00:00,2026-05-24T17:15:00,2026-05-24T21:30:00,1.16069000,1.160952675,1.1603296500,1.161042675,207208.6104025163679366147632,54.42852173748098694775028292,-73.07729667370746006204561161,19.24039696064773784802795116,-92.31769363435519791007356277,-1.696127153326353859331873989,stop,17,5350.534480113743496864954729
ict_fvg,EURUSD,15min,SHORT,2026-05-25T00:00:00,2026-05-25T00:15:00,2026-05-25T04:00:00,1.16028000,1.160446420,1.1598871600,1.160536420,321507.9004995639644793266872,53.50534480113743496864954729,-82.44105584609819177178894913,29.84313494333072613648585348,-112.2841907894289179082748026,-2.098560269198413652205263790,stop,15,5238.250289324314578956679926
ict_fvg,EURUSD,15min,LONG,2026-05-27T22:45:00,2026-05-27T23:00:00,2026-05-28T00:45:00,1.16517000,1.163653680,1.1667776400,1.163563680,34545.81018072909794078215631,52.38250289324314578956679926,-55.49162580950876460423719332,3.220139331862409843812891606,-58.71176514137117444805008493,-1.120827793605571383349161127,stop,7,5179.538524182943404508629841
ict_fvg,EURUSD,15min,SHORT,2026-05-28T12:15:00,2026-05-28T12:30:00,2026-05-28T13:15:00,1.16134000,1.161824025,1.1606869500,1.1607469500,107009.7314019512092249084209,51.79538524182943404508629841,63.46212120792716463083193901,9.941974517307361385700411640,53.52014669061980324513152737,1.033299519652910490160632199,target,3,5233.058670873563207753761368
ict_fvg,EURUSD,15min,SHORT,2026-05-28T15:30:00,2026-05-28T15:45:00,2026-05-28T16:15:00,1.15993000,1.160445115,1.1585697700,1.160535115,101590.1045567215710618747536,52.33058670873563207753761368,-61.47369611884057347310634152,9.426992798278244153744030632,-70.90068891711881762685037215,-1.354861341642157576463508149,stop,2,5162.157981956444390126910996
ict_fvg,EURUSD,15min,LONG,2026-05-30T07:30:00,2026-05-30T07:45:00,2026-06-01T10:15:00,1.16619000,1.164679380,1.1681462400,1.164589380,34172.44563130664488836974882,51.62157981956444390126910996,-54.69709992638204194122238736,3.188125149661879696189433390,-57.88522507604392163741182075,-1.121337728879532907018310363,stop,202,5104.272756880400468489499175
ict_fvg,EURUSD,15min,SHORT,2026-06-02T00:45:00,2026-06-02T01:00:00,2026-06-02T01:30:00,1.16160000,1.162520735,1.1605535300,1.162610735,55436.93632674331342340086100,51.04272756880400468489499175,-56.03205183821090289300106924,5.151643618971602629809795212,-61.18369545718250552281086445,-1.198676057714760490260498406,stop,2,5043.089061423217962966688311
ict_fvg,EURUSD,15min,SHORT,2026-06-02T16:00:00,2026-06-02T16:15:00,2026-06-02T16:15:00,1.16458000,1.164819745,1.1630055100,1.164909745,210352.2101158822066348281846,50.43089061423217962966688311,-69.36258952466157822680141973,19.59775814854032801622305658,-88.96034767320190624302447631,-1.764005088740119710525766961,stop,0,4954.128713750016056723663835
ict_fvg,EURUSD,15min,SHORT,2026-06-03T16:30:00,2026-06-03T16:45:00,2026-06-03T16:45:00,1.16155000,1.162102780,1.16139000,1.16145000,89622.06870273917393400021410,49.54128713750016056723663835,8.962206870273917393400021410,8.328041112133334998643035896,0.634165758140582394756985514,0.01280075255978870436701762001,target,0,4954.762879508156639118420821
ict_fvg,EURUSD,15min,SHORT,2026-06-08T02:00:00,2026-06-08T02:15:00,2026-06-08T02:30:00,1.15202000,1.152209355,1.1516112900,1.152299355,261665.2784192736732126651433,49.54762879508156639118420821,-73.09750385281619698032407111,24.11549072356573256115635988,-97.21299457638192954148043099,-1.962011037469303688838425180,stop,1,4857.549884931774709576940390
ict_fvg,EURUSD,15min,SHORT,2026-06-08T12:00:00,2026-06-08T12:15:00,2026-06-08T15:00:00,1.15222000,1.153474170,1.1514516600,1.153564170,38731.19182353089859888962732,48.57549884931774709576940390,-52.06130611343552796966947035,3.570148307432701758689008512,-55.63145442086822972835847886,-1.145257500976741590055574603,stop,11,4801.918430510906479848581911
ict_fvg,EURUSD,15min,SHORT,2026-06-08T16:15:00,2026-06-08T16:30:00,2026-06-08T16:45:00,1.15231000,1.152838515,1.1514929700,1.1515529700,90856.80501993143959676796138,48.01918430510906479848581911,68.78132710423869771794124980,8.375616399401375772940135168,60.40571070483732194500111463,1.257949537856068418114906861,target,1,4862.324141215743801793583026
ict_fvg,EURUSD,15min,LONG,2026-06-11T01:00:00,2026-06-11T01:15:00,2026-06-11T01:45:00,1.15512000,1.154221755,1.1558964900,1.154131755,54131.37998225143253559533341,48.62324141215743801793583026,-53.49506561056006694613941027,5.002259171607861980041350522,-58.49732478216792892618076079,-1.203073326319656663827797539,stop,2,4803.826816433575872867402265
ict_fvg,EURUSD,15min,LONG,2026-06-12T19:45:00,2026-06-12T20:00:00,2026-06-12T20:15:00,1.15857000,1.157407650,1.1594247000,1.157317650,41328.57415093195571787673476,48.03826816433575872867402265,-51.75783983791963474328292878,3.830563692323618874884835888,-55.58840353024325361816776467,-1.157169183120402632597754549,stop,1,4748.238412903332619249234500
ict_fvg,EURUSD,15min,LONG,2026-06-15T15:30:00,2026-06-15T15:45:00,2026-06-15T16:00:00,1.16165000,1.161114530,1.1624959400,1.161024530,88674.21915146194220496450782,47.48238412903332619249234500,-55.46306385266490099093915071,8.240672534183661212991761640,-63.70373638684856220393091235,-1.341628849422003100080303285,stop,1,4684.534676516484057045303588
ict_fvg,EURUSD,15min,SHORT,2026-06-16T16:30:00,2026-06-16T16:45:00,2026-06-16T17:00:00,1.15839000,1.158806730,1.1575265400,1.158896730,112411.7456510566567572601826,46.84534676516484057045303588,-56.96240387375993967860645233,10.41733136357820164968340983,-67.37973523733814132828986216,-1.438344251673745590670218127,stop,1,4617.154941279145915717013726
ict_fvg,EURUSD,15min,LONG,2026-06-17T03:15:00,2026-06-17T03:30:00,2026-06-17T16:30:00,1.16133000,1.160563795,1.1620674100,1.160473795,60260.04713202270822713260454,46.17154941279145915717013726,-51.59495365467350289761207167,5.598544042866554539633272610,-57.19349769754005743724534428,-1.238717314556809209023694703,stop,52,4559.961443581605858279768382
ict_fvg,EURUSD,15min,LONG,2026-06-17T18:15:00,2026-06-17T18:30:00,2026-06-17T21:00:00,1.16031000,1.159421710,1.1607215800,1.159331710,51334.15262562458046673685826,45.59961443581605858279768382,-50.21968817212227082480400107,4.765082450643076556908755520,-54.98477062276534738171275659,-1.205816568913305339472469577,stop,10,4504.976672958840510898055625
ict_fvg,EURUSD,15min,SHORT,2026-06-18T16:30:00,2026-06-18T16:45:00,2026-06-18T18:30:00,1.15228000,1.154030785,1.1501134300,1.1501734300,25731.18157260223563086304501,45.04976672958840510898055625,54.20453516539669151290716473,2.371962072198248325818469560,51.83257309319844318708869517,1.150562519098575781720770969,target,7,4556.809246052038954085144320
ict_fvg,EURUSD,15min,SHORT,2026-06-19T01:00:00,2026-06-19T01:15:00,2026-06-19T01:30:00,1.14812000,1.149728235,1.1472435300,1.1473035300,28334.22507315186495807605431,45.56809246052038954085144320,23.13404474547630318232035606,2.602487239278969535653302358,20.53155750619733364666705370,0.4505687290725546950538944867,target,1,4577.340803558236287731811374
ict_fvg,EURUSD,15min,SHORT,2026-06-19T15:45:00,2026-06-19T16:00:00,2026-06-19T16:15:00,1.14294000,1.143838985,1.14180000,1.143928985,50916.76505790682033328488656,45.77340803558236287731811374,-50.35591689079397670731375353,4.655584596422721698537970260,-55.01150148721669840585172379,-1.201822277346118122104373265,stop,1,4522.329302071019589325959650
ict_fvg,EURUSD,15min,SHORT,2026-06-19T17:45:00,2026-06-19T18:00:00,2026-06-19T18:00:00,1.14462000,1.145329090,1.14295000,1.145419090,63776.52064013058411944830205,45.22329302071019589325959650,-50.96317987832194846400994369,5.839990484408501535584233240,-56.80317036273044999959417693,-1.256060020589769986884598570,stop,0,4465.526131708289139326365473
ict_fvg,EURUSD,15min,LONG,2026-06-22T06:30:00,2026-06-22T06:45:00,2026-06-22T06:45:00,1.14645000,1.145740710,1.14736000,1.145650710,62957.69194135387696606980887,44.65526131708289139326365473,-50.32145359180474032020993753,5.774227674093212179820058590,-56.09568126589795250002999612,-1.256194222391405489997039293,stop,0,4409.430450442391186826335477
ict_fvg,EURUSD,15min,SHORT,2026-06-22T18:15:00,2026-06-22T18:30:00,2026-06-22T19:00:00,1.14484000,1.145596775,1.1441664500,1.145686775,58266.06918096384244757471477,44.09430450442391186826335477,-49.33825073071065768854507910,5.336426131290771631014514916,-54.67467686200142931955959402,-1.239948729807406428595024941,stop,2,4354.755773580389757506775883
ict_fvg,EURUSD,15min,SHORT,2026-06-23T00:45:00,2026-06-23T01:00:00,2026-06-23T02:00:00,1.14455000,1.145964285,1.1429514300,1.1430114300,30791.21799057749857706739365,43.54755773580389757506775883,47.37444426376282198571857985,2.819367084089238079710598832,44.55507717967358390600798102,1.023136072290945601487677519,target,4,4399.310850760063341412783864
ict_fvg,EURUSD,15min,SHORT,2026-06-24T10:45:00,2026-06-24T11:00:00,2026-06-24T11:00:00,1.13760000,1.137977800,1.1373394000,1.1373994000,116445.4963144537676393007905,43.99310850760063341412783864,23.35896656067942578844373857,10.59747172858580848531748634,12.76149483209361730312625223,0.2900794070937003705664372684,target,0,4412.072345592156958715910116
ict_fvg,EURUSD,daily,SHORT,2007-08-03T00:00:00,2007-08-06T00:00:00,2007-08-06T00:00:00,1.38175000,1.383736680,1.36260000,1.383826680,50335.23264944530573620311273,100.00,-104.5301709384500775162582801,5.564056617069684096079892080,-110.0942275555197616123381722,-1.100942275555197616123381722,stop,0,9889.905772444480238387661828
ict_fvg,EURUSD,daily,SHORT,2007-08-31T00:00:00,2007-09-03T00:00:00,2007-09-03T00:00:00,1.36334000,1.376934450,1.3609311000,1.3609911000,7274.958363482509581768781987,98.89905772444480238387661828,17.08814969998406675661669201,0.7934593388216195690566920988,16.29469036116244718755999991,0.1647608251896913814093251290,target,0,9906.200462805642685575221828
ict_fvg,EURUSD,daily,LONG,2007-11-28T00:00:00,2007-11-29T00:00:00,2007-11-30T00:00:00,1.48436000,1.463756910,1.4935561800,1.463666910,4808.113959025390213591855313,99.06200462805642685575221828,-99.49473488436871197497548526,0.5709577628975142573957765082,-100.0656926472662262323712618,-1.010131917105638037789477210,stop,1,9806.134770158376459342850566
ict_fvg,EURUSD,daily,SHORT,2010-05-10T00:00:00,2010-05-11T00:00:00,2010-05-13T00:00:00,1.27786000,1.324574900,1.25404000,1.25410000,2099.144977332366431126439437,98.06134770158376459342850566,49.87568466141702640356420102,0.2145930720587150214143385520,49.66109158935831138214986247,0.5064288096517385245392797587,target,2,9855.795861747734770725000428
ict_fvg,EURUSD,daily,SHORT,2010-07-29T00:00:00,2010-07-30T00:00:00,2010-08-03T00:00:00,1.30759000,1.322886895,1.27359000,1.322976895,6443.004192516020258179846582,98.55795861747734770725000428,-99.13782899480378953048619047,0.6739846281673618343514708474,-99.81181362297115136483766132,-1.012722006655599061116651451,stop,2,9755.984048124763619360162767
ict_fvg,EURUSD,daily,SHORT,2025-08-07T00:00:00,2025-08-08T00:00:00,2025-09-16T00:00:00,1.16644000,1.178125135,1.1446147300,1.178215135,8349.055486414802755261417833,97.55984048124763619360162767,-98.31125547502496844157515527,0.7790937825258946020677702574,-99.09034925755086304364292553,-1.015687897486849745424421712,stop,33,9656.893698867212756316519841
ict_fvg,EURUSD,daily,LONG,2025-09-18T00:00:00,2025-09-19T00:00:00,2025-09-19T00:00:00,1.17855000,1.173972700,1.1893846000,1.173882700,21097.35804703037326877530387,96.56893698867212756316519841,-98.46769921290486115735497575,1.989143306106211713273210750,-100.4568425190110728706281865,-1.040260415528805190833023835,stop,0,9556.436856348201683445891654
ict_fvg,EURUSD,daily,LONG,2025-10-31T00:00:00,2025-11-01T00:00:00,2025-12-11T00:00:00,1.15274000,1.143390935,1.1698931300,1.1698331300,10221.81026268209888737097416,95.56436856348201683445891654,174.7227316553592649546874195,0.9426471649763330137142413400,173.7800844903829319409731782,1.818461076054129477118834878,target,34,9730.216940838584615386864832
ict_fvg,EURUSD,daily,LONG,2026-02-11T00:00:00,2026-02-12T00:00:00,2026-02-18T00:00:00,1.18805000,1.178989825,1.1982653500,1.178899825,10739.54635626639067720752064,97.30216940838584615386864832,-98.26872858044982131481732517,1.020729443884982835524511592,-99.28945802433480415034183676,-1.020423888059557348505961529,stop,6,9630.927482814249811236522995
ict_fvg,EURUSD,daily,LONG,2026-03-03T00:00:00,2026-03-04T00:00:00,2026-03-05T00:00:00,1.16147000,1.157512450,1.1708401000,1.157422450,24335.58005031964172590750084,96.30927482814249811236522995,-98.49947703267126586769690502,2.261203692883580342031182800,-100.7606807255548462097280878,-1.046219908781948427688847898,stop,1,9530.166802088694965026794907
ict_fvg,EURUSD,daily,SHORT,2026-04-08T00:00:00,2026-04-09T00:00:00,2026-04-09T00:00:00,1.16619000,1.171065040,1.15470000,1.171155040,19548.89970562025124927548268,95.30166802088694965026794907,-97.06106899439277226270274253,1.823818507815782464351406012,-98.88488750220855472705414854,-1.037598706882405067445600447,stop,0,9431.281914586486410299740758
ict_fvg,EURUSD,daily,SHORT,2026-06-09T00:00:00,2026-06-10T00:00:00,2026-06-15T00:00:00,1.15435000,1.161843755,1.1444774900,1.161933755,12585.52209751517951987987432,94.31281914586486410299740758,-95.44551613464123025978659627,1.162247794661331798301866634,-96.60776392930256205808846290,-1.024333328217962823711210201,stop,5,9334.674150657183848241652295
