strategy,symbol,timeframe,direction,signal_time,entry_time,exit_time,entry_price,stop,target,exit_price,size,risk_amount,gross_pnl,commission,net_pnl,r_multiple,exit_reason,hold_bars,equity_after
trend_ema,XAUUSD,15min,LONG,2026-01-19T18:30:00,2026-01-19T18:45:00,2026-01-20T15:15:00,4665.41551000,4655.925018325,4684.41899335,4684.26899335,10.53686188497710262203038074,100.00,198.6565501096654194156911265,0E-23,198.6565501096654194156911265,1.986565501096654194156911265,target,82,10198.65655010966541941569113
trend_ema,XAUUSD,15min,LONG,2026-01-21T00:00:00,2026-01-21T00:15:00,2026-01-21T00:15:00,4724.73076000,4716.559383550,4740.49256290,4716.309383550,12.48095301019899214093323424,101.9865655010966541941569113,-105.1068037536464022293902199,0E-23,-105.1068037536464022293902199,-1.030594600741959452865496119,stop,0,10093.54974635601901718630091
trend_ema,XAUUSD,15min,LONG,2026-01-21T18:00:00,2026-01-21T18:15:00,2026-01-21T20:15:00,4838.61890000,4820.140049985,4875.05535003,4874.90535003,5.462217474660323994835076272,100.9354974635601901718630091,198.2044814472546378621929732,0E-23,198.2044814472546378621929732,1.963674687577683659228509626,target,8,10291.75422780327365504849388
trend_ema,XAUUSD,15min,LONG,2026-01-21T22:30:00,2026-01-21T22:45:00,2026-01-22T01:00:00,4862.39120000,4848.829303500,4889.15097300,4848.579303500,7.588727894954274024321372663,102.9175422780327365504849388,-104.8147242517713050565652820,0E-23,-104.8147242517713050565652820,-1.018433999994027384001935128,stop,9,10186.93950355150234999192860
trend_ema,XAUUSD,15min,LONG,2026-01-22T02:30:00,2026-01-22T02:45:00,2026-01-22T04:00:00,4837.09775000,4814.783880635,4881.81044873,4814.533880635,4.565294945900344231934571335,101.8693950355150234999192860,-103.0107187719901095579029288,0E-23,-103.0107187719901095579029288,-1.011203794192330120778225681,stop,5,10083.92878477951224043402567
trend_ema,XAUUSD,15min,LONG,2026-01-22T20:30:00,2026-01-22T20:45:00,2026-01-23T01:30:00,4815.51627000,4803.290771255,4839.56637749,4839.41637749,8.248275996841151563534045146,100.8392878477951224043402567,197.1346829316904228238452433,0E-23,197.1346829316904228238452433,1.954939261661999377187781144,target,19,10281.06346771120266325787091
trend_ema,XAUUSD,15min,LONG,2026-01-23T14:15:00,2026-01-23T14:30:00,2026-01-23T19:15:00,4943.26638000,4928.747866635,4972.76096673,4928.497866635,7.081347249020631847080213030,102.8106346771120266325787091,-104.5809714893671845943487624,0E-23,-104.5809714893671845943487624,-1.017219393867327958340175417,stop,19,10176.48249622183547866352215
trend_ema,XAUUSD,15min,LONG,2026-01-23T20:45:00,2026-01-23T21:00:00,2026-01-24T01:45:00,4918.45687000,4902.801750295,4949.61806941,4949.46806941,6.500418194165341566555285660,101.7648249622183547866352215,201.5857648676535058312077504,0E-23,201.5857648676535058312077504,1.980898261678287179855198686,target,19,10378.06826108948898449472990
trend_ema,XAUUSD,15min,LONG,2026-01-26T16:00:00,2026-01-26T16:15:00,2026-01-26T17:30:00,5060.08825000,5045.176788405,5089.54565319,5089.39565319,6.959792770796784515002286669,103.7806826108948898449472990,203.9734528525886213367206192,0E-23,203.9734528525886213367206192,1.965427936308211374902447985,target,5,10582.04171394207760583145052
trend_ema,XAUUSD,15min,LONG,2026-01-26T19:45:00,2026-01-26T20:00:00,2026-01-27T00:30:00,5081.81607000,5067.005916705,5113.99300659,5066.755916705,7.145126389417347084813851361,105.8204171394207760583145052,-107.6066987367751128295179680,0E-23,-107.6066987367751128295179680,-1.016880311433670410229200804,stop,18,10474.43501520530249300193255
trend_ema,XAUUSD,15min,LONG,2026-01-27T01:30:00,2026-01-27T01:45:00,2026-01-27T03:30:00,5081.01838000,5065.311422775,5112.94301445,5065.061422775,6.668659540584763063809726871,104.7443501520530249300193255,-106.4115150371992156959717572,0E-23,-106.4115150371992156959717572,-1.015916513709102559805309459,stop,7,10368.02350016810327730596079
trend_ema,XAUUSD,15min,LONG,2026-01-27T06:00:00,2026-01-27T06:15:00,2026-01-27T06:15:00,5060.87076000,5036.933873855,5109.00478229,5036.683873855,4.331400265415810322519274693,103.6802350016810327730596079,-104.7630850680349853536894266,0E-23,-104.7630850680349853536894266,-1.010444132059851095556940496,stop,0,10263.26041510006829195227136
trend_ema,XAUUSD,15min,LONG,2026-01-28T20:30:00,2026-01-28T20:45:00,2026-01-28T22:00:00,5267.73591000,5248.975893350,5304.44735330,5248.725893350,5.470816261295838611077283537,102.6326041510006829195227136,-104.0003082163246425722920345,0E-23,-104.0003082163246425722920345,-1.013326214185422911125188154,stop,5,10159.26010688374364937997933
trend_ema,XAUUSD,15min,LONG,2026-01-28T23:00:00,2026-01-28T23:15:00,2026-01-29T02:00:00,5259.40124000,5242.670346810,5293.57333638,5293.42333638,6.072156454238737298029442103,101.5926010688374364937997933,206.5874921205493798830584633,0E-23,206.5874921205493798830584633,2.033489544977484851183847645,target,11,10365.84759900429302926303779
trend_ema,XAUUSD,15min,LONG,2026-01-29T18:15:00,2026-01-29T18:30:00,2026-01-29T19:30:00,5541.21260000,5506.776617110,5606.87558578,5506.526617110,3.010179100191872882320112510,103.6584759900429302926303779,-104.4110207650908985132104060,0E-23,-104.4110207650908985132104060,-1.007259847956092418653190938,stop,4,10261.43657823920213074982738
trend_ema,XAUUSD,15min,LONG,2026-01-29T20:30:00,2026-01-29T20:45:00,2026-01-29T21:45:00,5525.60415000,5493.095194225,5589.55136155,5492.845194225,3.156495289870380996803896073,102.6143657823920213074982738,-103.4034896048596165566992478,0E-23,-103.4034896048596165566992478,-1.007690188566199801291525796,stop,4,10158.03308863434251419312813
trend_ema,XAUUSD,15min,LONG,2026-01-29T22:45:00,2026-01-29T23:00:00,2026-01-30T02:00:00,5523.22133000,5493.478587090,5581.68885582,5493.228587090,3.415298017190958032657495788,101.5803308863434251419312813,-102.4341553906411646500956553,0E-23,-102.4341553906411646500956553,-1.008405411725357242782958918,stop,12,10055.59893324370134954303247
trend_ema,XAUUSD,15min,LONG,2026-02-03T13:15:00,2026-02-03T13:30:00,2026-02-03T17:30:00,4774.98686000,4726.264888235,4874.48550353,4874.33550353,2.063873560319916857441870091,100.5559893324370134954303247,205.0430386352153726292301794,0E-24,205.0430386352153726292301794,2.039093245429124105975106363,target,16,10260.64197187891672217226265
trend_ema,XAUUSD,15min,LONG,2026-02-05T12:00:00,2026-02-05T12:15:00,2026-02-05T12:15:00,4977.83616000,4951.008642765,5029.12356447,4950.758642765,3.824670722228656028733052699,102.6064197187891672217226265,-103.5625873993463312289058897,0E-23,-103.5625873993463312289058897,-1.009318790024812372467011855,stop,0,10157.07938447957039094335676
trend_ema,XAUUSD,15min,LONG,2026-02-08T18:15:00,2026-02-08T18:30:00,2026-02-08T21:15:00,5011.16899900,4995.953691790,5039.41555642,4995.703691790,6.675566417616598614142183173,101.5707938447957039094335676,-103.2396854491998535629691134,0E-23,-103.2396854491998535629691134,-1.016430821708002831708844609,stop,11,10053.83969903037053738038765
trend_ema,XAUUSD,15min,LONG,2026-02-08T22:15:00,2026-02-08T22:30:00,2026-02-09T09:15:00,5004.61614000,4992.827022585,5037.46437483,5037.31437483,8.528068170937264804042489596,100.5383969903037053738038765,278.8527756995552657604752581,0E-23,278.8527756995552657604752581,2.773594806036631538629900057,target,43,10332.69247472992580314086291
trend_ema,XAUUSD,15min,LONG,2026-02-10T04:45:00,2026-02-10T05:00:00,2026-02-10T10:00:00,5059.66789000,5036.135409055,5108.32576189,5035.885409055,4.390821562282125881963977900,103.3269247472992580314086291,-104.4246301378697895018996236,0E-23,-104.4246301378697895018996236,-1.010623614254030366962653457,stop,20,10228.26784459205601363896329
trend_ema,XAUUSD,15min,LONG,2026-02-11T23:30:00,2026-02-11T23:45:00,2026-02-12T00:30:00,5062.91097000,5043.472053005,5102.39546399,5043.222053005,5.261747785240777511555480198,102.2826784459205601363896329,-103.5981153922307545142785030,0E-23,-103.5981153922307545142785030,-1.012860798781346923488933804,stop,3,10124.66972919982525912468479
trend_ema,XAUUSD,15min,LONG,2026-02-12T01:45:00,2026-02-12T02:00:00,2026-02-13T03:00:00,5062.03173000,5035.209043845,5114.74524231,5034.959043845,3.774666590323017280639946700,101.2466972919982525912468479,-102.1903639395790069114068346,0E-23,-102.1903639395790069114068346,-1.009320468448063978027781536,stop,100,10022.47936526024625221327796
trend_ema,XAUUSD,15min,LONG,2026-02-18T19:15:00,2026-02-18T19:30:00,2026-02-18T20:00:00,4925.63562000,4915.257241000,4945.79696800,4915.007241000,9.657075893316524914163645363,100.2247936526024625221327796,-102.6390626259315937506736909,0E-23,-102.6390626259315937506736909,-1.024088540223863476174843875,stop,2,9919.840302634314658462604269
trend_ema,XAUUSD,15min,LONG,2026-02-19T05:30:00,2026-02-19T05:45:00,2026-02-19T10:00:00,4983.42397000,4971.581374850,5006.91659030,4971.331374850,8.376407516248087445987380789,99.19840302634314658462604269,-101.2925049054051684461228879,0E-23,-101.2925049054051684461228879,-1.021110237818101887912633744,stop,17,9818.547797728909490016481381
trend_ema,XAUUSD,15min,LONG,2026-02-19T12:30:00,2026-02-19T12:45:00,2026-02-19T16:00:00,4969.56681000,4959.226634080,4990.23594184,4990.08594184,9.495532642474529089072288609,98.18547797728909490016481381,194.8400861819584462205893933,0E-23,194.8400861819584462205893933,1.984408389059593485136759647,target,13,10013.38788391086793623707077
trend_ema,XAUUSD,15min,LONG,2026-02-19T20:15:00,2026-02-19T20:30:00,2026-02-19T21:00:00,5002.98451000,4992.913929085,5023.29757183,4992.663929085,9.943207813360653521184751605,100.1338788391086793623707077,-102.6196807924488427426668956,0E-23,-102.6196807924488427426668956,-1.024824784400235366164077934,stop,2,9910.768203118419093494403874
trend_ema,XAUUSD,15min,LONG,2026-02-19T22:00:00,2026-02-19T22:15:00,2026-02-19T22:45:00,4993.46472000,4982.554642550,5015.05777490,4982.304642550,9.084049355780163681142707079,99.10768203118419093494403874,-101.3786943701292318552297155,0E-23,-101.3786943701292318552297155,-1.022914594433057851482071743,stop,2,9809.389508748289861639174158
trend_ema,XAUUSD,15min,LONG,2026-02-20T18:45:00,2026-02-20T19:00:00,2026-02-20T20:00:00,5007.19830000,4995.348246195,5030.77429761,5030.62429761,8.277928244181748558431270480,98.09389508748289861639174158,193.9187272639531381354318876,0E-23,193.9187272639531381354318876,1.976868459459285974102798599,target,4,10003.30823601224299977460605
trend_ema,XAUUSD,15min,LONG,2026-02-20T22:30:00,2026-02-20T22:45:00,2026-02-20T23:15:00,5026.06655000,5014.220425960,5049.65517808,5013.970425960,8.444372355240206483414980390,100.0330823601224299977460605,-102.1441754489324816185998056,0E-23,-102.1441754489324816185998056,-1.021103949203624918315476291,stop,2,9901.164060563310518156006244
trend_ema,XAUUSD,15min,LONG,2026-02-23T16:30:00,2026-02-23T16:45:00,2026-02-23T18:00:00,5156.95851000,5144.666829850,5180.90398030,5144.416829850,8.055175484340365395983726638,99.01164060563310518156006244,-101.0254344767181965305559941,0E-23,-101.0254344767181965305559941,-1.020338960740041710245771405,stop,5,9800.138626086592321625450250
trend_ema,XAUUSD,15min,LONG,2026-02-23T19:45:00,2026-02-23T20:00:00,2026-02-24T01:30:00,5140.71560000,5126.328786010,5169.41179798,5169.26179798,6.811889437716009784613507921,98.00138626086592321625450250,194.4535445069120943271943549,0E-23,194.4535445069120943271943549,1.984191774484741218232710327,target,22,9994.592170593504415952644605
trend_ema,XAUUSD,15min,LONG,2026-02-24T11:15:00,2026-02-24T11:30:00,2026-02-24T12:00:00,5225.16984000,5212.439593470,5252.09094306,5212.189593470,7.851059401748682722448930143,99.94592170593504415952644605,-101.9086865563722148401386786,0E-23,-101.9086865563722148401386786,-1.019638268544984729372715455,stop,2,9892.683484037132201112505926
trend_ema,XAUUSD,15min,LONG,2026-02-24T13:30:00,2026-02-24T13:45:00,2026-02-24T15:00:00,5186.87888000,5166.271385010,5227.35616998,5166.021385010,4.800526938784970778785813950,98.92683484037132201112505926,-100.1269665750675647058215127,0E-23,-100.1269665750675647058215127,-1.012131508469191189161609011,stop,5,9792.556517462064636406684413
trend_ema,XAUUSD,15min,LONG,2026-03-02T12:15:00,2026-03-02T12:30:00,2026-03-02T14:15:00,5317.99282000,5296.305577840,5358.49855432,5358.34855432,4.515353517619441123262988646,97.92556517462064636406684413,182.2204069179276048372835413,0E-23,182.2204069179276048372835413,1.860805261557516541328646279,target,7,9974.776924379992241243967954
trend_ema,XAUUSD,15min,LONG,2026-03-02T21:15:00,2026-03-02T21:30:00,2026-03-03T01:00:00,5388.54981000,5372.246999460,5419.60851108,5371.996999460,6.118440068910959840697485008,99.74776924379992241243967954,-101.2773792610276623726140508,0E-23,-101.2773792610276623726140508,-1.015334779201819761808996647,stop,14,9873.499545118964578871353903
trend_ema,XAUUSD,15min,LONG,2026-03-03T12:45:00,2026-03-03T13:00:00,2026-03-03T16:45:00,5341.46779000,5320.563052060,5382.36646588,5320.313052060,4.723091757216720497607612632,98.73499545118964578871353903,-99.91576839049382591311544218,0E-23,-99.91576839049382591311544218,-1.011959011431644858974013046,stop,15,9773.583776728470752958238461
trend_ema,XAUUSD,15min,LONG,2026-03-05T15:15:00,2026-03-05T15:30:00,2026-03-05T16:45:00,5176.75267000,5162.689011665,5203.78723667,5162.439011665,6.949531582692897347721465718,97.73583776728470752958238461,-99.47322066295793186651275103,0E-23,-99.47322066295793186651275103,-1.017776313534141328384311890,stop,5,9674.110556065512821091725710
trend_ema,XAUUSD,15min,LONG,2026-03-05T17:45:00,2026-03-05T18:00:00,2026-03-05T19:00:00,5166.19114000,5148.077533010,5200.95282398,5147.827533010,5.340797424503198200996037902,96.74110556065512821091725710,-98.07630491678092776116626658,0E-23,-98.07630491678092776116626658,-1.013801778968596248648099878,stop,4,9576.034251148731893330559443
trend_ema,XAUUSD,15min,LONG,2026-03-06T16:30:00,2026-03-06T16:45:00,2026-03-06T19:15:00,5121.50625000,5107.365558475,5149.62467305,5107.115558475,6.771970263419441853166766852,95.76034251148731893330559443,-97.45333507734217939659728615,0E-23,-97.45333507734217939659728615,-1.017679474837423129488711479,stop,10,9478.580916071389713933962157
trend_ema,XAUUSD,15min,LONG,2026-03-10T11:15:00,2026-03-10T11:30:00,2026-03-10T12:15:00,5131.09931000,5115.990896295,5160.73638741,5160.58638741,6.273710199591989339117691414,94.78580916071389713933962157,184.9933783032755400584581078,0E-23,184.9933783032755400584581078,1.951699098644717711613656134,target,3,9663.574294374665253992420265
trend_ema,XAUUSD,15min,LONG,2026-03-10T14:45:00,2026-03-10T15:00:00,2026-03-10T19:30:00,5158.17822000,5141.462352145,5191.63131571,5191.48131571,5.781078420935306714287506710,96.63574294374665253992420265,192.5278079594241872241224604,0E-23,192.5278079594241872241224604,1.992304318201371663092750621,target,18,9856.102102334089441216542725
trend_ema,XAUUSD,15min,LONG,2026-03-10T21:15:00,2026-03-10T21:30:00,2026-03-10T21:30:00,5175.20319000,5163.271580040,5199.19852992,5163.021580040,8.260496391833185134738131119,98.56102102334089441216542725,-100.6261451212991906958499600,0E-23,-100.6261451212991906958499600,-1.020952746598163187023924473,stop,0,9755.475957212790250520692765
trend_ema,XAUUSD,15min,LONG,2026-03-11T05:15:00,2026-03-11T05:30:00,2026-03-11T06:30:00,5202.91902000,5183.076558875,5242.51679225,5182.826558875,4.916464694453466014045519651,97.55475957212790250520692765,-98.78387574574126900871830757,0E-23,-98.78387574574126900871830757,-1.012599243532598832293289928,stop,4,9656.692081467048981511974457
trend_ema,XAUUSD,15min,LONG,2026-03-11T07:30:00,2026-03-11T07:45:00,2026-03-11T21:30:00,5197.46689000,5179.994661175,5231.70934765,5179.744661175,5.526880501730750988783467044,96.56692081467048981511974457,-97.94864094010317756231561133,0E-23,-97.94864094010317756231561133,-1.014308420665959312720940169,stop,55,9558.743440526945803949658846
trend_ema,XAUUSD,15min,LONG,2026-03-17T16:45:00,2026-03-17T17:00:00,2026-03-17T17:00:00,5022.53486000,5011.508198150,5043.86341370,5011.258198150,8.668755395384638374441181259,95.58743440526945803949658846,-97.75462325411561763310688377,0E-23,-97.75462325411561763310688377,-1.022672319456318504951704853,stop,0,9460.988817272830186316551962
trend_ema,XAUUSD,15min,LONG,2026-03-17T18:00:00,2026-03-17T18:15:00,2026-03-17T21:00:00,5015.04477000,5003.381440860,5038.06911828,5003.131440860,8.111739541693865107125453172,94.60988817272830186316551962,-96.63782305815176813994688291,0E-23,-96.63782305815176813994688291,-1.021434703333768732175211511,stop,11,9364.350994214678418176605079
trend_ema,XAUUSD,15min,LONG,2026-03-20T16:45:00,2026-03-20T17:00:00,2026-03-20T17:30:00,4688.20828000,4667.210976165,4730.52496767,4666.960976165,4.459787345937921185573302478,93.64350994214678418176605079,-94.75845677863126447815937641,0E-23,-94.75845677863126447815937641,-1.011906290539230081108172906,stop,2,9269.592537436047153698445703
trend_ema,XAUUSD,15min,LONG,2026-03-20T18:30:00,2026-03-20T18:45:00,2026-03-20T20:30:00,4695.78147000,4674.237991910,4738.71521618,4673.987991910,4.302737236165586646783850724,92.69592537436047153698445703,-93.77160968340186819868041972,0E-23,-93.77160968340186819868041972,-1.011604440051675982650023435,stop,7,9175.820927752645285499765283
trend_ema,XAUUSD,15min,LONG,2026-03-23T09:45:00,2026-03-23T10:00:00,2026-03-23T10:00:00,4493.61672000,4481.277760775,4518.30189845,4481.027760775,7.436462638730087290242881310,91.75820927752645285499765283,-93.61732493720897467755837316,0E-23,-93.61732493720897467755837316,-1.020261028133837600877556997,stop,0,9082.203602815436310822206910
trend_ema,XAUUSD,15min,LONG,2026-03-24T02:30:00,2026-03-24T02:45:00,2026-03-24T11:30:00,4410.90676000,4346.769480230,4538.94914954,4346.519480230,1.416056876029782438467487707,90.82203602815436310822206910,-91.17605024716180871783894104,0E-24,-91.17605024716180871783894104,-1.003897889042012921029126459,stop,35,8991.027552568274502104367969
trend_ema,XAUUSD,15min,LONG,2026-03-25T00:45:00,2026-03-25T01:00:00,2026-03-25T07:15:00,4376.09431000,4343.675399915,4441.06347017,4440.91347017,2.773389829884613933067197367,89.91027552568274502104367969,179.7687995971398431460963255,0E-23,179.7687995971398431460963255,1.999424410014060471151092370,target,25,9170.796352165414345250464294
trend_ema,XAUUSD,15min,LONG,2026-03-25T16:15:00,2026-03-25T16:30:00,2026-03-25T17:00:00,4558.91466000,4542.163001920,4593.56181616,4541.913001920,5.474560373885934964863170305,91.70796352165414345250464294,-93.07660361512562719372043551,0E-23,-93.07660361512562719372043551,-1.014923895820108572798663522,stop,2,9077.719748550288718056743858
trend_ema,XAUUSD,15min,LONG,2026-03-25T18:00:00,2026-03-25T18:15:00,2026-03-25T18:45:00,4556.41650000,4537.555989910,4593.32395018,4537.305989910,4.813082840937250980817318848,90.77719748550288718056743858,-91.98046819573719992577176829,0E-23,-91.98046819573719992577176829,-1.013255208836189011047049576,stop,2,8985.739280354551518130972090
trend_ema,XAUUSD,15min,LONG,2026-03-27T18:30:00,2026-03-27T18:45:00,2026-03-27T19:30:00,4448.77746000,4431.618974315,4482.94032137,4431.368974315,5.236906942324118923628062630,89.85739280354551518130972090,-91.16661953912654491221673656,0E-23,-91.16661953912654491221673656,-1.014570050329007224392482861,stop,3,8894.572660815424973218755353
trend_ema,XAUUSD,15min,LONG,2026-03-27T20:30:00,2026-03-27T20:45:00,2026-03-27T21:30:00,4431.95278000,4416.400647600,4462.86576480,4416.150647600,5.719198134408516849572831153,88.94572660815424973218755353,-90.37552614175637894458076132,0E-23,-90.37552614175637894458076132,-1.016074966028452792750144025,stop,3,8804.197134673668594274174592
trend_ema,XAUUSD,15min,LONG,2026-03-28T04:15:00,2026-03-28T04:30:00,2026-03-30T10:30:00,4492.69744000,4467.315526585,4543.96607683,4467.065526585,3.468689294901870814798922279,88.04197134673668594274174592,-88.90914367046215364644147649,0E-23,-88.90914367046215364644147649,-1.009849533244891498263745062,stop,216,8715.287991003206440627733116
trend_ema,XAUUSD,15min,LONG,2026-03-31T00:30:00,2026-03-31T00:45:00,2026-03-31T00:45:00,4546.51758000,4526.090808455,4585.06007309,4525.840808455,4.266600804636945598457141366,87.15287991003206440627733116,-88.21953011119130080589161650,0E-23,-88.21953011119130080589161650,-1.012238840555359038260590680,stop,0,8627.068460892015139821841500
trend_ema,XAUUSD,15min,LONG,2026-03-31T01:45:00,2026-03-31T02:00:00,2026-03-31T04:30:00,4539.33361000,4516.742712465,4584.88887507,4516.492712465,3.818825014599852701169733095,86.27068460892015139821841500,-87.22539086257011457351084827,0E-23,-87.22539086257011457351084827,-1.011066404051130587362030634,stop,10,8539.843070029445025248330652
trend_ema,XAUUSD,15min,LONG,2026-04-01T12:30:00,2026-04-01T12:45:00,2026-04-01T17:45:00,4687.43760000,4665.140172850,4731.80289430,4731.65289430,3.829967920773964733078332157,85.39843070029445025248330652,169.3431587765799344508794013,0E-23,169.3431587765799344508794013,1.982977408225325225471136925,target,20,8709.186228806024959699210053
trend_ema,XAUUSD,15min,LONG,2026-04-01T21:00:00,2026-04-01T21:15:00,2026-04-01T22:30:00,4717.16041000,4699.336846240,4752.45977752,4752.30977752,4.886332691979005751709000565,87.09186228806024959699210053,171.7515036153610292910135290,0E-23,171.7515036153610292910135290,1.972072925106196607226657124,target,5,8880.937732421385988990223582
trend_ema,XAUUSD,15min,LONG,2026-04-01T23:45:00,2026-04-02T00:00:00,2026-04-02T01:45:00,4726.08425000,4706.630017360,4764.72925528,4764.57925528,4.565041395753241074118369123,88.80937732421385988990223582,175.7312926329395847252994907,0E-23,175.7312926329395847252994907,1.978747041445886605784930101,target,7,9056.669025054325573715523073
trend_ema,XAUUSD,15min,LONG,2026-04-06T21:45:00,2026-04-06T22:00:00,2026-04-06T22:15:00,4677.87751000,4664.346810530,4705.51574894,4664.096810530,6.693422646134882762062797536,90.56669025054325573715523073,-92.24004591207697642767093011,0E-23,-92.24004591207697642767093011,-1.018476502309011819327622683,stop,1,8964.428979142248597287852143
trend_ema,XAUUSD,15min,LONG,2026-04-08T17:30:00,2026-04-08T17:45:00,2026-04-08T18:30:00,4808.94419000,4791.041457585,4844.26611483,4790.791457585,5.007296523982732273490137032,89.64428979142248597287852143,-90.89611392241816904125105568,0E-23,-90.89611392241816904125105568,-1.013964348804684963504773469,stop,3,8873.532865219830428246601087
trend_ema,XAUUSD,15min,LONG,2026-04-10T04:30:00,2026-04-10T04:45:00,2026-04-10T10:00:00,4769.56177000,4753.831340085,4801.43812983,4753.581340085,5.640998315474094547813635573,88.73532865219830428246601087,-90.14557823106682791941941976,0E-23,-90.14557823106682791941941976,-1.015892763347911333928726893,stop,21,8783.387286988763600327181667
trend_ema,XAUUSD,15min,LONG,2026-04-11T00:45:00,2026-04-11T01:00:00,2026-04-11T02:00:00,4774.45823000,4758.917420115,4805.32837977,4758.667420115,5.651820820140457950352940481,87.83387286988763600327181667,-89.24682807492275049086005179,0E-23,-89.24682807492275049086005179,-1.016086677711777438682694496,stop,4,8694.140458913840849836321615
trend_ema,XAUUSD,15min,LONG,2026-04-15T08:45:00,2026-04-15T09:00:00,2026-04-15T11:15:00,4836.48470000,4827.122375010,4854.47920998,4854.32920998,9.286304916994598848930068614,86.94140458913840849836321615,165.7095607686331907658291217,0E-23,165.7095607686331907658291217,1.905991300137509966955334243,target,9,8859.850019682474040602150737
trend_ema,XAUUSD,15min,LONG,2026-04-15T12:15:00,2026-04-15T12:30:00,2026-04-15T13:00:00,4834.70448000,4821.293599530,4861.49744094,4821.043599530,6.606464086755426909417641493,88.59850019682474040602150737,-90.25011621851359713337591775,0E-23,-90.25011621851359713337591775,-1.018641579914103879862557600,stop,2,8769.599903463960443468774819
trend_ema,XAUUSD,15min,LONG,2026-04-15T14:00:00,2026-04-15T14:15:00,2026-04-15T16:30:00,4825.46393000,4813.469570140,4849.17298972,4813.219570140,7.311436379951968894377306784,87.69599903463960443468774819,-89.52385812962759665828207488,0E-23,-89.52385812962759665828207488,-1.020843129847531521369578118,stop,9,8680.076045334332846810492744
trend_ema,XAUUSD,15min,LONG,2026-04-16T11:30:00,2026-04-16T11:45:00,2026-04-16T18:00:00,4817.77695000,4807.057558570,4838.67054286,4806.807558570,8.097545557522693102000560814,86.80076045334332846810492744,-88.82514684272400174360506765,0E-23,-88.82514684272400174360506765,-1.023322219515217385806388078,stop,25,8591.250898491608845066887676
trend_ema,XAUUSD,15min,LONG,2026-04-18T03:15:00,2026-04-18T03:30:00,2026-04-18T06:30:00,4857.71912000,4839.946549260,4892.72366148,4839.696549260,4.833994487446675845987876302,85.91250898491608845066887676,-87.12100760677775741216584584,0E-23,-87.12100760677775741216584584,-1.014066620054989298638740430,stop,12,8504.129890884831087654721830
trend_ema,XAUUSD,15min,LONG,2026-04-22T18:00:00,2026-04-22T18:15:00,2026-04-22T20:00:00,4759.09979000,4750.461659865,4776.38355027,4750.211659865,9.844873552469154932052574165,85.04129890884831087654721830,-87.50251729696559960956036184,0E-23,-87.50251729696559960956036184,-1.028941448680779801657850342,stop,7,8416.627373587865488045161468
trend_ema,XAUUSD,15min,LONG,2026-04-22T23:15:00,2026-04-22T23:30:00,2026-04-23T00:30:00,4749.59030000,4739.266717225,4769.76682555,4739.016717225,8.152816281930635740986889571,84.16627373587865488045161468,-86.20447780636131381569833707,0E-23,-86.20447780636131381569833707,-1.024216399039818809415222614,stop,4,8330.422895781504174229463131
trend_ema,XAUUSD,15min,LONG,2026-04-24T00:00:00,2026-04-24T00:15:00,2026-04-24T03:00:00,4723.82938000,4708.705110590,4753.03322882,4708.455110590,5.507983671775590365015498048,83.30422895781504174229463131,-84.68122487575893933354850582,0E-23,-84.68122487575893933354850582,-1.016529724062882849691316098,stop,11,8245.741670905745234895914625
trend_ema,XAUUSD,15min,LONG,2026-04-25T04:15:00,2026-04-25T04:30:00,2026-04-25T06:00:00,4718.27344000,4706.057228750,4742.09794250,4705.807228750,6.749835527693371572054236231,82.45741670905745234895914625,-84.14487559098079524197270531,0E-23,-84.14487559098079524197270531,-1.020464610089318813965336430,stop,6,8161.596795314764439653941920
trend_ema,XAUUSD,15min,LONG,2026-04-27T15:30:00,2026-04-27T15:45:00,2026-04-27T19:30:00,4711.27719000,4702.274495655,4729.41487869,4702.024495655,9.065726861922872979260234920,81.61596795314764439653941920,-83.88239966862836264135447793,0E-23,-83.88239966862836264135447793,-1.027769464386941818360712101,stop,15,8077.714395646136077012587442
trend_ema,XAUUSD,15min,LONG,2026-04-30T12:30:00,2026-04-30T12:45:00,2026-04-30T14:15:00,4561.95241000,4550.169647080,4585.23911584,4549.919647080,6.855535030697312949934655430,80.77714395646136077012587442,-82.49102771413568900760953828,0E-23,-82.49102771413568900760953828,-1.021217434458912120757497173,stop,6,7995.223367932000388004977904
trend_ema,XAUUSD,15min,LONG,2026-04-30T23:30:00,2026-04-30T23:45:00,2026-05-01T02:15:00,4623.85204000,4609.471780170,4652.17836966,4609.221780170,5.559860157222208124736629257,79.95223367932000388004977904,-81.34219871862555591123393635,0E-23,-81.34219871862555591123393635,-1.017384943175953726838884246,stop,10,7913.881169213374832093743968
trend_ema,XAUUSD,15min,LONG,2026-05-01T03:15:00,2026-05-01T03:30:00,2026-05-01T15:45:00,4620.22836000,4605.611970460,4644.45239908,4605.361970460,5.414388517462414888604387844,79.13881169213374832093743968,-80.49240882149935204308853664,0E-23,-80.49240882149935204308853664,-1.017104087115072878661114282,stop,49,7833.388760391875480050655431
trend_ema,XAUUSD,15min,LONG,2026-05-02T03:30:00,2026-05-02T03:45:00,2026-05-02T05:30:00,4629.15110000,4612.785891820,4658.61646636,4612.535891820,4.786611129068982903736367521,78.33388760391875480050655431,-79.53054038618600052644064620,0E-23,-79.53054038618600052644064620,-1.015276310404992354946015725,stop,7,7753.858220005689479524214785
trend_ema,XAUUSD,15min,LONG,2026-05-05T17:45:00,2026-05-05T18:00:00,2026-05-05T22:15:00,4546.42814000,4533.480275095,4567.48327981,4567.33327981,5.988522645931707363241302513,77.53858220005689479524214785,125.1909031685534701405658838,0E-23,125.1909031685534701405658838,1.614562706931486940780681554,target,17,7879.049123174242949664780669
trend_ema,XAUUSD,15min,LONG,2026-05-06T22:00:00,2026-05-06T22:15:00,2026-05-07T00:00:00,4676.54227000,4660.108492460,4708.91188508,4708.76188508,4.794423621712383816085647627,78.79049123174242949664780669,154.4744836220325370235010789,0E-23,154.4744836220325370235010789,1.960572668187645431641884086,target,7,8033.523606796275486688281748
trend_ema,XAUUSD,15min,LONG,2026-05-07T01:00:00,2026-05-07T01:15:00,2026-05-07T16:30:00,4696.33335000,4678.378604140,4730.15892172,4730.00892172,4.474317636928265319756679501,80.33523606796275486688281748,150.6752044804387192706547935,0E-23,150.6752044804387192706547935,1.875580527988603899960742747,target,61,8184.198811276714205958936542
trend_ema,XAUUSD,15min,LONG,2026-05-07T19:45:00,2026-05-07T20:00:00,2026-05-07T23:30:00,4727.77592000,4713.641576235,4753.54587753,4753.39587753,5.790292741812845108737127522,81.84198811276714205958936542,148.3470541315123468943134390,0E-23,148.3470541315123468943134390,1.812603256009742310098681825,target,14,8332.545865408226552853249981
trend_ema,XAUUSD,15min,LONG,2026-05-12T02:30:00,2026-05-12T02:45:00,2026-05-12T08:00:00,4711.99771000,4695.871637960,4742.96711408,4742.81711408,5.167126777518864756884249899,83.32545865408226552853249981,159.2477680889421527652866594,0E-23,159.2477680889421527652866594,1.911153813746698355937643448,target,21,8491.793633497168705618536640
trend_ema,XAUUSD,15min,LONG,2026-05-12T11:00:00,2026-05-12T11:15:00,2026-05-12T11:30:00,4746.13606000,4734.660477945,4769.17521411,4734.410477945,7.399880540087488142333305498,84.91793633497168705618536640,-86.76790646999355909176869278,0E-23,-86.76790646999355909176869278,-1.021785387338245998886720522,stop,1,8405.025727027175146526767947
trend_ema,XAUUSD,15min,LONG,2026-05-12T12:30:00,2026-05-12T12:45:00,2026-05-12T14:45:00,4727.70090000,4717.164067075,4755.69154585,4716.914067075,7.976804592853668263442421383,84.05025727027175146526767947,-86.04445841848516853112828482,0E-23,-86.04445841848516853112828482,-1.023726294397896605160416359,stop,8,8318.981268608689977995639662
trend_ema,XAUUSD,15min,LONG,2026-05-13T11:00:00,2026-05-13T11:15:00,2026-05-13T11:30:00,4713.95990000,4702.700698500,4730.56911300,4702.450698500,7.388606792949473351192479913,83.18981268608689977995639662,-85.03696438432426811775451660,0E-23,-85.03696438432426811775451660,-1.022204061273794593692989685,stop,1,8233.944304224365709877885145
trend_ema,XAUUSD,15min,LONG,2026-05-13T13:15:00,2026-05-13T13:30:00,2026-05-13T19:15:00,4698.30009000,4689.401188715,4720.00845257,4689.151188715,9.252765077980484317596163946,82.33944304224365709877885145,-84.65263431173877817817789244,0E-23,-84.65263431173877817817789244,-1.028093355796788120006659901,stop,23,8149.291669912626931699707253
trend_ema,XAUUSD,15min,LONG,2026-05-18T09:45:00,2026-05-18T10:00:00,2026-05-18T10:00:00,4536.91036000,4528.970737360,4552.10983528,4528.720737360,10.26407933905612790143853393,81.49291669912626931699707253,-84.05893653389030129235670604,0E-23,-84.05893653389030129235670604,-1.031487642591537574637174444,stop,0,8065.232733378736630407350547
trend_ema,XAUUSD,15min,LONG,2026-05-18T14:45:00,2026-05-18T15:00:00,2026-05-18T22:45:00,4539.98574000,4522.897748000,4573.89457400,4573.74457400,4.719824736211683988620401126,80.65232733378736630407350547,159.3357797788640286322940106,0E-23,159.3357797788640286322940106,1.975588120593689416521262416,target,31,8224.568513157600659039644558
trend_ema,XAUUSD,15min,LONG,2026-05-19T00:15:00,2026-05-19T00:30:00,2026-05-19T00:30:00,4562.01495000,4543.349243005,4599.95668399,4543.099243005,4.406245375736757973811559104,82.24568513157600659039644558,-83.34724647551019608384933536,0E-23,-83.34724647551019608384933536,-1.013393545718196890618232915,stop,0,8141.221266682090462955795223
trend_ema,XAUUSD,15min,LONG,2026-05-19T10:15:00,2026-05-19T10:30:00,2026-05-19T11:15:00,4573.10137000,4560.797482960,4596.26968408,4560.547482960,6.616788044473212640089221124,81.41221266682090462955795223,-83.06640967793920778958025751,0E-23,-83.06640967793920778958025751,-1.020318782120418426728339014,stop,3,8058.154857004151255166214965
trend_ema,XAUUSD,15min,LONG,2026-05-19T12:15:00,2026-05-19T12:30:00,2026-05-19T12:45:00,4561.05455000,4547.708525995,4587.89641801,4547.458525995,6.037869296492510883331214992,80.58154857004151255166214965,-82.09101589416464027249495340,0E-23,-82.09101589416464027249495340,-1.018732170712890906417937317,stop,1,7976.063841109986614893720012
trend_ema,XAUUSD,15min,LONG,2026-05-21T08:15:00,2026-05-21T08:30:00,2026-05-21T11:00:00,4538.42843000,4530.500789435,4554.93522113,4554.78522113,10.06108157365732765773257533,79.76063841109986614893720012,164.5670098422046186915038641,0E-23,164.5670098422046186915038641,2.063260940741200216107426409,target,10,8140.630850952191233585223876
trend_ema,XAUUSD,15min,LONG,2026-05-22T04:45:00,2026-05-22T05:00:00,2026-05-22T15:45:00,4530.29243000,4514.934233765,4561.05526247,4514.684233765,5.300512329957341005146509561,81.40630850952191233585223876,-82.73143659201124758713886615,0E-23,-82.73143659201124758713886615,-1.016277953229316841060665091,stop,43,8057.899414360179985998085010
trend_ema,XAUUSD,15min,LONG,2026-05-25T15:15:00,2026-05-25T15:30:00,2026-05-25T20:15:00,4555.53171000,4545.882915630,4573.30838874,4573.15838874,8.351198196754793092349925382,80.57899414360179985998085010,147.2038877082640483940232864,0E-23,147.2038877082640483940232864,1.826827069172995548043791507,target,19,8205.103302068444034392108296
trend_ema,XAUUSD,15min,LONG,2026-05-27T11:15:00,2026-05-27T11:30:00,2026-05-27T12:00:00,4516.09897000,4505.262302445,4536.83087511,4505.012302445,7.571611162218073630285974290,82.05103302068444034392108296,-83.94393581123895875149257653,0E-23,-83.94393581123895875149257653,-1.023069822778188935592940223,stop,2,8121.159366257205075640615719
trend_ema,XAUUSD,15min,LONG,2026-05-29T09:15:00,2026-05-29T09:30:00,2026-05-29T11:00:00,4493.10584000,4485.474465985,4507.58375803,4507.43375803,10.64180493616811031851990250,81.21159366257205075640615719,152.4749088166660669437503539,0E-23,152.4749088166660669437503539,1.877501745011772955279534939,target,6,8273.634275073871142584366073
trend_ema,XAUUSD,15min,LONG,2026-05-29T13:00:00,2026-05-29T13:15:00,2026-05-29T16:00:00,4496.00796000,4485.700958905,4516.02124219,4515.87124219,8.027198405060294739965161586,82.73634275073871142584366073,159.4465071148305583845006754,0E-23,159.4465071148305583845006754,1.927164070995958305949903463,target,11,8433.080782188701700968866748
trend_ema,XAUUSD,15min,LONG,2026-05-29T17:15:00,2026-05-29T17:30:00,2026-05-29T19:45:00,4511.98617000,4500.048453445,4533.91970311,4533.76970311,7.064232714301283476041508968,84.33080782188701700968866748,153.8839472287271791158461023,0E-23,153.8839472287271791158461023,1.824765482547512203015277572,target,9,8586.964729417428880084712850
trend_ema,XAUUSD,15min,LONG,2026-05-30T03:30:00,2026-05-30T03:45:00,2026-06-01T08:00:00,4555.92702000,4537.196380600,4589.22285880,4536.946380600,4.584448264706558218233977026,85.86964729417428880084712850,-87.01575936035092835540562276,0E-23,-87.01575936035092835540562276,-1.013347115101687345494462939,stop,209,8499.948970057077951729307227
trend_ema,XAUUSD,15min,LONG,2026-06-02T19:30:00,2026-06-02T19:45:00,2026-06-02T23:00:00,4524.62540000,4513.763550995,4544.21321801,4513.513550995,7.825508314601246799167143483,84.99948970057077951729307227,-86.95586677922109121708485814,0E-23,-86.95586677922109121708485814,-1.023016339104411993250683197,stop,13,8412.993103277856860512222369
trend_ema,XAUUSD,15min,LONG,2026-06-04T15:45:00,2026-06-04T16:00:00,2026-06-04T21:45:00,4469.09922000,4457.383884170,4493.19730166,4493.04730166,7.181179631004958447283557188,84.12993103277856860512222369,171.9754762184354127604534327,0E-23,171.9754762184354127604534327,2.044165187196345185778596669,target,23,8584.968579496292273272675802
trend_ema,XAUUSD,15min,LONG,2026-06-05T00:00:00,2026-06-05T00:15:00,2026-06-05T00:45:00,4489.71701000,4472.851825890,4519.20894822,4472.601825890,5.090349754560901898907687526,85.84968579496292273272675802,-87.12227323360314820745367990,0E-23,-87.12227323360314820745367990,-1.014823437346987847380220506,stop,2,8497.846306262689125065222122
trend_ema,XAUUSD,15min,LONG,2026-06-05T01:45:00,2026-06-05T02:00:00,2026-06-05T09:00:00,4477.86365000,4463.098454240,4507.30098152,4462.848454240,5.755322478882385725352023455,84.97846306262689125065222122,-86.41729368234748768199022709,0E-23,-86.41729368234748768199022709,-1.016931709139764226194045395,stop,28,8411.429012580341637383231895
trend_ema,XAUUSD,15min,LONG,2026-06-08T11:00:00,2026-06-08T11:15:00,2026-06-08T11:15:00,4333.77292000,4322.317742955,4352.56160409,4322.067742955,7.342906163333193282289625140,84.11429012580341637383231895,-85.95001666663671469440472523,0E-23,-85.95001666663671469440472523,-1.021824193464484337003103910,stop,0,8325.478995913704922688827170
trend_ema,XAUUSD,15min,LONG,2026-06-12T10:30:00,2026-06-12T10:45:00,2026-06-12T11:00:00,4209.29214000,4186.259800495,4248.14613901,4186.009800495,3.614690984433587144055441523,83.25478995913704922688827170,-84.15846270524544601290213208,0E-23,-84.15846270524544601290213208,-1.010854303356622912024064487,stop,1,8241.320533208459476675925038
trend_ema,XAUUSD,15min,LONG,2026-06-12T12:00:00,2026-06-12T12:15:00,2026-06-12T15:30:00,4195.70658000,4175.131756140,4237.32368772,4174.881756140,4.005536372649393595671795480,82.41320533208459476675925038,-83.41458942524694316567719924,0E-23,-83.41458942524694316567719924,-1.012150772307996808289565595,stop,13,8157.905943783212533510247839
trend_ema,XAUUSD,15min,LONG,2026-06-13T04:45:00,2026-06-13T05:00:00,2026-06-15T08:00:00,4217.97192000,4199.261943870,4251.40631226,4251.25631226,4.360190460479872634402044980,81.57905943783212533510247839,145.1262896149221085982772357,0E-23,145.1262896149221085982772357,1.778964977225761965736938651,target,204,8303.032233398134642108525075
trend_ema,XAUUSD,15min,LONG,2026-06-15T15:45:00,2026-06-15T16:00:00,2026-06-15T18:30:00,4310.87482000,4299.149772460,4334.63406508,4334.48406508,7.081448672231255313194683281,83.03032233398134642108525075,167.1876572241482971252654353,0E-23,167.1876572241482971252654353,2.013573505732668440847959239,target,10,8470.219890622282939233790510
trend_ema,XAUUSD,15min,LONG,2026-06-16T02:00:00,2026-06-16T02:15:00,2026-06-16T02:30:00,4350.78264000,4338.955822165,4376.11372567,4338.705822165,7.161875670018116026248738201,84.70219890622282939233790510,-86.49266782372735839890008965,0E-23,-86.49266782372735839890008965,-1.021138399482247542371147040,stop,1,8383.727222798555580834890420
trend_ema,XAUUSD,15min,LONG,2026-06-16T21:00:00,2026-06-16T21:15:00,2026-06-17T00:15:00,4340.76293000,4331.222245050,4356.80295990,4330.972245050,8.787343117119233227416120076,83.83727222798555580834890420,-86.03410800726536411520293422,0E-23,-86.03410800726536411520293422,-1.026203569377898805892337950,stop,12,8297.693114791290216719687486
trend_ema,XAUUSD,15min,LONG,2026-06-18T04:30:00,2026-06-18T04:45:00,2026-06-18T04:45:00,4311.94590000,4292.694382305,4371.90763539,4292.444382305,4.310150111929287150531685645,82.97693114791290216719687486,-84.05446867589522395482979626,0E-23,-84.05446867589522395482979626,-1.012985989154763104509615651,stop,0,8213.638646115394992764857690
trend_ema,XAUUSD,15min,LONG,2026-06-18T13:00:00,2026-06-18T13:15:00,2026-06-18T17:30:00,4310.96882000,4294.422527065,4343.51705587,4294.172527065,4.964035556714501617618591792,82.13638646115394992764857690,-83.37739535033257533205322484,0E-23,-83.37739535033257533205322484,-1.015109124501910675256638686,stop,17,8130.261250765062417432804465
trend_ema,XAUUSD,15min,LONG,2026-06-22T13:00:00,2026-06-22T13:15:00,2026-06-22T19:30:00,4181.69888000,4166.562577820,4209.69466436,4209.54466436,5.371365577986275652850902891,81.30261250765062417432804465,149.5698876033325948688044611,0E-23,149.5698876033325948688044611,1.839668898576389282947045392,target,25,8279.831138368395012301608926
trend_ema,XAUUSD,15min,LONG,2026-06-22T22:30:00,2026-06-22T22:45:00,2026-06-22T23:00:00,4202.58470000,4192.337533930,4221.91737214,4192.087533930,8.080118036350312620923112380,82.79831138368395012301608926,-84.81834089277152827824686735,0E-23,-84.81834089277152827824686735,-1.024396989205816589249441138,stop,1,8195.012797475623484023362059
trend_ema,XAUUSD,60min,LONG,2025-02-19T23:00:00,2025-02-20T00:00:00,2025-02-20T03:00:00,2933.98008000,2923.830626530,2953.10901694,2923.580626530,9.852747273100213542828331228,100.00,-102.4631868182750533857070828,0E-23,-102.4631868182750533857070828,-1.024631868182750533857070828,stop,3,9897.536813181724946614292917
trend_ema,XAUUSD,60min,LONG,2025-02-21T00:00:00,2025-02-21T01:00:00,2025-02-21T19:00:00,2933.80991000,2923.264093360,2955.53187328,2923.014093360,9.385272995967550737364510936,98.97536813181724946614292917,-101.3216863808091371504840569,0E-23,-101.3216863808091371504840569,-1.023706082566593913394648212,stop,17,9796.215126800915809463808860
trend_ema,XAUUSD,60min,LONG,2025-03-12T17:00:00,2025-03-12T18:00:00,2025-03-13T03:00:00,2912.04990000,2903.192430665,2929.43495867,2929.28495867,11.05983521511216816362120531,97.96215126800915809463808860,190.6169088129902889309176332,0E-23,190.6169088129902889309176332,1.945821997023035699846427975,target,9,9986.832035613906098394726493
trend_ema,XAUUSD,60min,LONG,2025-03-15T05:00:00,2025-03-15T06:00:00,2025-03-18T12:00:00,2983.67002000,2972.499248725,3005.89114255,3005.74114255,8.940145483028794803064953537,99.86832035613906098394726493,197.3190465707574752772497051,0E-23,197.3190465707574752772497051,1.975792181816022367712474714,target,28,10184.15108218466357367197620
trend_ema,XAUUSD,60min,LONG,2025-03-19T19:00:00,2025-03-19T20:00:00,2025-03-20T05:00:00,3025.12998000,3015.384075305,3044.89175939,3044.74175939,10.44967235048943147260273532,101.8415108218466357367197620,204.9366688355814885672076742,0E-23,204.9366688355814885672076742,2.012309785879760237076687318,target,9,10389.08775102024506223918387
trend_ema,XAUUSD,60min,LONG,2025-03-20T18:00:00,2025-03-20T19:00:00,2025-03-20T21:00:00,3042.50010000,3031.982857760,3063.17392448,3031.732857760,9.878148200778006480755152664,103.8908775102024506223918387,-106.3604145603969522425806269,0E-23,-106.3604145603969522425806269,-1.023770489857995321785038585,stop,2,10282.72733645984810999660324
trend_ema,XAUUSD,60min,LONG,2025-03-20T22:00:00,2025-03-20T23:00:00,2025-03-21T16:00:00,3034.70005000,3023.754825585,3056.35070883,3023.504825585,9.394715856504298189848127696,102.8272733645984810999660324,-105.1759523287245556474280643,0E-23,-105.1759523287245556474280643,-1.022841011798477592019295293,stop,16,10177.55138413112355434917518
trend_ema,XAUUSD,60min,LONG,2025-03-29T01:00:00,2025-03-29T02:00:00,2025-03-31T09:00:00,3070.04990000,3057.385245325,3096.51929935,3096.36929935,8.036185466802807676514223772,101.7755138413112355434917518,211.5075745514492629394234714,0E-23,211.5075745514492629394234714,2.078177417814197132856289269,target,6,10389.05895868257281728859865
trend_ema,XAUUSD,60min,LONG,2025-03-31T11:00:00,2025-03-31T12:00:00,2025-03-31T13:00:00,3079.04990000,3066.383106200,3104.62342760,3104.47342760,8.201806331356379084096718027,103.8905895868257281728859865,208.5188496350936490805956318,0E-23,208.5188496350936490805956318,2.007100455049643264896283383,target,1,10597.57780831766646636919428
trend_ema,XAUUSD,60min,LONG,2025-04-14T18:00:00,2025-04-14T19:00:00,2025-04-17T14:00:00,3227.29990000,3205.776590075,3269.80717985,3269.65717985,4.923767694302560421068319621,105.9757780831766646636919428,208.5574061439628023267246502,0E-23,208.5574061439628023267246502,1.967972398185870568418161177,target,2,10806.13521446162926869591893
trend_ema,XAUUSD,60min,LONG,2025-04-22T18:00:00,2025-04-22T19:00:00,2025-04-22T23:00:00,3444.25000000,3417.507763535,3497.13447293,3417.257763535,4.040849473679810746784494462,108.0613521446162926869591893,-109.0715645130362453736553129,0E-23,-109.0715645130362453736553129,-1.009348507568811522735146078,stop,4,10697.06364994859302332226362
trend_ema,XAUUSD,60min,LONG,2025-04-23T00:00:00,2025-04-23T01:00:00,2025-04-23T02:00:00,3430.00000000,3399.304996360,3490.94000728,3399.054996360,3.484952722406190606766210379,106.9706364994859302332226362,-107.8418746800874778849141888,0E-23,-107.8418746800874778849141888,-1.008144647999787629280763298,stop,1,10589.22177526850554543734943
trend_ema,XAUUSD,60min,LONG,2025-04-23T03:00:00,2025-04-23T04:00:00,2025-04-23T07:00:00,3414.15000000,3380.021205170,3484.35758966,3379.771205170,3.102723617407179785093322450,105.8922177526850554543734943,-106.6678986570368504006468249,0E-23,-106.6678986570368504006468249,-1.007325192736669512217874000,stop,3,10482.55387661146869503670261
trend_ema,XAUUSD,60min,LONG,2025-04-23T10:00:00,2025-04-23T11:00:00,2025-04-23T13:00:00,3384.95000000,3345.613307470,3465.57338506,3345.363307470,2.664828485164832615132094485,104.8255387661146869503670261,-105.4917458874058951041500497,0E-24,-105.4917458874058951041500497,-1.006355389432127226177853748,stop,2,10377.06213072406279993255256
trend_ema,XAUUSD,60min,LONG,2025-04-29T11:00:00,2025-04-29T12:00:00,2025-04-29T15:00:00,3326.85000000,3309.829178565,3361.34164287,3309.579178565,6.096687031441184260289816359,103.7706213072406279993255256,-105.2947930651009240643979797,0E-23,-105.2947930651009240643979797,-1.014687892764442246791011000,stop,3,10271.76733765896187586815458
trend_ema,XAUUSD,60min,LONG,2025-05-07T08:00:00,2025-05-07T09:00:00,2025-05-08T15:00:00,3380.95000000,3356.844761855,3431.17047629,3356.594761855,4.261217946021234745145536740,102.7176733765896187586815458,-103.7829778630949274449679300,0E-23,-103.7829778630949274449679300,-1.010371189800995844921987598,stop,30,10167.98435979586694842318665
trend_ema,XAUUSD,60min,LONG,2025-05-16T11:00:00,2025-05-16T12:00:00,2025-05-16T18:00:00,3222.26000000,3200.819841635,3265.23031673,3200.569841635,4.742494988467342390557564639,101.6798435979586694842318665,-102.8654673450755050818712577,0E-23,-102.8654673450755050818712577,-1.011660361632781251147255694,stop,6,10065.11889245079144334131539
trend_ema,XAUUSD,60min,LONG,2025-05-22T18:00:00,2025-05-22T19:00:00,2025-05-22T20:00:00,3311.12000000,3294.376336500,3344.81732700,3294.126336500,6.011300270368424116586740644,100.6511889245079144334131539,-102.1540139921000204625598391,0E-23,-102.1540139921000204625598391,-1.014931021517483315404660396,stop,1,9962.964878458691422878755551
trend_ema,XAUUSD,60min,LONG,2025-05-22T21:00:00,2025-05-22T22:00:00,2025-05-22T23:00:00,3314.24000000,3294.943205640,3353.76358872,3294.693205640,5.163015520915097435322804337,99.62964878458691422878755551,-100.9204026648156885876182566,0E-23,-100.9204026648156885876182566,-1.012955519727059992362379095,stop,1,9862.044475793875734291137294
trend_ema,XAUUSD,60min,LONG,2025-05-23T00:00:00,2025-05-23T01:00:00,2025-05-23T21:00:00,3296.93000000,3274.371950725,3341.83609855,3341.68609855,4.371851641765631232442255269,98.62044475793875734291137294,195.6670229248418874421435340,0E-23,195.6670229248418874421435340,1.984041173258763528434574714,target,20,10057.71149871871762173328083
trend_ema,XAUUSD,60min,LONG,2025-05-26T11:00:00,2025-05-26T12:00:00,2025-05-26T17:00:00,3345.05000000,3334.770019760,3365.51996048,3334.520019760,9.783784855522949547744734605,100.5771149871871762173328083,-103.0230612010679136042689920,0E-23,-103.0230612010679136042689920,-1.024319112893547740904996137,stop,5,9954.688437517649708129011838
trend_ema,XAUUSD,60min,LONG,2025-05-26T23:00:00,2025-05-27T00:00:00,2025-05-27T15:00:00,3338.56000000,3327.120890915,3360.65821817,3326.870890915,8.702328444940823560761604397,99.54688437517649708129011838,-101.7224664864117029714805195,0E-23,-101.7224664864117029714805195,-1.021854848847260555693879022,stop,15,9852.965971031238005157531318
trend_ema,XAUUSD,60min,LONG,2025-06-03T13:00:00,2025-06-03T14:00:00,2025-06-03T23:00:00,3361.29000000,3347.291321760,3391.71735648,3347.041321760,7.038497351040792266368664902,98.52965971031238005157531318,-100.2892840480725781181674794,0E-23,-100.2892840480725781181674794,-1.017858828934695194480018279,stop,9,9752.676686983165427039363839
trend_ema,XAUUSD,60min,LONG,2025-06-04T00:00:00,2025-06-04T01:00:00,2025-06-05T00:00:00,3346.45000000,3330.525879195,3378.80860161,3378.65860161,6.124467910291745257228575665,97.52676686983165427039363839,197.2605469958160418616821663,0E-23,197.2605469958160418616821663,2.022629820786517199496967770,target,23,9949.937233978981468901046005
trend_ema,XAUUSD,60min,LONG,2025-06-12T17:00:00,2025-06-12T18:00:00,2025-06-12T20:00:00,3346.70000000,3327.523392850,3383.04321430,3382.89321430,5.188580626463415593775172062,99.49937233978981468901046005,187.7914105264186516954665485,0E-23,187.7914105264186516954665485,1.887362765315865585743096375,target,2,10137.72864450540012059651255
trend_ema,XAUUSD,60min,LONG,2025-06-14T22:00:00,2025-06-14T23:00:00,2025-06-16T00:00:00,3432.55000000,3422.443169500,3451.41366100,3451.26366100,10.03057154713873960842275187,101.3772864450540012059651255,187.7087155693998929992961232,0E-23,187.7087155693998929992961232,1.851585519317851427309481444,target,1,10325.43736007480001359580867
trend_ema,XAUUSD,60min,LONG,2025-06-16T10:00:00,2025-06-16T11:00:00,2025-06-16T15:00:00,3436.52012000,3422.276648055,3465.84670389,3422.026648055,7.249241898285495596976660223,103.2543736007480001359580867,-105.0666840753193740352022518,0E-23,-105.0666840753193740352022518,-1.017551900334788773300034046,stop,4,10220.37067599948063956060642
trend_ema,XAUUSD,60min,LONG,2025-06-23T08:00:00,2025-06-23T09:00:00,2025-06-23T10:00:00,3379.04000000,3360.503781405,3415.87243719,3360.253781405,5.513730119020254594467683779,102.2037067599948063956060642,-103.5821392897498700442229851,0E-23,-103.5821392897498700442229851,-1.013487108965548968268411813,stop,1,10116.78853670973076951638343
trend_ema,XAUUSD,60min,LONG,2025-07-02T07:00:00,2025-07-02T08:00:00,2025-07-03T05:00:00,3338.08000000,3315.808929555,3354.78214089,3354.63214089,4.542569501404911374710701935,101.1678853670973076951638343,75.18925038987114601217512142,0E-23,75.18925038987114601217512142,0.7432126323194340737940223420,target,21,10191.97778709960191552855855
trend_ema,XAUUSD,60min,LONG,2025-07-03T10:00:00,2025-07-03T11:00:00,2025-07-03T22:00:00,3340.75000000,3325.727366605,3369.44526679,3325.477366605,6.784414901911810858996575114,101.9197778709960191552855855,-103.6158815964739718700347293,0E-23,-103.6158815964739718700347293,-1.016641556338797948813287938,stop,11,10088.36190550312794365852382
trend_ema,XAUUSD,60min,LONG,2025-07-03T23:00:00,2025-07-04T00:00:00,2025-07-07T11:00:00,3331.75000000,3312.841475860,3369.74704828,3312.591475860,5.335351310767677896440268563,100.8836190550312794365852382,-102.2174568827231989106953053,0E-23,-102.2174568827231989106953053,-1.013221550140507158587788121,stop,57,9986.144448620404744747828515
trend_ema,XAUUSD,60min,LONG,2025-07-12T07:00:00,2025-07-12T08:00:00,2025-07-14T08:00:00,3344.05000000,3330.728612530,3370.24277494,3370.09277494,7.496324591645861603894799492,99.86144448620404744747828515,195.2250942174205779326196906,0E-23,195.2250942174205779326196906,1.954959646556996363682828903,target,20,10181.36954283782532268044821
trend_ema,XAUUSD,60min,LONG,2025-07-22T15:00:00,2025-07-22T16:00:00,2025-07-22T22:00:00,3385.48000000,3375.585016215,3405.51014757,3405.36014757,10.28942519165313146865399154,101.8136954283782532268044821,204.5552912205397858494521811,0E-23,204.5552912205397858494521811,2.009113708719432732248787611,target,6,10385.92483405836510852990039
trend_ema,XAUUSD,60min,LONG,2025-07-23T22:00:00,2025-07-23T23:00:00,2025-07-23T23:00:00,3421.22000000,3410.358325420,3442.46334916,3410.108325420,9.561992266995689267400147418,103.8592483405836510852990039,-106.2497464073325734021490408,0E-23,-106.2497464073325734021490408,-1.023016708718224183807208115,stop,0,10279.67508765103253512775135
trend_ema,XAUUSD,60min,LONG,2025-07-24T00:00:00,2025-07-24T01:00:00,2025-07-24T01:00:00,3411.96000000,3400.491413250,3434.44717350,3400.241413250,8.963332023146646673904918014,102.7967508765103253512775135,-105.0375838822969870197537430,0E-23,-105.0375838822969870197537430,-1.021798675412208047342886428,stop,0,10174.63750376873554810799761
trend_ema,XAUUSD,60min,LONG,2025-07-24T10:00:00,2025-07-24T11:00:00,2025-07-24T12:00:00,3395.66000000,3385.005360740,3416.51927852,3384.755360740,9.549490372674274425043272286,101.7463750376873554810799761,-104.1337476308559240873407942,0E-23,-104.1337476308559240873407942,-1.023463957239599682138839490,stop,1,10070.50375613787962402065682
trend_ema,XAUUSD,60min,LONG,2025-08-04T10:00:00,2025-08-04T11:00:00,2025-08-04T23:00:00,3353.95000000,3343.360393780,3374.67921244,3374.52921244,9.509800031202557429959521970,100.7050375613787962402065682,195.7041951040360580224374232,0E-23,195.7041951040360580224374232,1.943340669375711687228347193,target,12,10266.20795124191568204309424
trend_ema,XAUUSD,60min,LONG,2025-08-05T07:00:00,2025-08-05T08:00:00,2025-08-05T20:00:00,3371.35000000,3361.998496255,3389.60300749,3361.748496255,10.97813595672352017225556299,102.6620795124191568204309424,-105.4066135016000368634948331,0E-23,-105.4066135016000368634948331,-1.026733668382870331620660651,stop,12,10160.80133774031564517959941
trend_ema,XAUUSD,60min,LONG,2025-08-18T21:00:00,2025-08-18T22:00:00,2025-08-19T00:00:00,3342.15000000,3331.126726215,3363.74654757,3330.876726215,9.217589561793067308070675313,101.6080133774031564517959941,-103.9124107678514232788136629,0E-23,-103.9124107678514232788136629,-1.022679287920816166138615054,stop,2,10056.88892697246422190078575
trend_ema,XAUUSD,60min,LONG,2025-08-19T01:00:00,2025-08-19T02:00:00,2025-08-20T00:00:00,3333.42000000,3323.275765240,3353.28846952,3323.025765240,9.913896084727897426834378338,100.5688892697246422190078575,-103.0473632909066165757164521,0E-23,-103.0473632909066165757164521,-1.024644540067801033421667383,stop,22,9953.841563681557605325069298
trend_ema,XAUUSD,60min,LONG,2025-08-21T13:00:00,2025-08-21T14:00:00,2025-08-21T20:00:00,3334.47000000,3328.373279890,3346.24344022,3328.123279890,16.32655162790728407790573364,99.53841563681557605325069298,-103.6200535437923970727271264,0E-23,-103.6200535437923970727271264,-1.041005654760162509740011667,stop,6,9850.221510137765208252342172
trend_ema,XAUUSD,60min,LONG,2025-08-29T19:00:00,2025-08-29T20:00:00,2025-08-29T23:00:00,3409.43000000,3400.324806245,3427.19038751,3427.04038751,10.81824481190050766608023947,98.50221510137765208252342172,190.5134833156149995653986998,0E-23,190.5134833156149995653986998,1.934103543961322325534631086,target,3,10040.73499345338020781774087
trend_ema,XAUUSD,60min,LONG,2025-09-01T10:00:00,2025-09-01T11:00:00,2025-09-01T12:00:00,3457.09000000,3447.929879870,3474.99024026,3474.84024026,10.96135733042332951131039465,100.4073499345338020781774087,194.5667261907263063349078925,0E-23,194.5667261907263063349078925,1.937773741838470845469141244,target,1,10235.30171964410651415264876
trend_ema,XAUUSD,60min,LONG,2025-09-02T16:00:00,2025-09-02T17:00:00,2025-09-03T01:00:00,3500.44000000,3484.399712270,3532.10057546,3531.95057546,6.380996333688651677417664851,102.3530171964410651415264876,201.0688664826795988269249062,0E-23,201.0688664826795988269249062,1.964464477845124041300473604,target,8,10436.37058612678611297957367
trend_ema,XAUUSD,60min,LONG,2025-09-04T11:00:00,2025-09-04T12:00:00,2025-09-04T12:00:00,3559.42000000,3545.686814935,3586.16637013,3545.436814935,7.599381015205729416841273500,104.3637058612678611297957367,-106.2635511150692934840060551,0E-23,-106.2635511150692934840060551,-1.018204080030723739467789660,stop,0,10330.10703501171681949556761
trend_ema,XAUUSD,60min,LONG,2025-09-04T16:00:00,2025-09-04T17:00:00,2025-09-05T22:00:00,3547.19000000,3530.939617060,3579.21076588,3579.06076588,6.356839142285293628591602660,103.3010703501171681949556761,202.5973320405946014038986425,0E-23,202.5973320405946014038986425,1.961231682827038659311741733,target,29,10532.70436705231142089946625
trend_ema,XAUUSD,60min,LONG,2025-09-08T11:00:00,2025-09-08T12:00:00,2025-09-08T17:00:00,3598.13000000,3587.178929900,3619.58214020,3619.43214020,9.617968171943590627640550169,105.3270436705231142089946625,204.8833064378800740414049949,0E-23,204.8833064378800740414049949,1.945210833779613921017636441,target,5,10737.58767349019149494087124
trend_ema,XAUUSD,60min,LONG,2025-09-10T00:00:00,2025-09-10T01:00:00,2025-09-10T07:00:00,3654.20000000,3636.501361330,3688.75727734,3636.251361330,6.066900327023960591959399124,107.3758767349019149494087124,-108.8926018166579050973985622,0E-23,-108.8926018166579050973985622,-1.014125380186655903970720478,stop,6,10628.69507167353358984347268
trend_ema,XAUUSD,60min,LONG,2025-09-10T08:00:00,2025-09-10T09:00:00,2025-09-11T15:00:00,3642.11000000,3625.831856165,3674.84628767,3625.581856165,6.529426929390155244222581032,106.2869507167353358984347268,-107.9193074490828747094903721,0E-23,-107.9193074490828747094903721,-1.015358016401260039609423933,stop,30,10520.77576422445071513398231
trend_ema,XAUUSD,60min,LONG,2025-09-12T18:00:00,2025-09-12T19:00:00,2025-09-13T14:00:00,3641.14000000,3629.846522060,3663.30695588,3629.596522060,9.315797861490709845167486386,105.2077576422445071513398231,-107.5367071076171846126316947,0E-23,-107.5367071076171846126316947,-1.022136670503825325575479895,stop,19,10413.23905711683353052135062
trend_ema,XAUUSD,60min,LONG,2025-09-17T05:00:00,2025-09-17T06:00:00,2025-09-17T16:00:00,3695.15000000,3683.277952695,3718.47409461,3683.027952695,8.771224363915077518739174717,104.1323905711683353052135062,-106.3251966621471046848982999,0E-23,-106.3251966621471046848982999,-1.021057867575604307280849400,stop,10,10306.91386045468642583645232
trend_ema,XAUUSD,60min,LONG,2025-09-24T04:00:00,2025-09-24T05:00:00,2025-09-25T01:00:00,3767.96000000,3749.518486015,3804.36302797,3749.268486015,5.588973805967420643873156665,103.0691386045468642583645232,-104.4663820560387194193328124,0E-23,-104.4663820560387194193328124,-1.013556370708139557339060848,stop,20,10202.44747839864770641711951
trend_ema,XAUUSD,60min,LONG,2025-09-25T06:00:00,2025-09-25T07:00:00,2025-09-25T23:00:00,3747.44000000,3730.111372805,3781.64725439,3729.861372805,5.887625928811291335774576060,102.0244747839864770641711951,-103.4963812661892998981148391,0E-23,-103.4963812661892998981148391,-1.014426993967077494161533319,stop,16,10098.95109713245840651900467
trend_ema,XAUUSD,60min,LONG,2025-09-30T18:00:00,2025-09-30T19:00:00,2025-09-30T19:00:00,3830.27000000,3810.189334730,3869.98133054,3809.939334730,5.029191494078651312790397741,100.9895109713245840651900467,-102.2468088448442468933876461,0E-23,-102.2468088448442468933876461,-1.012449786729600717058314871,stop,0,9996.704288287614159625617024
trend_ema,XAUUSD,60min,LONG,2025-09-30T20:00:00,2025-09-30T21:00:00,2025-10-01T06:00:00,3827.14000000,3805.161518210,3870.67696358,3870.52696358,4.548405291959710998593782771,99.96704288287614159625617024,197.3414947493352479233138843,0E-23,197.3414947493352479233138843,1.974065542586324385056625879,target,9,10194.04578303694940754893091
trend_ema,XAUUSD,60min,LONG,2025-10-02T01:00:00,2025-10-02T02:00:00,2025-10-02T10:00:00,3878.47000000,3858.464782415,3918.06043517,3858.214782415,5.095693530811926636462490098,101.9404578303694940754893091,-103.2143812130724757346049316,0E-23,-103.2143812130724757346049316,-1.012496739859877909945761782,stop,8,10090.83140182387693181432598
trend_ema,XAUUSD,60min,LONG,2025-10-07T17:00:00,2025-10-07T18:00:00,2025-10-08T02:00:00,3965.46000000,3948.463401755,3998.97319649,3998.82319649,5.936971184685360509804958316,100.9083140182387693181432598,198.0763361901257615151093959,0E-23,198.0763361901257615151093959,1.962933759395923169330640374,target,8,10288.90773801400269332943538
trend_ema,XAUUSD,60min,LONG,2025-10-09T09:00:00,2025-10-09T10:00:00,2025-10-10T03:00:00,4038.68000000,4017.991216525,4079.57756695,4017.741216525,4.973181603667976274438454086,102.8890773801400269332943538,-104.1323727810570210019039673,0E-23,-104.1323727810570210019039673,-1.012083842450286942258213179,stop,17,10184.77536523294567232753141
trend_ema,XAUUSD,60min,LONG,2025-10-18T05:00:00,2025-10-18T06:00:00,2025-10-21T06:00:00,4251.17000000,4178.885427590,4395.28914482,4395.13914482,1.408983276191305573267280728,101.8477536523294567232753141,202.8501173389441301025902597,0E-24,202.8501173389441301025902597,1.991699473622161251987683992,target,40,10387.62548257188980243012167
trend_ema,XAUUSD,60min,LONG,2025-10-21T16:00:00,2025-10-21T17:00:00,2025-10-21T18:00:00,4326.30000000,4290.179060065,4398.66187987,4289.929060065,2.875790469811839851401176355,103.8762548257188980243012167,-104.5952024431718579871515108,0E-23,-104.5952024431718579871515108,-1.006921193093254980381506509,stop,1,10283.03028012871794444297016
trend_ema,XAUUSD,60min,LONG,2025-10-31T13:00:00,2025-10-31T14:00:00,2025-11-01T03:00:00,4009.67000000,3978.314106480,4071.06178704,3978.064106480,3.279456945970875954308627261,102.8303028012871794444297016,-103.6501670377798984330068584,0E-23,-103.6501670377798984330068584,-1.007972982809134121590804535,stop,13,10179.38011309093804600996330
trend_ema,XAUUSD,60min,LONG,2025-11-12T02:00:00,2025-11-12T03:00:00,2025-11-13T02:00:00,4107.66205000,4087.353126465,4147.99231707,4147.84231707,5.012269653557951635672433635,101.7938011309093804600996330,201.3943333068148724434617225,0E-23,201.3943333068148724434617225,1.978453806315933819876879063,target,23,10380.77444639775291845342502
trend_ema,XAUUSD,60min,LONG,2025-11-14T01:00:00,2025-11-14T02:00:00,2025-11-14T05:00:00,4199.08753000,4172.669741945,4251.09837611,4172.419741945,3.929463899394491874862391851,103.8077444639775291845342502,-104.7901104388261521532498482,0E-23,-104.7901104388261521532498482,-1.009463320679214980551860590,stop,3,10275.98433595892676630017517
trend_ema,XAUUSD,60min,LONG,2025-11-14T08:00:00,2025-11-14T09:00:00,2025-11-14T22:00:00,4171.69413000,4142.128544285,4230.38130143,4141.878544285,3.475657284457395626569333186,102.7598433595892676630017517,-103.6287576807036165696440850,0E-23,-103.6287576807036165696440850,-1.008455777010809000981092182,stop,13,10172.35557827822314973053108
trend_ema,XAUUSD,60min,LONG,2025-11-25T19:00:00,2025-11-25T20:00:00,2025-11-26T04:00:00,4116.49911000,4095.802229775,4157.07972045,4156.92972045,4.914922185224282105411145887,101.7235557827822314973053108,198.7133042628656956847838764,0E-23,198.7133042628656956847838764,1.953464000876972751578070264,target,8,10371.06888254108884541531496
trend_ema,XAUUSD,60min,LONG,2025-11-26T06:00:00,2025-11-26T07:00:00,2025-11-28T11:00:00,4133.51559000,4109.250018110,4181.34686378,4181.19686378,4.273984940291093566068561741,103.7106888254108884541531496,203.7890460696165852193116106,0E-23,203.7890460696165852193116106,1.964976304541569986463648930,target,52,10574.85792861070543063462657
trend_ema,XAUUSD,60min,LONG,2025-12-02T01:00:00,2025-12-02T02:00:00,2025-12-02T02:00:00,4239.30992000,4219.848322280,4277.47855544,4219.598322280,5.433704920199483719795348113,105.7485792861070543063462657,-107.1070055161569252362951027,0E-23,-107.1070055161569252362951027,-1.012845810688147344975538832,stop,0,10467.75092309454850539833147
trend_ema,XAUUSD,60min,LONG,2025-12-02T15:00:00,2025-12-02T16:00:00,2025-12-02T20:00:00,4218.57439000,4200.673367550,4253.89643490,4200.423367550,5.847571529689103599441791365,104.6775092309454850539833147,-106.1394021133677609538437625,0E-23,-106.1394021133677609538437625,-1.013965682725569678283935116,stop,4,10361.61152098118074444448771
trend_ema,XAUUSD,60min,LONG,2025-12-08T18:00:00,2025-12-08T19:00:00,2025-12-09T00:00:00,4207.48447000,4199.093693950,4224.55249210,4198.843693950,12.34881190874017039752179741,103.6161152098118074444448771,-106.7033181869968500438253264,0E-23,-106.7033181869968500438253264,-1.029794621917003731734682634,stop,5,10254.90820279418389440066238
trend_ema,XAUUSD,60min,LONG,2025-12-13T02:00:00,2025-12-13T03:00:00,2025-12-13T03:00:00,4286.54878000,4261.549789135,4338.85319173,4261.299789135,4.102128865190168504988036196,102.5490820279418389440066238,-103.5746142442393810702536328,0E-23,-103.5746142442393810702536328,-1.010000403670294312898057855,stop,0,10151.33358854994451333040875
trend_ema,XAUUSD,60min,LONG,2025-12-13T04:00:00,2025-12-13T05:00:00,2025-12-19T03:00:00,4295.08344000,4266.595547800,4351.59566440,4351.44566440,3.563385285679347141495575004,101.5133358854994451333040875,200.8403210951174700344721500,0E-23,200.8403210951174700344721500,1.978462429031516764866163036,target,118,10352.17390964506198336488090
trend_ema,XAUUSD,60min,LONG,2025-12-24T01:00:00,2025-12-24T02:00:00,2025-12-24T06:00:00,4450.51055000,4431.314277930,4488.63186414,4488.48186414,5.392804327785849090315003490,103.5217390964506198336488090,204.7718672259080064549842291,0E-23,204.7718672259080064549842291,1.978056676918103297126273748,target,4,10556.94577687096998981986513
trend_ema,XAUUSD,60min,LONG,2025-12-24T13:00:00,2025-12-24T14:00:00,2025-12-25T01:00:00,4488.53288000,4464.241363260,4532.83176348,4463.991363260,4.345939321066441563755506001,105.5694577687096998981986513,-106.6559425989763102891375278,0E-23,-106.6559425989763102891375278,-1.010291658716737668806431228,stop,11,10450.28983427199367953072760
trend_ema,XAUUSD,60min,LONG,2025-12-29T14:00:00,2025-12-29T15:00:00,2025-12-29T17:00:00,4516.61255000,4502.847525015,4543.61396997,4502.597525015,7.591914904375303376560291510,104.5028983427199367953072760,-106.4008770688137626394473489,0E-23,-106.4008770688137626394473489,-1.018161972119369894481887859,stop,2,10343.88895720317991689128025
trend_ema,XAUUSD,60min,LONG,2026-01-03T00:00:00,2026-01-03T01:00:00,2026-01-03T02:00:00,4364.87273000,4346.289421075,4400.13842785,4346.039421075,5.566225583909664202545285002,103.4388895720317991689128025,-104.8304459680092152195491237,0E-23,-104.8304459680092152195491237,-1.013452932467999640704460817,stop,1,10239.05851123517070167173113
trend_ema,XAUUSD,60min,LONG,2026-01-03T07:00:00,2026-01-03T08:00:00,2026-01-05T10:00:00,4331.09597000,4310.636752230,4371.68854554,4371.53854554,5.004618762232946651738841690,102.3905851123517070167173113,202.3996723405072440397381774,0E-23,202.3996723405072440397381774,1.976741046243822253425283327,target,26,10441.45818357567794571146931
trend_ema,XAUUSD,60min,LONG,2026-01-06T20:00:00,2026-01-06T21:00:00,2026-01-07T04:00:00,4447.92836000,4426.242205770,4490.74503846,4490.59503846,4.814803986375447789901413659,104.4145818357567794571146931,205.4316935346074516902412517,0E-23,205.4316935346074516902412517,1.967461727306916787523003797,target,7,10646.88987711028539740171056
trend_ema,XAUUSD,60min,LONG,2026-01-07T12:00:00,2026-01-07T13:00:00,2026-01-07T17:00:00,4465.37885000,4444.874462800,4506.37958440,4444.624462800,5.192493573819307020012629570,106.4688987711028539740171056,-107.7670221645576807290202630,0E-23,-107.7670221645576807290202630,-1.012192512634564372643138538,stop,4,10539.12285494572771667269030
trend_ema,XAUUSD,60min,LONG,2026-01-07T18:00:00,2026-01-07T19:00:00,2026-01-08T00:00:00,4461.91631000,4439.504988590,4506.39128282,4439.254988590,4.702588777403878978447389239,105.3912285494572771667269030,-106.5668757438082469113387503,0E-23,-106.5668757438082469113387503,-1.011155076286061795407538176,stop,5,10432.55597920191946976135155
trend_ema,XAUUSD,60min,LONG,2026-01-08T01:00:00,2026-01-08T02:00:00,2026-01-08T16:00:00,4445.56810000,4423.109106785,4491.25138643,4422.859106785,4.645157456227460492494454654,104.3255597920191946976135155,-105.4868491560760598207371292,0E-23,-105.4868491560760598207371292,-1.011131398349282594945563325,stop,14,10327.06913004584340994061442
trend_ema,XAUUSD,60min,LONG,2026-01-13T11:00:00,2026-01-13T12:00:00,2026-01-14T01:00:00,4589.69907000,4568.168519495,4631.46846101,4631.31846101,4.796472402156000242010818209,103.2706913004584340994061442,199.6262603740045410899028717,0E-23,199.6262603740045410899028717,1.933038869597635492506883302,target,13,10526.69539041984795103051729
trend_ema,XAUUSD,60min,LONG,2026-01-15T17:00:00,2026-01-15T18:00:00,2026-01-16T00:00:00,4610.09802000,4586.555367310,4656.94899538,4586.305367310,4.471329348069250199277572272,105.2669539041984795103051729,-106.3847862412157920601245660,0E-23,-106.3847862412157920601245660,-1.010619024257457199909106760,stop,6,10420.31060417863215897039272
trend_ema,XAUUSD,60min,LONG,2026-01-16T01:00:00,2026-01-16T02:00:00,2026-01-17T00:00:00,4611.08340000,4587.197070280,4658.73962944,4586.947070280,4.362457826852200112295189702,104.2031060417863215897039272,-105.2937204984993716177777246,0E-23,-105.2937204984993716177777246,-1.010466237506161327492552087,stop,22,10315.01688368013278735261500
trend_ema,XAUUSD,60min,LONG,2026-01-20T11:00:00,2026-01-20T12:00:00,2026-01-20T15:00:00,4661.82822000,4650.028866855,4685.59549629,4685.44549629,8.742018953853535830715756580,103.1501688368013278735261500,206.4626769655757159074286916,0E-23,206.4626769655757159074286916,2.001573815087301550546142248,target,3,10521.47956064570850326004369
trend_ema,XAUUSD,60min,LONG,2026-01-22T04:00:00,2026-01-22T05:00:00,2026-01-22T06:00:00,4825.87475000,4790.431646935,4896.74148613,4790.181646935,2.968554852928678947558183755,105.2147956064570850326004369,-105.9569343196892547694899829,0E-23,-105.9569343196892547694899829,-1.007053558474875032785169032,stop,1,10415.52262632601924849055371
trend_ema,XAUUSD,60min,LONG,2026-01-22T07:00:00,2026-01-22T08:00:00,2026-01-22T10:00:00,4825.92355000,4779.648741975,4917.27028605,4779.398741975,2.250797587468979942567909488,104.1552262632601924849055371,-104.7179256601274374705475145,0E-23,-104.7179256601274374705475145,-1.005402507555837666816555097,stop,2,10310.80470066589181102000620
trend_ema,XAUUSD,60min,LONG,2026-01-22T11:00:00,2026-01-22T12:00:00,2026-01-23T04:00:00,4797.68852000,4753.380294385,4884.69313123,4884.54313123,2.327063329111355074745528421,103.1080470066589181102000620,202.1161807575562863955104622,0E-23,202.1161807575562863955104622,1.960236728608614132154973681,target,16,10512.92088142344809741551666
trend_ema,XAUUSD,60min,LONG,2026-01-23T19:00:00,2026-01-23T20:00:00,2026-01-24T03:00:00,4912.35095000,4881.561993280,4974.89966344,4974.74966344,3.414510266466556680851223289,105.1292088142344809741551666,213.0610476551847116719530173,0E-23,213.0610476551847116719530173,2.026658909149293188522173479,target,7,10725.98192907863280908746968
trend_ema,XAUUSD,60min,LONG,2026-01-27T06:00:00,2026-01-27T07:00:00,2026-01-28T07:00:00,5029.38113000,4992.393331510,5102.70185698,5102.55185698,2.899870326691247421978552495,107.2598192907863280908746968,212.1856199517286718692215160,0E-23,212.1856199517286718692215160,1.978239580811558595684346716,target,24,10938.16754903036148095669120
trend_ema,XAUUSD,60min,LONG,2026-01-30T04:00:00,2026-01-30T05:00:00,2026-01-30T13:00:00,5330.56760000,5218.501016120,5558.11662776,5218.251016120,0.9760418467598569473729095346,109.3816754903036148095669120,-109.6256859519935790464101394,0E-24,-109.6256859519935790464101394,-1.002230816639041107888904091,stop,8,10828.54186307836790191028106
trend_ema,XAUUSD,60min,LONG,2026-02-05T05:00:00,2026-02-05T06:00:00,2026-02-05T13:00:00,4929.01985000,4857.389360100,5071.18033980,4857.139360100,1.511722435264032432913778112,108.2854186307836790191028106,-108.6633492395996871273312552,0E-24,-108.6633492395996871273312552,-1.003490133885012002409884398,stop,7,10719.87851383876821478294980
trend_ema,XAUUSD,60min,LONG,2026-02-05T14:00:00,2026-02-05T15:00:00,2026-02-06T07:00:00,4878.14108000,4797.988514215,5034.59202157,4797.738514215,1.337434230439185711063254368,107.1987851383876821478294980,-107.5331436959974785755953116,0E-24,-107.5331436959974785755953116,-1.003119051742780089220072121,stop,16,10612.34537014277073620735449
trend_ema,XAUUSD,60min,LONG,2026-02-09T12:00:00,2026-02-09T13:00:00,2026-02-10T02:00:00,4988.01792000,4954.300697265,5055.66264147,5055.51264147,3.147455368299559544433918065,106.1234537014277073620735449,212.4366234226350389752473886,0E-23,212.4366234226350389752473886,2.001787691722824809936114093,target,13,10824.78199356540577518260188
trend_ema,XAUUSD,60min,LONG,2026-02-19T11:00:00,2026-02-19T12:00:00,2026-02-19T17:00:00,4961.42970000,4936.327112985,5011.53677403,5011.38677403,4.312217695768599161325365843,108.2478199356540577518260188,215.4257786609879260517272143,0E-23,215.4257786609879260517272143,1.990116556518587173992114533,target,5,11040.20777222639370123432909
trend_ema,XAUUSD,60min,LONG,2026-02-19T22:00:00,2026-02-19T23:00:00,2026-02-20T20:00:00,4985.38611000,4961.280757170,5033.36551566,5033.21551566,4.579981819841462034818234639,110.4020777222639370123432909,219.0578083766223245508103889,0E-23,219.0578083766223245508103889,1.984181936572798963673165202,target,21,11259.26558060301602578513948
trend_ema,XAUUSD,60min,LONG,2026-02-24T00:00:00,2026-02-24T01:00:00,2026-02-24T01:00:00,5146.35215000,5125.313321975,5188.66803605,5188.51803605,5.351660067387720388852382133,112.5926558060301602578513948,225.6574885798059390856112353,0E-23,225.6574885798059390856112353,2.004193674661685438630795596,target,0,11484.92306918282196487075072
trend_ema,XAUUSD,60min,LONG,2026-02-24T12:00:00,2026-02-24T13:00:00,2026-02-25T00:00:00,5173.76147000,5140.863899015,5238.90276197,5140.613899015,3.491115825669772307315761757,114.8492306918282196487075072,-115.7220096482456627255364476,0E-23,-115.7220096482456627255364476,-1.007599345256036993699034950,stop,11,11369.20105953457630214521427
trend_ema,XAUUSD,60min,LONG,2026-02-25T02:00:00,2026-02-25T03:00:00,2026-02-28T00:00:00,5149.81081000,5114.697542415,5219.40056517,5219.25056517,3.237864727915944055864265493,113.6920105953457630214521427,224.8365339800618195786313986,0E-23,224.8365339800618195786313986,1.977593085061211912841691176,target,69,11594.03759351463812172384567
trend_ema,XAUUSD,60min,LONG,2026-03-03T01:00:00,2026-03-03T02:00:00,2026-03-03T03:00:00,5333.03405000,5296.235041500,5406.57863700,5295.985041500,3.150638581339667921140822495,115.9403759351463812172384567,-116.7280355804812981975236623,0E-23,-116.7280355804812981975236623,-1.006793661302042961293372891,stop,1,11477.30955793415682352632201
trend_ema,XAUUSD,60min,LONG,2026-03-03T04:00:00,2026-03-03T05:00:00,2026-03-03T20:00:00,5308.51524000,5267.261675605,5390.08252879,5267.011675605,2.782137671314827200527607164,114.7730955793415682352632201,-115.4686299971702750353951219,0E-23,-115.4686299971702750353951219,-1.006060082411455830761069440,stop,15,11361.84092793698654849092689
trend_ema,XAUUSD,60min,LONG,2026-03-31T00:00:00,2026-03-31T01:00:00,2026-03-31T11:00:00,4523.58310000,4488.855253565,4592.76468287,4488.605253565,3.271680249221012932209174257,113.6184092793698654849092689,-114.4363293416751187179615625,0E-23,-114.4363293416751187179615625,-1.007198833952111721263432269,stop,10,11247.40459859531142977296533
trend_ema,XAUUSD,60min,LONG,2026-03-31T20:00:00,2026-03-31T21:00:00,2026-04-01T03:00:00,4554.77603000,4516.097203350,4631.50920330,4631.35920330,2.907897051886218846758363424,112.4740459859531142977296533,222.6959838631613898230218893,0E-23,222.6959838631613898230218893,1.979976641819872785618743685,target,6,11470.10058245847281959598722
trend_ema,XAUUSD,60min,LONG,2026-04-02T12:00:00,2026-04-02T13:00:00,2026-04-02T16:00:00,4695.99266000,4648.577225285,4790.08723943,4648.327225285,2.419064731010443677969764918,114.7010058245847281959598722,-115.3057720073373391154523134,0E-23,-115.3057720073373391154523134,-1.005272544720989594326869180,stop,3,11354.79481045113548048053491
trend_ema,XAUUSD,60min,LONG,2026-04-02T18:00:00,2026-04-02T19:00:00,2026-04-03T00:00:00,4643.51053000,4586.077149600,4758.89494080,4585.827149600,1.977037522668809422974611278,113.5479481045113548048053491,-114.0422074851785571605490019,0E-24,-114.0422074851785571605490019,-1.004352869328931228989613852,stop,5,11240.75260296595692331998591
trend_ema,XAUUSD,60min,LONG,2026-04-09T00:00:00,2026-04-09T01:00:00,2026-04-13T08:00:00,4739.95180000,4694.559258005,4830.21140399,4694.309258005,2.476343493652355638101555037,112.4075260296595692331998591,-113.0266119030726581427252479,0E-23,-113.0266119030726581427252479,-1.005507512666453832070745656,stop,103,11127.72599106288426517726066
trend_ema,XAUUSD,60min,LONG,2026-04-15T16:00:00,2026-04-15T17:00:00,2026-04-17T00:00:00,4813.06197000,4788.163206700,4862.50438660,4787.913206700,4.469188231153185132362481899,111.2772599106288426517726066,-112.3945569684171389348632271,0E-23,-112.3945569684171389348632271,-1.010040659328650270754612138,stop,31,11015.33143409446712624239743
trend_ema,XAUUSD,60min,LONG,2026-04-18T06:00:00,2026-04-18T07:00:00,2026-04-20T08:00:00,4830.59896000,4803.786963905,4884.24278219,4803.536963905,4.108359331049077241871945540,110.1533143409446712624239743,-111.1804041737069405728919607,0E-23,-111.1804041737069405728919607,-1.009324184559560670784888088,stop,49,10904.15102992076018566950547
trend_ema,XAUUSD,60min,LONG,2026-05-01T02:00:00,2026-05-01T03:00:00,2026-05-01T17:00:00,4608.34426000,4580.620346820,4662.97260636,4580.370346820,3.933121186437347004298152066,109.0415102992076018566950547,-110.0247905958169386077695927,0E-23,-110.0247905958169386077695927,-1.009017486037301174379164608,stop,14,10794.12623932494324706173588
trend_ema,XAUUSD,60min,LONG,2026-05-08T02:00:00,2026-05-08T03:00:00,2026-05-08T08:00:00,4713.43039000,4683.908081565,4772.95458687,4683.658081565,3.656260913028071358899389495,107.9412623932494324706173588,-108.8553276215064503103422062,0E-23,-108.8553276215064503103422062,-1.008468172485577515442687638,stop,5,10685.27091170343679675139367
trend_ema,XAUUSD,60min,LONG,2026-05-08T09:00:00,2026-05-08T10:00:00,2026-05-11T14:00:00,4703.84144000,4673.129303045,4765.30657391,4672.879303045,3.479168814387516069459841229,106.8527091170343679675139367,-107.7225013206312469848788970,0E-23,-107.7225013206312469848788970,-1.008140104362203929225087034,stop,76,10577.54841038280554976651477
trend_ema,XAUUSD,60min,LONG,2026-05-12T11:00:00,2026-05-12T12:00:00,2026-05-12T16:00:00,4725.68044000,4699.932689410,4776.66267118,4699.682689410,4.108144660408101906259188590,105.7754841038280554976651477,-106.8025202689300809742299449,0E-23,-106.8025202689300809742299449,-1.009709586052037332555193126,stop,4,10470.74589011387546879228483
trend_ema,XAUUSD,60min,LONG,2026-05-12T17:00:00,2026-05-12T18:00:00,2026-05-13T00:00:00,4702.91234000,4675.682388390,4750.98416322,4675.432388390,3.845304626347029879570279864,104.7074589011387546879228483,-105.6687850577255121578154183,0E-23,-105.6687850577255121578154183,-1.009181066627683221211570857,stop,6,10365.07710505614995663446941
trend_ema,XAUUSD,60min,LONG,2026-05-21T13:00:00,2026-05-21T14:00:00,2026-05-21T23:00:00,4529.33861000,4502.409065545,4583.18749891,4502.159065545,3.848961174362409004454312226,103.6507710505614995663446941,-104.6130113441521018174582722,0E-23,-104.6130113441521018174582722,-1.009283484182874195596934022,stop,9,10260.46409371199785481701114
trend_ema,XAUUSD,60min,LONG,2026-05-26T09:00:00,2026-05-26T10:00:00,2026-05-26T10:00:00,4561.51200000,4548.617579445,4588.38327111,4548.367579445,7.957289782776127123780639820,102.6046409371199785481701114,-104.5939633828140103291152714,0E-23,-104.5939633828140103291152714,-1.019388230664080430250865197,stop,0,10155.87013032918384448789587
trend_ema,XAUUSD,60min,LONG,2026-05-26T13:00:00,2026-05-26T14:00:00,2026-05-26T14:00:00,4542.64782000,4526.106038120,4574.29036376,4525.856038120,6.139526082500359897435605571,101.5587013032918384448789587,-103.0935828239169284192378601,0E-23,-103.0935828239169284192378601,-1.015113244861623093775191286,stop,0,10052.77654750526691606865801
trend_ema,XAUUSD,60min,LONG,2026-05-26T17:00:00,2026-05-26T18:00:00,2026-05-26T18:00:00,4538.15462000,4521.187333680,4573.81812264,4520.937333680,5.924799262481749006088946585,100.5277654750526691606865801,-102.0089652906731064122088167,0E-23,-102.0089652906731064122088167,-1.014734235945869274397910908,stop,0,9950.767582214593809656449193
trend_ema,XAUUSD,60min,LONG,2026-05-26T20:00:00,2026-05-26T21:00:00,2026-05-26T21:00:00,4534.84808000,4515.628398785,4573.64222243,4515.378398785,5.177384302528658672997896127,99.50767582214593809656449193,-100.8020218977781027648139660,0E-23,-100.8020218977781027648139660,-1.013007499822884029036690763,stop,0,9849.965560316815706891635227
trend_ema,XAUUSD,60min,LONG,2026-06-12T15:00:00,2026-06-12T16:00:00,2026-06-15T08:00:00,4173.12977000,4131.745325980,4252.65592804,4252.50592804,2.380113057833177507767237422,98.49965560316815706891635227,188.9242302316339578119055651,0E-24,188.9242302316339578119055651,1.918019195851456070860125089,target,64,10038.88979054844966470354079
trend_ema,XAUUSD,60min,LONG,2026-06-16T06:00:00,2026-06-16T07:00:00,2026-06-16T22:00:00,4309.20706000,4288.264983520,4351.74308296,4351.59308296,4.793645845069729047567464900,100.3888979054844966470354079,203.1835828512341382111734994,0E-23,203.1835828512341382111734994,2.023964672294043689787919254,target,15,10242.07337339968380291471429
trend_ema,XAUUSD,60min,LONG,2026-06-16T23:00:00,2026-06-17T00:00:00,2026-06-18T03:00:00,4332.98017000,4312.866231585,4372.76620683,4372.61620683,5.092027807821884395938036529,102.4207337339968380291471429,201.8278017302123719974023183,0E-23,201.8278017302123719974023183,1.970575628313615874218634472,target,27,10443.90117512989617491211661
trend_ema,XAUUSD,60min,LONG,2026-06-23T01:00:00,2026-06-23T02:00:00,2026-06-23T11:00:00,4184.99029000,4163.569281975,4229.10775605,4163.319281975,4.875541413803235888994592079,104.4390117512989617491211661,-105.6578971047497707213698141,0E-23,-105.6578971047497707213698141,-1.011670785973668015560159429,stop,9,10338.24327802514640419074680
trend_ema,EURUSD,15min,LONG,2026-01-26T10:45:00,2026-01-26T11:00:00,2026-01-26T18:45:00,1.18604000,1.183716355,1.19047729,1.183626355,43035.83378700274783798730013,100.00,-103.8732250408302473054188570,0E-23,-103.8732250408302473054188570,-1.03873225040830247305418857,stop,31,9896.126774959169752694581143
trend_ema,EURUSD,15min,LONG,2026-03-24T02:45:00,2026-03-24T03:00:00,2026-03-26T03:00:00,1.15865000,1.155847330,1.16404534,1.155757330,35309.63964704788559728609199,98.96126774959169752694581143,-102.1391353178260072307015597,0E-23,-102.1391353178260072307015597,-1.032112235832259952117088348,stop,192,9793.987639641343745463879583
trend_ema,EURUSD,15min,LONG,2026-05-04T06:45:00,2026-05-04T07:00:00,2026-05-04T18:00:00,1.17398000,1.171321715,1.17713657,1.171231715,36843.25660958604418060471162,97.93987639641343745463879583,-101.2557694912761814308932199,0E-23,-101.2557694912761814308932199,-1.033856414944221556379394986,stop,44,9692.731870150067564032986363
trend_ema,EURUSD,15min,LONG,2026-05-25T06:15:00,2026-05-25T06:30:00,2026-05-30T01:30:00,1.16312000,1.157531535,1.16856693,1.16850693,17344.17567283693744889336582,96.92731870150067564032986363,93.43186025727548345156713914,0E-23,93.43186025727548345156713914,0.9639373244710309539381565420,target,460,9786.163730407343047484553502
trend_ema,EURUSD,60min,LONG,2025-01-08T12:00:00,2025-01-08T13:00:00,2025-01-08T18:00:00,1.03535700,1.032983795,1.03986641,1.032893795,42137.10994204040527472342254,100.00,-103.7923398947836364747251080,0E-23,-103.7923398947836364747251080,-1.03792339894783636474725108,stop,5,9896.207660105216363525274892
trend_ema,EURUSD,60min,LONG,2025-01-16T02:00:00,2025-01-16T03:00:00,2025-01-16T03:00:00,1.03067000,1.027801230,1.03625754,1.027711230,34496.34393870967823675399175,98.96207660105216363525274892,-102.0667475555360346765606082,0E-23,-102.0667475555360346765606082,-1.031372330301836675648448638,stop,0,9794.140912549680328848714284
trend_ema,EURUSD,60min,LONG,2025-01-16T04:00:00,2025-01-16T05:00:00,2025-01-21T00:00:00,1.02864000,1.025506940,1.03469612,1.03463612,31260.62351997625429723246374,97.94140912549680328848714284,187.4424499006000179167215205,0E-23,187.4424499006000179167215205,1.913822269602241897697458715,target,66,9981.583362450280346765435804
trend_ema,EURUSD,60min,LONG,2025-01-21T11:00:00,2025-01-21T12:00:00,2025-01-22T20:00:00,1.03627000,1.032268645,1.04418271,1.04412271,24945.50811525165936730291565,99.81583362450280346765435804,195.8898410317178580302132788,0E-23,195.8898410317178580302132788,1.962512698823273616062558809,target,32,10177.47320348199820479564908
trend_ema,EURUSD,60min,LONG,2025-01-27T10:00:00,2025-01-27T11:00:00,2025-01-27T22:00:00,1.04686000,1.044229495,1.05185101,1.05179101,38690.18763880699031096937311,101.7747320348199820479564908,190.7817021488336572932930885,0E-23,190.7817021488336572932930885,1.874548803366653931469432676,target,11,10368.25490563083186208894217
trend_ema,EURUSD,60min,LONG,2025-01-28T03:00:00,2025-01-28T04:00:00,2025-01-28T10:00:00,1.04916000,1.046478770,1.05431246,1.046388770,38669.77061136430616578563633,103.6825490563083186208894217,-107.1628284113311061758101290,0E-23,-107.1628284113311061758101290,-1.033566683947292846939650832,stop,6,10261.09207721950075591313204
trend_ema,EURUSD,60min,LONG,2025-02-06T08:00:00,2025-02-06T09:00:00,2025-02-06T18:00:00,1.04020000,1.037950425,1.04511915,1.037860425,45613.46955411355814281867482,102.6109207721950075591313204,-106.7161330320652277919850011,0E-23,-106.7161330320652277919850011,-1.040007556982985675071958036,stop,9,10154.37594418743552812114704
trend_ema,EURUSD,60min,LONG,2025-02-13T01:00:00,2025-02-13T02:00:00,2025-02-13T03:00:00,1.03508700,1.032747840,1.03959432,1.03953432,43410.35219560626689974669129,101.5437594418743552812114704,193.0597275265636629085814551,0E-23,193.0597275265636629085814551,1.901246601344072231057302621,target,1,10347.43567171399919102972850
trend_ema,EURUSD,60min,LONG,2025-02-13T08:00:00,2025-02-13T09:00:00,2025-02-14T03:00:00,1.03867000,1.035283240,1.04436352,1.04430352,30552.60978550000351672314690,103.4743567171399919102972850,172.1187382788099798115301825,0E-23,172.1187382788099798115301825,1.663395103284555150054919746,target,18,10519.55440999280917084125868
trend_ema,EURUSD,60min,LONG,2025-02-14T05:00:00,2025-02-14T06:00:00,2025-02-14T19:00:00,1.04102300,1.037466070,1.04788186,1.04782186,29574.81426396586148965894375,105.1955440999280917084125868,201.0750217067069370475826063,0E-23,201.0750217067069370475826063,1.911440483787985706775224702,target,13,10720.62943169951610788884129
trend_ema,EURUSD,60min,LONG,2025-02-21T19:00:00,2025-02-21T20:00:00,2025-02-22T02:00:00,1.04776000,1.045703815,1.05160237,1.045613815,52138.44781330238333558916775,107.2062943169951610788884129,-111.8987546201923755790914380,0E-23,-111.8987546201923755790914380,-1.043770380583459173177510778,stop,6,10608.73067707932373230974985
trend_ema,EURUSD,60min,LONG,2025-02-24T18:00:00,2025-02-24T19:00:00,2025-02-24T21:00:00,1.04920800,1.046689895,1.05397121,1.046599895,42129.81856228919656769574680,106.0873067707932373230974985,-109.8789904413992650141901157,0E-23,-109.8789904413992650141901157,-1.035741162501166551831635297,stop,2,10498.85168663792446729555973
trend_ema,EURUSD,60min,LONG,2025-03-07T05:00:00,2025-03-07T06:00:00,2025-03-07T20:00:00,1.07844300,1.074250470,1.08664806,1.08658806,25041.80455867441489338313555,104.9885168663792446729555973,203.9670006386766297714992420,0E-23,203.9670006386766297714992420,1.942755329121079634492776437,target,14,10702.81868727660109706705897
trend_ema,EURUSD,60min,LONG,2025-03-08T08:00:00,2025-03-10T09:00:00,2025-03-11T19:00:00,1.08557000,1.079733240,1.09052352,1.09046352,18336.91754890830031912749363,107.0281868727660109706705897,89.73207276393374577765677263,0E-23,89.73207276393374577765677263,0.8383966447138480938054674170,target,34,10792.55076004053484284471574
trend_ema,EURUSD,60min,LONG,2025-03-18T22:00:00,2025-03-18T23:00:00,2025-03-18T23:00:00,1.09176000,1.089509145,1.09590171,1.089419145,47948.67177157362354680650571,107.9255076004053484284471574,-112.2408880598469745476597429,0E-23,-112.2408880598469745476597429,-1.039984805773805953737579720,stop,0,10680.30987198068786829705600
trend_ema,EURUSD,60min,LONG,2025-03-19T22:00:00,2025-03-19T23:00:00,2025-03-20T01:00:00,1.09091000,1.088575330,1.09554934,1.088485330,45746.55035607039910692755721,106.8030987198068786829705600,-110.9202882518532146025940401,0E-23,-110.9202882518532146025940401,-1.038549345303618926871891959,stop,2,10569.38958372883465369446196
trend_ema,EURUSD,60min,LONG,2025-03-31T20:00:00,2025-03-31T21:00:00,2025-04-01T01:00:00,1.08167000,1.079137060,1.08661588,1.079047060,41727.75345538715742849993273,105.6938958372883465369446196,-109.4493936482731907055096136,0E-23,-109.4493936482731907055096136,-1.035531832574004911288858007,stop,4,10459.94019008056146298895235
trend_ema,EURUSD,60min,LONG,2025-04-03T08:00:00,2025-04-03T09:00:00,2025-04-03T10:00:00,1.08360100,1.080053880,1.08981024,1.08975024,29488.54335370825194238974816,104.5994019008056146298895235,181.3321303323569311742207350,0E-23,181.3321303323569311742207350,1.733586684408759782584180969,target,1,10641.27232041291839416317308
trend_ema,EURUSD,60min,LONG,2025-04-04T17:00:00,2025-04-04T18:00:00,2025-04-04T18:00:00,1.10564000,1.100929520,1.11416096,1.100839520,22590.63263279521066677530332,106.4127232041291839416317308,-108.4458801410807529016415081,0E-23,-108.4458801410807529016415081,-1.019106333112549039588322209,stop,0,10532.82644027183764126153157
trend_ema,EURUSD,60min,LONG,2025-04-04T19:00:00,2025-04-04T20:00:00,2025-04-05T04:00:00,1.09992800,1.095368155,1.10959369,1.095278155,23099.08876348173598282733639,105.3282644027183764126153157,-107.4071823914317326510697760,0E-23,-107.4071823914317326510697760,-1.019737513007569336238402841,stop,8,10425.41925788040590861046179
trend_ema,EURUSD,60min,LONG,2025-04-05T07:00:00,2025-04-05T08:00:00,2025-04-08T06:00:00,1.09631100,1.090574085,1.10832483,1.090484085,18172.51825742651914593551027,104.2541925788040590861046179,-105.8897192219724458092388138,0E-23,-105.8897192219724458092388138,-1.015687874057747064406566944,stop,22,10319.52953865843346280122298
trend_ema,EURUSD,60min,LONG,2025-04-10T02:00:00,2025-04-10T03:00:00,2025-04-10T03:00:00,1.10199000,1.097210280,1.11172944,1.097120280,21590.23863041858824952345112,103.1952953865843346280122298,-105.1384168633220075704693404,0E-23,-105.1384168633220075704693404,-1.018829554869322889206899149,stop,0,10214.39112179511145523075364
trend_ema,EURUSD,60min,LONG,2025-04-10T04:00:00,2025-04-10T05:00:00,2025-04-10T20:00:00,1.09631100,1.090423425,1.10790615,1.10784615,17349.06327612830656973499894,102.1439112179511145523075364,200.1240472496314355278786730,0E-23,200.1240472496314355278786730,1.959236188074037273410529802,target,15,10414.51516904474289075863231
trend_ema,EURUSD,60min,LONG,2025-04-12T02:00:00,2025-04-12T03:00:00,2025-04-21T10:00:00,1.13077000,1.123240055,1.14603989,1.14597989,13830.79845741867024361882100,104.1451516904474289075863231,210.3649231495076583517154693,0E-23,210.3649231495076583517154693,2.019920464226498334317182927,target,126,10624.88009219425054911034778
trend_ema,EURUSD,60min,LONG,2025-04-22T10:00:00,2025-04-22T11:00:00,2025-04-23T02:00:00,1.14913000,1.145566225,1.15589755,1.145476225,29813.55470587859937597168110,106.2488009219425054911034778,-108.9320208454715794349409291,0E-23,-108.9320208454715794349409291,-1.025254119578256203043121409,stop,15,10515.94807134877896967540685
trend_ema,EURUSD,60min,LONG,2025-05-15T01:00:00,2025-05-15T02:00:00,2025-05-15T04:00:00,1.12058000,1.117323990,1.12676202,1.117233990,32297.03861888869803739978332,105.1594807134877896967540685,-108.0662141891877725201200490,0E-23,-108.0662141891877725201200490,-1.027641192748179520333168510,stop,2,10407.88185715959119715528680
trend_ema,EURUSD,60min,LONG,2025-05-15T05:00:00,2025-05-15T06:00:00,2025-05-17T02:00:00,1.11680000,1.113598800,1.12305240,1.113508800,32512.43863913404722340149569,104.0788185715959119715528680,-107.0049380491179762216590026,0E-23,-107.0049380491179762216590026,-1.028114457078595526677495939,stop,44,10300.87691911047322093362780
trend_ema,EURUSD,60min,LONG,2025-05-20T03:00:00,2025-05-20T04:00:00,2025-05-21T08:00:00,1.12310000,1.120098980,1.12874204,1.12868204,34324.58603778206483440172941,103.0087691911047322093362780,191.6012122463409971882238296,0E-23,191.6012122463409971882238296,1.860047583821500689765479736,target,28,10492.47813135681421812185163
trend_ema,EURUSD,60min,LONG,2025-05-22T05:00:00,2025-05-22T06:00:00,2025-05-22T20:00:00,1.13195000,1.129030160,1.13769968,1.128940160,35935.11333277444729204974118,104.9247813135681421812185163,-108.1589415135178424375029930,0E-23,-108.1589415135178424375029930,-1.030823606772973861581456518,stop,14,10384.31918984329637568434864
trend_ema,EURUSD,60min,LONG,2025-05-23T21:00:00,2025-05-23T22:00:00,2025-05-26T10:00:00,1.13222000,1.128925920,1.13856816,1.13850816,31524.18638844016045658984797,103.8431918984329637568434864,198.2291278803338793767100184,0E-23,198.2291278803338793767100184,1.908927530600349718282494657,target,11,10582.54831772363025506105866
trend_ema,EURUSD,60min,LONG,2025-05-26T19:00:00,2025-05-26T20:00:00,2025-05-27T17:00:00,1.13798000,1.135160515,1.14340897,1.135070515,37533.62162850176629796242456,105.8254831772363025506105866,-109.2035091238014615174272048,0E-23,-109.2035091238014615174272048,-1.031920723110780869555965008,stop,21,10473.34480859982879354363146
trend_ema,EURUSD,60min,LONG,2025-06-03T12:00:00,2025-06-03T13:00:00,2025-06-03T19:00:00,1.14261000,1.140152795,1.14740441,1.140062795,42622.99974401740511493193063,104.7334480859982879354363146,-108.5695180629598543957801884,0E-23,-108.5695180629598543957801884,-1.036626980654849717463540893,stop,6,10364.77529053686893914785127
trend_ema,EURUSD,60min,LONG,2025-06-05T05:00:00,2025-06-05T06:00:00,2025-06-05T23:00:00,1.14131000,1.138729055,1.14629189,1.14623189,40158.83829580587319430616022,103.6477529053686893914785127,197.6573846197439692163235469,0E-23,197.6573846197439692163235469,1.907010804182189081906046041,target,17,10562.43267515661290836417482
trend_ema,EURUSD,60min,LONG,2025-06-06T05:00:00,2025-06-06T06:00:00,2025-06-06T22:00:00,1.14385000,1.140864170,1.14967166,1.140774170,35375.19776797946603913878158,105.6243267515661290836417482,-108.8080945506842810271642385,0E-23,-108.8080945506842810271642385,-1.030142372472645796981073939,stop,16,10453.62458060592862733701058
trend_ema,EURUSD,60min,LONG,2025-06-13T10:00:00,2025-06-13T11:00:00,2025-06-13T14:00:00,1.15593000,1.152464690,1.16274062,1.152374690,30166.49183076240979115002866,104.5362458060592862733701058,-107.2512300708279031545736084,0E-23,-107.2512300708279031545736084,-1.025971702387376598341851090,stop,3,10346.37335053510072418243697
trend_ema,EURUSD,60min,LONG,2025-06-13T15:00:00,2025-06-13T16:00:00,2025-06-13T20:00:00,1.15306000,1.149562565,1.15999487,1.149472565,29582.74664299722717986878089,103.4637335053510072418243697,-106.1261807032207576880125600,0E-23,-106.1261807032207576880125600,-1.025733144432991606706057439,stop,4,10240.24716983187996649442441
trend_ema,EURUSD,60min,LONG,2025-06-13T22:00:00,2025-06-13T23:00:00,2025-06-16T17:00:00,1.15170000,1.148134135,1.15868173,1.15862173,28717.42808500007702617576495,102.4024716983187996649442441,198.7742834987875831543915775,0E-23,198.7742834987875831543915775,1.941108258445005629770055792,target,17,10439.02145333066754964881599
trend_ema,EURUSD,60min,LONG,2025-06-20T22:00:00,2025-06-20T23:00:00,2025-06-23T09:00:00,1.15134000,1.149088110,1.15557378,1.148998110,46356.71126622822406799984009,104.3902145333066754964881599,-108.5623185472672156626081455,0E-23,-108.5623185472672156626081455,-1.039966428200311738139962431,stop,10,10330.45913478340033398620784
trend_ema,EURUSD,60min,LONG,2025-06-25T13:00:00,2025-06-25T14:00:00,2025-06-26T05:00:00,1.16125000,1.158612270,1.16631546,1.16625546,39164.20230570756041742789383,103.3045913478340033398620784,196.0348480731269653670186255,0E-23,196.0348480731269653670186255,1.897639257998354645850788368,target,15,10526.49398285652729935322647
trend_ema,EURUSD,60min,LONG,2025-06-27T06:00:00,2025-06-27T07:00:00,2025-07-01T01:00:00,1.16956000,1.167197840,1.17584432,1.17578432,44563.00158692267796996489006,105.2649398285652729935322647,277.3743820375145629420118645,0E-23,277.3743820375145629420118645,2.635012022894300132082500762,target,41,10803.86836489404186229523833
trend_ema,EURUSD,60min,LONG,2025-07-02T00:00:00,2025-07-02T01:00:00,2025-07-02T21:00:00,1.17802000,1.175109620,1.18369076,1.175019620,37121.84788547901601266926769,108.0386836489404186229523833,-111.3796499586335300640926174,0E-23,-111.3796499586335300640926174,-1.030923796892502010046798013,stop,20,10692.48871493540833223114571
trend_ema,EURUSD,60min,LONG,2025-07-19T02:00:00,2025-07-19T03:00:00,2025-07-22T00:00:00,1.16291000,1.160519210,1.16760158,1.16754158,44723.66337041483498019962318,106.9248871493540833223114571,207.1412247931459413975929707,0E-23,207.1412247931459413975929707,1.937259232303966471333743239,target,21,10899.62993972855427362873868
trend_ema,EURUSD,60min,LONG,2025-07-23T15:00:00,2025-07-23T16:00:00,2025-07-23T23:00:00,1.17312000,1.171106590,1.17690682,1.171016590,54135.17336125555288604277658,108.9962993972855427362873868,-113.8684649997985424960312367,0E-23,-113.8684649997985424960312367,-1.044700284591811901202437656,stop,7,10785.76147472875573113270744
trend_ema,EURUSD,60min,LONG,2025-08-07T21:00:00,2025-08-07T22:00:00,2025-08-08T00:00:00,1.16450000,1.162056530,1.16947694,1.161966530,44141.16594322318559725598203,107.8576147472875573113270744,-111.8303196821776440150801128,0E-23,-111.8303196821776440150801128,-1.036832864737443062529926703,stop,2,10673.93115504657808711762733
trend_ema,EURUSD,60min,LONG,2025-08-08T01:00:00,2025-08-08T02:00:00,2025-08-12T00:00:00,1.16406000,1.161115010,1.16991998,1.161025010,36244.37147510374597916334972,106.7393115504657808711762733,-110.0013049832251180093009748,0E-23,-110.0013049832251180093009748,-1.030560375417234014376958835,stop,46,10563.92985006335296910832636
trend_ema,EURUSD,60min,LONG,2025-08-14T04:00:00,2025-08-14T05:00:00,2025-08-14T17:00:00,1.17010000,1.167900030,1.17437994,1.167810030,48018.51775280277898838768874,105.6392985006335296910832636,-109.9609650983857798000381556,0E-23,-109.9609650983857798000381556,-1.040909648767937744605608258,stop,12,10453.96888496496718930828820
trend_ema,EURUSD,60min,LONG,2025-08-16T06:00:00,2025-08-16T07:00:00,2025-08-18T18:00:00,1.16907000,1.167114475,1.17283105,1.167024475,53458.63072558503312055989159,104.5396888496496718930828820,-109.3509656149523248739332722,0E-23,-109.3509656149523248739332722,-1.046023446389077102056992367,stop,11,10344.61791935001486443435493
trend_ema,EURUSD,60min,LONG,2025-08-18T19:00:00,2025-08-18T20:00:00,2025-08-19T00:00:00,1.16803000,1.166150360,1.17172928,1.166060360,55035.10203735829661229998792,103.4461791935001486443435493,-108.3993383768623953394505482,0E-23,-108.3993383768623953394505482,-1.047881509225170777382903109,stop,4,10236.21858097315246909490438
trend_ema,EURUSD,60min,LONG,2025-08-25T19:00:00,2025-08-25T20:00:00,2025-08-26T01:00:00,1.16940000,1.167145940,1.17369812,1.167055940,45412.36072231064154944812640,102.3621858097315246909490438,-106.4492982747394824303993752,0E-23,-106.4492982747394824303993752,-1.039927952228423378259673656,stop,5,10129.76928269841298666450500
trend_ema,EURUSD,60min,LONG,2025-08-29T11:00:00,2025-08-29T12:00:00,2025-08-30T00:00:00,1.16597000,1.163813890,1.16989222,1.16983222,46981.69055706069257442572503,101.2976928269841298666450500,181.4536249032909480747985237,0E-23,181.4536249032909480747985237,1.791290796851737620065766589,target,12,10311.22290760170393473930352
trend_ema,EURUSD,60min,LONG,2025-08-30T06:00:00,2025-08-30T07:00:00,2025-09-01T16:00:00,1.16836000,1.166236150,1.17242770,1.17236770,48549.67586035597586806649961,103.1122290760170393473930352,194.5725359455486444864501105,0E-23,194.5725359455486444864501105,1.886997669326929867928526026,target,9,10505.79544354725257922575363
trend_ema,EURUSD,60min,LONG,2025-09-01T22:00:00,2025-09-01T23:00:00,2025-09-02T15:00:00,1.17084000,1.168869590,1.17466082,1.168779590,53317.81428000899599182786136,105.0579544354725257922575363,-109.8565577206733354315220438,0E-23,-109.8565577206733354315220438,-1.045675773062459082119964880,stop,16,10395.93888582657924379423159
trend_ema,EURUSD,60min,LONG,2025-09-08T13:00:00,2025-09-08T14:00:00,2025-09-08T23:00:00,1.17100000,1.168982540,1.17479492,1.17473492,51529.83893522835269990102203,103.9593888582657924379423159,192.4598260359630790659143252,0E-23,192.4598260359630790659143252,1.851298167002071912206437798,target,9,10588.39871186254232286014592
trend_ema,EURUSD,60min,LONG,2025-09-09T17:00:00,2025-09-09T18:00:00,2025-09-09T22:00:00,1.17530000,1.173306930,1.17922614,1.173216930,53126.07541061047691681750225,105.8839871186254232286014592,-110.6653339055803661511150344,0E-23,-110.6653339055803661511150344,-1.045156467158704912521888343,stop,4,10477.73337795696195670903089
trend_ema,EURUSD,60min,LONG,2025-09-09T23:00:00,2025-09-10T00:00:00,2025-09-10T01:00:00,1.17432000,1.172010985,1.17851803,1.171920985,45377.50243266917692916256884,104.7773337795696195670903089,-108.8613089985098454907149401,0E-23,-108.8613089985098454907149401,-1.038977659304941717572211527,stop,1,10368.87206895845211121831595
trend_ema,EURUSD,60min,LONG,2025-09-18T04:00:00,2025-09-18T05:00:00,2025-09-18T06:00:00,1.18351000,1.180788660,1.18865268,1.180698660,38102.08231591220542533573883,103.6887206895845211121831595,-107.1179080980166196004633760,0E-23,-107.1179080980166196004633760,-1.033071942498915975218091088,stop,1,10261.75416086043549161785257
trend_ema,EURUSD,60min,LONG,2025-09-18T08:00:00,2025-09-18T09:00:00,2025-09-18T15:00:00,1.18198000,1.179311500,1.18704700,1.179221500,38455.14019434302226575923766,102.6175416086043549161785257,-106.0785042260952269200968571,0E-23,-106.0785042260952269200968571,-1.033726812816188870151770658,stop,6,10155.67565663434026469775571
trend_ema,EURUSD,60min,LONG,2025-09-18T17:00:00,2025-09-18T18:00:00,2025-09-18T22:00:00,1.18324000,1.180428225,1.18865355,1.180338225,36118.37951697536347928890366,101.5567565663434026469775571,-104.8074107228711853601135584,0E-23,-104.8074107228711853601135584,-1.032008251015817410710316437,stop,4,10050.86824591146907933764215
trend_ema,EURUSD,60min,LONG,2025-09-30T03:00:00,2025-09-30T04:00:00,2025-09-30T18:00:00,1.17222000,1.170238160,1.17597368,1.17591368,50714.83190323875327643827024,100.5086824591146907933764215,187.3243603043549182021145100,0E-23,187.3243603043549182021145100,1.863762967747144068138699390,target,14,10238.19260621582399753975666
trend_ema,EURUSD,60min,LONG,2025-10-13T18:00:00,2025-10-13T19:00:00,2025-10-13T22:00:00,1.16005000,1.157853240,1.16423352,1.157763240,46605.87686509142554279828775,102.3819260621582399753975666,-106.5764549800164682742494125,0E-23,-106.5764549800164682742494125,-1.040969427702616580782607112,stop,3,10131.61615123580752926550725
trend_ema,EURUSD,60min,LONG,2025-10-15T23:00:00,2025-10-16T00:00:00,2025-10-16T11:00:00,1.16177000,1.159897355,1.16551529,1.16545529,54103.23980912456727925211265,101.3161615123580752926550725,199.3861286361686765485550182,0E-23,199.3861286361686765485550182,1.967959757455363937105003884,target,11,10331.00227987197620581406227
trend_ema,EURUSD,60min,LONG,2025-10-17T21:00:00,2025-10-17T22:00:00,2025-10-17T23:00:00,1.16904000,1.166927795,1.17305441,1.166837795,48910.98297689843649557719194,103.3100227987197620581406227,-107.7120112666406213427425700,0E-23,-107.7120112666406213427425700,-1.042609500498294436382832159,stop,1,10223.29026860533558447131970
trend_ema,EURUSD,60min,LONG,2025-10-18T00:00:00,2025-10-18T01:00:00,2025-10-18T07:00:00,1.16704000,1.164938885,1.17127223,1.164848885,48656.50032770855276589486868,102.2329026860533558447131970,-106.6119877155471255936437352,0E-23,-106.6119877155471255936437352,-1.042834399830566151781316111,stop,6,10116.67828088978845887767596
trend_ema,EURUSD,60min,LONG,2025-10-20T10:00:00,2025-10-20T11:00:00,2025-10-21T04:00:00,1.16587000,1.164289775,1.16996045,1.164199775,64020.49253042945440603506437,101.1667828088978845887767596,-106.9286271366365354853199154,0E-23,-106.9286271366365354853199154,-1.056953914790615260485057508,stop,17,10009.74965375315192339235604
trend_ema,EURUSD,60min,LONG,2025-12-02T05:00:00,2025-12-02T06:00:00,2025-12-03T03:00:00,1.16133000,1.159499155,1.16484169,1.159409155,54672.84043025571210775546832,100.0974965375315192339235604,-105.0180521762545333236215525,0E-23,-105.0180521762545333236215525,-1.049157629400631948635739235,stop,21,9904.731601576897390068734488
trend_ema,EURUSD,60min,LONG,2025-12-17T04:00:00,2025-12-17T05:00:00,2025-12-17T05:00:00,1.17669000,1.174591375,1.18073725,1.174501375,47196.29091227302347998682227,99.04731601576897390068734488,-103.2949821978735460138861589,0E-23,-103.2949821978735460138861589,-1.042885222467091548037405444,stop,0,9801.436619379023844054848329
trend_ema,EURUSD,60min,LONG,2026-01-22T01:00:00,2026-01-22T02:00:00,2026-01-22T02:00:00,1.17245000,1.170368200,1.17640360,1.170278200,47081.54779219436950742073364,98.01436619379023844054848329,-102.2517054950877316962163493,0E-23,-102.2517054950877316962163493,-1.043231818618503218368719377,stop,0,9699.184913883936112358631980
trend_ema,EURUSD,60min,LONG,2026-01-26T17:00:00,2026-01-26T18:00:00,2026-01-27T03:00:00,1.18531000,1.183023700,1.18970260,1.18964260,42423.06308832583699583883121,96.99184913883936112358631980,183.8021631364805213681713201,0E-23,183.8021631364805213681713201,1.895026899357039758561868521,target,9,9882.987077020416633726803300
trend_ema,EURUSD,60min,LONG,2026-01-27T10:00:00,2026-01-27T11:00:00,2026-01-27T19:00:00,1.18755000,1.185279315,1.19191137,1.185189315,43524.25403356439415298380577,98.82987077020416633726803300,-102.7470536332249618110365755,0E-23,-102.7470536332249618110365755,-1.039635616565045349751286506,stop,8,9780.240023387191671915766724
trend_ema,EURUSD,60min,LONG,2026-01-28T19:00:00,2026-01-28T20:00:00,2026-01-29T02:00:00,1.19804000,1.194571665,1.20464667,1.194481665,28198.66023145743324077912521,97.80240023387191671915766724,-100.3402796547030857108277885,0E-23,-100.3402796547030857108277885,-1.025949050480994482943544957,stop,6,9679.899743732488586204938936
trend_ema,EURUSD,60min,LONG,2026-01-29T04:00:00,2026-01-29T05:00:00,2026-01-29T06:00:00,1.19412000,1.190587215,1.20109557,1.190497215,27400.19487099409838471613454,96.79899743732488586204938936,-99.26501497571435471667384147,0E-23,-99.26501497571435471667384147,-1.025475651645939393424734310,stop,1,9580.634728756774231488265095
trend_ema,EURUSD,60min,LONG,2026-01-29T07:00:00,2026-01-29T08:00:00,2026-01-30T02:00:00,1.19469000,1.190923915,1.20207217,1.190833915,25439.24188847775403764988070,95.80634728756774231488265095,-98.09587905753074017827114022,0E-23,-98.09587905753074017827114022,-1.023897495675217102110016104,stop,18,9482.538849699243491309993955
trend_ema,EURUSD,60min,LONG,2026-02-11T03:00:00,2026-02-11T04:00:00,2026-02-12T00:00:00,1.18981000,1.187796535,1.19374693,1.187706535,47095.62296687175337693972309,94.82538849699243491309993955,-99.06399456401089271702451463,0E-23,-99.06399456401089271702451463,-1.044699063554618530741780960,stop,20,9383.474855135232598592969440
trend_ema,EURUSD,60min,LONG,2026-02-12T03:00:00,2026-02-12T04:00:00,2026-02-12T17:00:00,1.18833000,1.185822505,1.19328499,1.185732505,37421.70913654955482899455209,93.83474855135232598592969440,-97.20270237364178592053920408,0E-23,-97.20270237364178592053920408,-1.035892394600986243242758211,stop,13,9286.272152761590812672430236
trend_ema,EURUSD,60min,LONG,2026-03-18T23:00:00,2026-03-19T00:00:00,2026-03-19T05:00:00,1.15125000,1.149161530,1.15518694,1.149071530,44464.47472437521636735232125,92.86272152761590812672430236,-96.86452425280967759978601127,0E-23,-96.86452425280967759978601127,-1.043093748054796094748787390,stop,5,9189.407628508781135072644225
trend_ema,EURUSD,60min,LONG,2026-03-20T20:00:00,2026-03-20T21:00:00,2026-03-21T08:00:00,1.15494000,1.152449445,1.15974111,1.15968111,36897.02748386918231106176826,91.89407628508781135072644225,174.9328659740470189467980601,0E-23,174.9328659740470189467980601,1.903635936568355246119840758,target,11,9364.340494482828154019442285
trend_ema,EURUSD,60min,LONG,2026-03-24T11:00:00,2026-03-24T12:00:00,2026-03-26T03:00:00,1.15907000,1.155544945,1.16600011,1.155454945,26565.09045811435042579319269,93.64340494482828154019442285,-96.03426308605857307851581020,0E-23,-96.03426308605857307851581020,-1.025531516529529326492778127,stop,39,9268.306231396769580940926475
trend_ema,EURUSD,60min,LONG,2026-04-02T05:00:00,2026-04-02T06:00:00,2026-04-02T12:00:00,1.15818000,1.155494555,1.16343089,1.155404555,34513.11135173786683749220883,92.68306231396769580940926475,-95.78924233562410382478356354,0E-23,-95.78924233562410382478356354,-1.033513998611030946453939664,stop,6,9172.516989061145477116142911
trend_ema,EURUSD,60min,LONG,2026-04-07T00:00:00,2026-04-07T01:00:00,2026-04-08T04:00:00,1.15439000,1.152427150,1.15819570,1.15813570,46730.60595084262922340547118,91.72516989061145477116142911,175.0388307100712362821098734,0E-23,175.0388307100712362821098734,1.908296609521868711312632142,target,27,9347.555819771216713398252784
trend_ema,EURUSD,60min,LONG,2026-04-09T04:00:00,2026-04-09T05:00:00,2026-04-10T01:00:00,1.16519000,1.162380505,1.17059899,1.17053899,33271.30256423740463463452608,93.47555819771216713398252784,177.9678647030802350166137337,0E-23,177.9678647030802350166137337,1.903897319625057172196426761,target,20,9525.523684474296948414866518
trend_ema,EURUSD,60min,LONG,2026-05-02T02:00:00,2026-05-02T03:00:00,2026-05-02T05:00:00,1.17394000,1.171974210,1.17829158,1.171884210,48456.46627805766103406196246,95.25523684474296948414866518,-99.61631880976815897721424181,0E-23,-99.61631880976815897721424181,-1.045783120272256955219021360,stop,2,9425.907365664528789437652276
trend_ema,EURUSD,60min,LONG,2026-05-02T06:00:00,2026-05-02T07:00:00,2026-05-04T05:00:00,1.17212000,1.169977275,1.17589545,1.17583545,43990.28044039495870649594454,94.25907365664528789437652276,163.4436874622654493260503571,0E-23,163.4436874622654493260503571,1.733983595655065395699401463,target,46,9589.351053126794238763702633
trend_ema,EURUSD,60min,LONG,2026-05-04T08:00:00,2026-05-04T09:00:00,2026-05-04T18:00:00,1.17330000,1.171453075,1.17684385,1.171363075,51920.63052439484136477497805,95.89351053126794238763702633,-100.5663672784634781104667744,0E-23,-100.5663672784634781104667744,-1.048729645221110765190790098,stop,9,9488.784685848330760653235859
trend_ema,EURUSD,60min,LONG,2026-05-07T02:00:00,2026-05-07T03:00:00,2026-05-08T07:00:00,1.17461000,1.172358350,1.17884330,1.172268350,42141.47263494917398642433708,94.88784685848330760653235859,-98.68057939562873326531054892,0E-23,-98.68057939562873326531054892,-1.039970688162014522683365532,stop,28,9390.104106452702027387925310
trend_ema,EURUSD,60min,LONG,2026-05-11T02:00:00,2026-05-11T03:00:00,2026-05-11T06:00:00,1.17782000,1.175991505,1.18135699,1.175901505,51354.27828051322003827150367,93.90104106452702027387925310,-98.52292610977321007732368843,0E-23,-98.52292610977321007732368843,-1.049220807275929111099565490,stop,3,9291.581180342928817310601622
trend_ema,EURUSD,60min,LONG,2026-05-21T18:00:00,2026-05-21T19:00:00,2026-05-21T20:00:00,1.16232000,1.160420415,1.16602917,1.160330415,48913.74263506465263365736001,92.91581180342928817310601622,-97.31804864058510691013517862,0E-23,-97.31804864058510691013517862,-1.047378769573354179991945609,stop,1,9194.263131702343710400466443
trend_ema,EURUSD,60min,LONG,2026-05-25T06:00:00,2026-05-25T07:00:00,2026-05-25T07:00:00,1.16312000,1.159304190,1.16619162,1.159214190,24095.18066073086372329981431,91.94263131702343710400466443,-94.11119757648921483910164773,0E-23,-94.11119757648921483910164773,-1.023586080019707480194244472,stop,0,9100.151934125854495561364795
