strategy,symbol,timeframe,direction,signal_time,entry_time,exit_time,entry_price,stop,target,exit_price,size,risk_amount,gross_pnl,commission,net_pnl,r_multiple,exit_reason,hold_bars,equity_after
gold_zigzag_reversal,XAUUSD,15min,SHORT,2026-01-19T11:30:00,2026-01-19T11:45:00,2026-01-20T15:45:00,4679.91851000,4694.526575640,4588.36075000,4694.776575640,6.845533314566897031002114254,100.000,-101.7113833286417242577505286,2.562923045573061923892067068,-104.2743063742147861816425957,-1.042743063742147861816425957,stop,112,9895.725693625785213818357404
gold_zigzag_reversal,XAUUSD,15min,SHORT,2026-01-20T17:45:00,2026-01-20T18:00:00,2026-01-20T19:00:00,4712.94262000,4723.271741860,4665.38671000,4723.521741860,9.580413347573561508759620156,98.95725693625785213818357404,-101.3523602731512425153734791,3.612155070639704929585977374,-104.9645153437909474449594565,-1.060705587377008639532112172,stop,4,9790.761178281994266373397948
gold_zigzag_reversal,XAUUSD,15min,SHORT,2026-01-21T02:00:00,2026-01-21T02:15:00,2026-01-21T04:45:00,4744.04951000,4757.429180450,4715.64562000,4757.679180450,7.317640008302292876259443257,97.90761178281994266373397948,-99.73702178489551588279884029,2.777219719659431076119608194,-102.5142415045549469589184485,-1.047050782241052880342056557,stop,10,9688.246936777439319414479500
gold_zigzag_reversal,XAUUSD,15min,SHORT,2026-01-21T06:00:00,2026-01-21T06:15:00,2026-01-21T10:45:00,4759.30381000,4772.320161230,4723.12797000,4772.570161230,7.443135764843247334079874472,96.88246936777439319414479500,-98.74325330898520502766476362,2.833931552317258487188695154,-101.5771848613024635148534588,-1.048457843035632344410853763,stop,18,9586.669751916136855899626041
gold_zigzag_reversal,XAUUSD,15min,SHORT,2026-01-21T13:30:00,2026-01-21T13:45:00,2026-01-21T15:15:00,4832.26106000,4851.696754770,4757.36886000,4851.946754770,4.932506846482101270362575282,95.86669751916136855899626041,-97.09982423078189387658690423,1.906812860995108476459968370,-99.00663709177700235304687260,-1.032753183888367886732355799,stop,6,9487.663114824359853546579168
gold_zigzag_reversal,XAUUSD,15min,LONG,2026-01-22T06:15:00,2026-01-22T06:30:00,2026-01-22T06:30:00,4811.92029000,4786.462342670,4880.13550000,4786.212342670,3.726798155342227999474213371,94.87663114824359853546579168,-95.80833068707915553533434503,1.434644452834067104358086132,-97.24297513991322263969243116,-1.024941273346565604666917975,stop,0,9390.420139684446630906886737
gold_zigzag_reversal,XAUUSD,15min,LONG,2026-01-22T12:00:00,2026-01-22T12:15:00,2026-01-22T18:00:00,4787.77790000,4763.622268330,4832.68575000,4832.53575000,3.887466189239358703513004318,93.90420139684446630906886737,173.9946285780468309480295203,1.488985976626993552868177155,172.5056426014198373951613431,1.837038599289090749743163308,target,23,9562.925782285866468302048080
gold_zigzag_reversal,XAUUSD,15min,SHORT,2026-01-22T19:45:00,2026-01-22T20:00:00,2026-01-23T02:15:00,4831.09248000,4845.649764070,4793.64429000,4845.899764070,6.569168902867927937812130694,95.62925782285866468302048080,-97.27155004857564666747351348,2.538900998919607767483687380,-99.81045104749525443495720086,-1.043722949647708564637496972,stop,25,9463.115331238371213867090879
gold_zigzag_reversal,XAUUSD,15min,SHORT,2026-01-23T09:30:00,2026-01-23T09:45:00,2026-01-23T10:00:00,4936.34198000,4947.358741820,4915.04713000,4947.608741820,8.589743053225390701845173302,94.63115331238371213867090879,-96.77858907569005981413220211,3.392152738483989641873599394,-100.1707418141740494560058015,-1.058538740233924745048177868,stop,1,9362.944589424197164411085078
gold_zigzag_reversal,XAUUSD,15min,SHORT,2026-01-23T10:30:00,2026-01-23T10:45:00,2026-01-23T10:45:00,4937.09666000,4948.218210850,4915.04713000,4948.468210850,8.418740080142867093406388623,93.62944589424197164411085078,-95.73413091427768841746244794,3.325130682486518515974447144,-99.05926159676420693343689508,-1.057992607460856054980857279,stop,0,9263.885327827432957477648183
gold_zigzag_reversal,XAUUSD,15min,LONG,2026-01-23T20:00:00,2026-01-23T20:15:00,2026-01-24T02:30:00,4912.53295000,4894.082987910,4959.79220000,4959.64220000,5.021086375482863096483277480,92.63885327827432957477648183,236.5396133342160683280048396,1.973300181148450969745050379,234.5663131530676173582597892,2.532051130301265567532664778,target,25,9498.451640980500574835907972
gold_zigzag_reversal,XAUUSD,15min,SHORT,2026-01-24T04:00:00,2026-01-24T04:15:00,2026-01-26T10:00:00,4984.86861000,4997.386695220,4923.30317000,4997.636695220,7.587783174542488515536650079,94.98451640980500574835907972,-96.88146220344062787724324224,3.025928173301040168990731542,-99.90739037674166804623397378,-1.051828173190851627706046245,stop,215,9398.544250603758906789673998
gold_zigzag_reversal,XAUUSD,15min,SHORT,2026-01-26T20:15:00,2026-01-26T20:30:00,2026-01-27T06:00:00,5096.05870000,5108.252498340,5052.61166000,5052.76166000,7.707642843143622880997779399,93.98544250603758906789673998,333.7181204853031656234760945,3.142288029383583578578223872,330.5758324559195820448978706,3.517308889987760778402375973,target,38,9729.120083059678488834571869
gold_zigzag_reversal,XAUUSD,15min,LONG,2026-01-27T09:30:00,2026-01-27T09:45:00,2026-01-27T10:45:00,5010.98912000,4984.319980260,5059.35452000,5059.20452000,3.648081707137839043335625744,97.29120083059678488834571869,175.8937187423337646100445295,1.462439819467099022917282329,174.4312789228666655871272472,1.792878260661886651466471337,target,4,9903.551361982545154421699116
gold_zigzag_reversal,XAUUSD,15min,LONG,2026-01-28T02:00:00,2026-01-28T02:15:00,2026-01-28T03:00:00,5055.22561000,5037.792918650,5092.69521000,5092.54521000,5.681022604683782894155181102,99.03551361982545154421699116,212.0134911977569040967136967,2.297508076974909219057055266,209.7159831207819948776566414,2.117583636975251099136795077,target,3,10113.26734510332714929935576
gold_zigzag_reversal,XAUUSD,15min,SHORT,2026-01-28T09:30:00,2026-01-28T09:45:00,2026-01-28T12:30:00,5180.86858000,5202.219912410,5077.42801000,5202.469912410,4.736597768655753483863893326,101.1326734510332714929935576,-102.3168228931972098639595309,1.963175244458136164862078554,-104.2799981376553460288216095,-1.031120750388804424032663918,stop,11,10008.98734696567180327053415
gold_zigzag_reversal,XAUUSD,15min,SHORT,2026-01-28T14:45:00,2026-01-28T15:00:00,2026-01-28T16:15:00,5234.68781000,5259.242474000,5159.49412000,5259.492474000,4.076206193237126683252735264,100.0898734696567180327053415,-101.1089250179659997035185253,1.707013349662791319059905955,-102.8159383676287910225784313,-1.027236170887942103382070307,stop,5,9906.171408598043012247955719
gold_zigzag_reversal,XAUUSD,15min,SHORT,2026-01-28T17:15:00,2026-01-28T17:30:00,2026-01-28T18:15:00,5255.87624000,5278.249571870,5159.49412000,5278.499571870,4.427669274365455971868152385,99.06171408598043012247955719,-100.1686314045717941154465953,1.861702539017235289544634442,-102.0303339435890294049912297,-1.029967378265148846603150128,stop,3,9804.141074654453982842964489
gold_zigzag_reversal,XAUUSD,15min,SHORT,2026-01-29T04:45:00,2026-01-29T05:00:00,2026-01-29T05:15:00,5298.73428000,5321.405713090,5249.61746000,5321.655713090,4.324446997123839065985997839,98.04141074654453982842964489,-99.12252249582549959492614434,1.833127643656251797131455100,-100.9556501394817513920575994,-1.029724576286147776113080286,stop,1,9703.185424514972231450906890
gold_zigzag_reversal,XAUUSD,15min,SHORT,2026-01-29T09:30:00,2026-01-29T09:45:00,2026-01-29T10:00:00,5416.16093000,5433.177423600,5270.94374000,5433.427423600,5.702223767483432798077100261,97.03185424514972231450906890,-98.45741018702058051402834396,2.470732926684893851458061564,-100.9281431137054743654864055,-1.040154739893064691071255714,stop,1,9602.257281401266757085420484
gold_zigzag_reversal,XAUUSD,15min,SHORT,2026-01-29T13:45:00,2026-01-29T14:00:00,2026-01-29T17:00:00,5535.99063000,5579.436385340,5453.04102000,5579.686385340,2.210171559052301830019332905,96.02257281401266757085420484,-96.57511570377574302835903809,0.9788391233284827688735103744,-97.55395482710422579723254846,-1.015948146026640125161649451,stop,12,9504.703326574162531288187936
gold_zigzag_reversal,XAUUSD,15min,SHORT,2026-01-30T10:45:00,2026-01-30T11:00:00,2026-01-30T12:00:00,5439.03263000,5474.735778190,5373.90531000,5374.05531000,2.662147123831592435067051138,95.04703326574162531288187936,172.9791855522850077629310033,1.158360405790454550335267790,171.8208251464945532125957355,1.807745273501608262517759782,target,4,9676.524151720657084500783672
gold_zigzag_reversal,XAUUSD,15min,LONG,2026-01-30T14:30:00,2026-01-30T14:45:00,2026-01-30T19:30:00,5159.16559000,5081.943919340,5451.71009000,5081.693919340,1.253084020200173312917131295,96.76524151720657084500783672,-97.07851252225661417323711956,0.5171894366716479254430693040,-97.59570195892826209868018886,-1.008582218456758780515096408,stop,19,9578.928449761728822402103483
gold_zigzag_reversal,XAUUSD,15min,SHORT,2026-02-02T21:45:00,2026-02-02T22:00:00,2026-02-02T22:30:00,4706.97688000,4773.954469710,4410.84530000,4774.204469710,1.430169179159273276034719746,95.78928449761728822402103483,-96.14682679240710654302971480,0.5385418608633021718317827138,-96.68536865327040871486149751,-1.009354743177723706116327488,stop,2,9482.243081108458413687241985
gold_zigzag_reversal,XAUUSD,15min,SHORT,2026-02-03T16:30:00,2026-02-03T16:45:00,2026-02-03T17:15:00,4821.42158000,4853.967964470,4746.45067000,4854.217964470,2.913455130430485698028516525,94.82243081108458413687241985,-95.55079459369220556137954898,1.123759635057540674748484242,-96.67455422874974623612803322,-1.019532545219760934016889895,stop,2,9385.568526879708667451113952
gold_zigzag_reversal,XAUUSD,15min,SHORT,2026-02-03T20:30:00,2026-02-03T20:45:00,2026-02-04T03:15:00,4920.87288000,4967.722515090,4811.51813000,4967.972515090,2.003338661837954705711052306,93.85568526879708667451113952,-94.35651993425657535093890259,0.7886539912395105812801518728,-95.14517392549608593221905446,-1.013739057500949256593238494,stop,26,9290.423352954212581518894898
gold_zigzag_reversal,XAUUSD,15min,SHORT,2026-02-04T14:00:00,2026-02-04T14:15:00,2026-02-05T02:30:00,5050.09028000,5091.048331970,4932.24828000,4932.39828000,2.268277641661045185084005082,92.90423352954212581518894898,266.9581322023717299229067261,0.9164005496395013875066828040,266.0417316527322285354000433,2.863612577656485648528757409,target,49,9556.465084606944810054294941
gold_zigzag_reversal,XAUUSD,15min,SHORT,2026-02-05T11:30:00,2026-02-05T11:45:00,2026-02-05T13:15:00,5017.84813000,5041.194427290,4918.70715000,4918.85715000,4.093353633726020632736616257,95.56465084606944810054294941,405.2050876890998339348177252,1.643186150113665405145507734,403.5619015389861685296722175,4.222920274035454981563802403,target,6,9960.026986145930978583967158
gold_zigzag_reversal,XAUUSD,15min,LONG,2026-02-06T09:15:00,2026-02-06T09:30:00,2026-02-06T10:30:00,4776.35778000,4738.590059030,4913.09643000,4738.340059030,2.637179774246232729087006692,99.60026986145930978583967158,-100.2595648050208679681114233,1.007689130558370986501228537,-101.2672539355792389546126518,-1.016736742545363070129672164,stop,4,9858.759732210351739629354506
gold_zigzag_reversal,XAUUSD,15min,SHORT,2026-02-06T14:15:00,2026-02-06T14:30:00,2026-02-06T16:30:00,4812.32786000,4870.907660040,4654.91557000,4871.157660040,1.682962339488783229316969602,98.58759732210351739629354506,-99.00833790697571320362278746,0.6479173242922119753554257268,-99.65625523126792517897821319,-1.010839679008231725606279485,stop,8,9759.103476979083814450376293
gold_zigzag_reversal,XAUUSD,15min,SHORT,2026-02-07T01:30:00,2026-02-07T01:45:00,2026-02-07T02:00:00,4931.63258000,4957.225219440,4874.71489000,4957.475219440,3.813246187388589183535333038,97.59103476979083814450376293,-98.54434631663798544038759620,1.504442330662908123020675839,-100.0487886473008935634082720,-1.025184217826029748497093663,stop,1,9659.054688331782920886968021
gold_zigzag_reversal,XAUUSD,15min,SHORT,2026-02-07T03:45:00,2026-02-07T04:00:00,2026-02-08T09:45:00,4950.95979000,4978.455662830,4900.09317000,4978.705662830,3.512910736840858061564931969,96.59054688331782920886968021,-97.46877456752804372426091320,1.391382384316668791352425812,-98.86015695184471251561333901,-1.023497227645564434333325363,stop,119,9560.194531379938208371354682
gold_zigzag_reversal,XAUUSD,15min,SHORT,2026-02-08T11:45:00,2026-02-08T12:00:00,2026-02-08T15:15:00,4993.11977000,5004.915343120,4958.95150000,5005.165343120,8.104900401295582158513510772,95.60194531379938208371354682,-97.62817041412327762334192451,3.237499074207192391146646756,-100.8656694883304700144885713,-1.055058755941144129841145015,stop,13,9459.328861891607738356866111
gold_zigzag_reversal,XAUUSD,15min,SHORT,2026-02-08T16:00:00,2026-02-08T16:15:00,2026-02-08T16:30:00,5009.83329000,5020.898433720,4987.97285000,5021.148433720,8.548762764639091139032097552,94.59328861891607738356866111,-96.73047931007585016832668549,3.426230102928108289893361656,-100.1567094130039584582200471,-1.058814117526889203387590522,stop,1,9359.172152478603779898646064
gold_zigzag_reversal,XAUUSD,15min,SHORT,2026-02-08T17:30:00,2026-02-08T17:45:00,2026-02-09T09:15:00,5022.83291000,5037.073028970,4987.97285000,5037.323028970,6.572397444288068177494057877,93.59172152478603779898646064,-95.23482088585805484335997511,2.640964334461600028979270018,-97.87578522031965487233924513,-1.045773959766292598607411775,stop,62,9261.296367258284125026306819
gold_zigzag_reversal,XAUUSD,15min,SHORT,2026-02-10T21:30:00,2026-02-10T21:45:00,2026-02-11T01:15:00,5054.60193000,5071.255192310,5018.99805000,5071.505192310,5.561250519483521018907379967,92.61296367258284125026306819,-94.00327630245372150498991318,2.248792608719592635629184742,-96.25206891117331414061909792,-1.039293691663468429447923588,stop,14,9165.044298347110810885687721
gold_zigzag_reversal,XAUUSD,15min,LONG,2026-02-11T03:15:00,2026-02-11T03:30:00,2026-02-11T21:30:00,5014.25972000,4993.216343080,5077.46195000,5077.31195000,4.355310620148845773221880645,91.65044298347110810885687721,274.6120469430676579277138595,1.747092688856046221212698459,272.8649542542116117065011610,2.977235519782725062741498430,target,72,9437.909252601322422592188882
gold_zigzag_reversal,XAUUSD,15min,LONG,2026-02-12T02:15:00,2026-02-12T02:30:00,2026-02-13T03:00:00,5049.58458000,5021.933788420,5115.80964000,5021.683788420,3.413251018617428826098073277,94.37909252601322422592188882,-95.23240528066758143244640714,1.378839976902388921560986591,-96.61124525756997035400739373,-1.023650923862628890423975341,stop,98,9341.298007343752452238181488
gold_zigzag_reversal,XAUUSD,15min,SHORT,2026-02-13T14:15:00,2026-02-13T14:30:00,2026-02-14T01:15:00,4978.06656000,5003.132872540,4892.56375000,5003.382872540,3.726634299495474355973294462,93.41298007343752452238181488,-94.34463864831139311137513849,1.484114687013395661024655473,-95.82875333532478877239979396,-1.025861216074983161444295947,stop,43,9245.469254008427663465781694
gold_zigzag_reversal,XAUUSD,15min,SHORT,2026-02-14T04:30:00,2026-02-14T04:45:00,2026-02-14T06:00:00,5020.98129000,5045.281589640,4976.64293000,5045.531589640,3.804672942711264305819803337,92.45469254008427663465781694,-93.40586077576209271111276777,1.528255332793799996141285654,-94.93411610855589270725405342,-1.026817714713578733467831428,stop,5,9150.535137899871770758527641
gold_zigzag_reversal,XAUUSD,15min,SHORT,2026-02-14T09:30:00,2026-02-14T09:45:00,2026-02-16T10:00:00,5042.97076000,5052.063644520,5023.95409000,5024.10409000,10.06340190263394191963028212,91.50535137899871770758527641,189.8628827743667129968310548,4.059955323288906886738702620,185.8029274510778061100923522,2.030514332233045889380766050,target,193,9336.338065350949576868619993
gold_zigzag_reversal,XAUUSD,15min,LONG,2026-02-18T01:45:00,2026-02-18T02:00:00,2026-02-18T23:45:00,4866.32791000,4838.127519040,4943.24879000,4943.09879000,3.310712280050939257215397128,93.36338065350949576868619993,254.1662951663170516029723871,1.288880925631329754328156474,252.8774142406857218486442306,2.708528895061815128821178585,target,87,9589.215479591635298717264224
gold_zigzag_reversal,XAUUSD,15min,SHORT,2026-02-19T01:15:00,2026-02-19T01:30:00,2026-02-19T01:30:00,4961.95111000,4976.223032370,4907.00007000,4976.473032370,6.718937527118594675145548892,95.89215479591635298717264224,-97.57188917769600165595902946,2.667123161656541275998283660,-100.2390123393525429319573131,-1.045330690009912098477873097,stop,0,9488.976467252282755785306911
gold_zigzag_reversal,XAUUSD,15min,SHORT,2026-02-19T03:00:00,2026-02-19T03:15:00,2026-02-19T17:45:00,4998.52137000,5014.040896880,4907.00007000,5014.290896880,6.114217617987258356283930036,94.88976467252282755785306911,-96.41831907701964214692405161,2.444963793947184582527703846,-98.86328287096682672945175546,-1.041875098037782450749555324,stop,58,9390.113184381315929055855156
gold_zigzag_reversal,XAUUSD,15min,SHORT,2026-02-19T19:30:00,2026-02-19T19:45:00,2026-02-20T00:30:00,5019.28179000,5027.318519010,4976.71778000,4976.86778000,11.68399876703235503153521803,93.90113184381315929055855156,495.5652405448979766310850529,4.691622579659836156047967648,490.8736179652381404750370853,5.227558053099018203675875842,target,19,9880.986802346554069530892241
gold_zigzag_reversal,XAUUSD,15min,SHORT,2026-02-20T19:30:00,2026-02-20T19:45:00,2026-02-20T20:00:00,5022.91849000,5037.538547560,4982.65819000,5037.788547560,6.758514295717009522861886900,98.80986802346554069530892241,-100.4994965973947930760243941,2.715797313670903595191123954,-103.2152939110656966712155181,-1.044584877762957316291167872,stop,1,9777.771508435488372859676723
gold_zigzag_reversal,XAUUSD,15min,SHORT,2026-02-20T21:30:00,2026-02-20T21:45:00,2026-02-21T01:30:00,5033.34518000,5048.967734560,5006.54025000,5049.217734560,6.258753311363367946438893232,97.77771508435488372859676723,-99.34240341219572571520649053,2.520197265004787782541976112,-101.8626006772005134977484666,-1.041777265804600909007803138,stop,15,9675.908907758287859361928256
gold_zigzag_reversal,XAUUSD,15min,SHORT,2026-02-21T05:30:00,2026-02-21T05:45:00,2026-02-21T07:45:00,5067.36195000,5088.989235790,5016.51146000,5089.239235790,4.473935842764062285673401764,96.75908907758287859361928256,-97.87757303827389416503763299,1.813684180509103364308114098,-99.69125721878299752934574709,-1.030303800595405180522192563,stop,8,9576.217650539504861832582509
gold_zigzag_reversal,XAUUSD,15min,SHORT,2026-02-21T09:30:00,2026-02-21T09:45:00,2026-02-23T10:00:00,5098.36151000,5112.464236300,5058.80171000,5112.714236300,6.790330782027234593521525344,95.76217650539504861832582509,-97.45975920090185726670620642,2.769564887940468209868051214,-100.2293240888423254765742576,-1.046648350595870246733782247,stop,193,9475.988326450662536356008251
gold_zigzag_reversal,XAUUSD,15min,SHORT,2026-02-23T13:15:00,2026-02-23T13:30:00,2026-02-23T18:15:00,5161.46860000,5176.563866090,5132.23054000,5132.38054000,6.277456965616604467789151937,94.75988326450662536356008251,182.5990448632737277553189189,2.592071761270510687929073532,180.0069731020032170673898454,1.899611596180879246759935717,target,19,9655.995299552665753423398096
gold_zigzag_reversal,XAUUSD,15min,LONG,2026-02-23T19:15:00,2026-02-23T19:30:00,2026-02-23T21:45:00,5128.70276000,5114.618225620,5161.81537000,5161.66537000,6.855743355821653902216821523,96.55995299552665753423398096,225.9831944980404071337512233,2.812885589668334274885134612,223.1703089083720728588660887,2.311209792311217319773406666,target,9,9879.165608461037826282264185
gold_zigzag_reversal,XAUUSD,15min,SHORT,2026-02-23T23:30:00,2026-02-23T23:45:00,2026-02-24T01:30:00,5162.94216000,5171.792202080,5120.90226000,5172.042202080,11.16284591548635645163199516,98.79165608461037826282264185,-101.5823675634819673757306406,4.610650224211864530313506290,-106.1930177876938319060441469,-1.074918894939310842237260865,stop,7,9772.972590673343994376220038
gold_zigzag_reversal,XAUUSD,15min,SHORT,2026-02-24T05:00:00,2026-02-24T05:15:00,2026-02-24T07:30:00,5213.67384000,5228.960718240,5180.70973000,5229.210718240,6.393046662137438463941229140,97.72972590673343994376220038,-99.32798757226779955974750766,2.666500811222822512324813572,-101.9944883834906220720723212,-1.043638334572095080676196973,stop,9,9670.978102289853372304147717
gold_zigzag_reversal,XAUUSD,15min,LONG,2026-02-26T23:00:00,2026-02-26T23:15:00,2026-02-27T01:30:00,5168.33166000,5159.088777500,5190.44804000,5158.838777500,10.46316244125125833018449355,96.70978102289853372304147717,-99.32557163321134830558760059,4.326167496707341475418500132,-103.6517391299186897810061007,-1.071781344488583512773206843,stop,9,9567.326363159934682523141616
gold_zigzag_reversal,XAUUSD,15min,SHORT,2026-02-28T02:00:00,2026-02-28T02:15:00,2026-02-28T03:00:00,5238.07799000,5249.068756230,5184.20688000,5249.318756230,8.704876587262228288266614889,95.67326363159934682523141616,-97.84948277841490389729806988,3.647745796592367388409978456,-101.4972285750072712857080483,-1.060873484632381267561542886,stop,3,9465.829134584927411237433568
gold_zigzag_reversal,XAUUSD,15min,SHORT,2026-02-28T09:30:00,2026-02-28T09:45:00,2026-03-02T10:00:00,5277.73876000,5287.328392300,5223.55571000,5287.578392300,9.870898944253501160036588231,94.65829134584927411237433568,-97.12601608191264940238348274,4.167682076330382587042405178,-101.2936981582430319894258879,-1.070098527218817347146876528,stop,193,9364.535436426684379248007680
gold_zigzag_reversal,XAUUSD,15min,SHORT,2026-03-02T15:45:00,2026-03-02T16:00:00,2026-03-02T17:00:00,5355.81544000,5379.391638560,5305.31064000,5379.641638560,3.972029423061783196674946769,93.64535436426684379248007680,-94.63836172003228959164881350,1.701876520973487241494738926,-96.34023824100577683314355243,-1.028777550098814573268507457,stop,4,9268.195198185678602414864128
gold_zigzag_reversal,XAUUSD,15min,SHORT,2026-03-02T19:00:00,2026-03-02T19:15:00,2026-03-03T01:15:00,5411.23279000,5429.058861080,5343.04300000,5343.19300000,5.199236083257937173228675428,92.68195198185678602414864128,353.7549312652925610996726981,2.250742142134121572762793492,351.5041891231584395269099046,3.792585089187246750280544713,target,24,9619.699387308837041941774033
gold_zigzag_reversal,XAUUSD,15min,LONG,2026-03-03T02:45:00,2026-03-03T03:00:00,2026-03-03T03:00:00,5313.58102000,5274.124654710,5417.20440000,5273.874654710,2.438060200579828178578223527,96.19699387308837041941774033,-96.80650892323332746406229620,1.036386432593469440364353530,-97.84289535582679690442664973,-1.017109697678389473365502694,stop,0,9521.856491953010245037347383
gold_zigzag_reversal,XAUUSD,15min,LONG,2026-03-03T21:45:00,2026-03-03T22:00:00,2026-03-03T22:00:00,5246.40849000,5214.200611690,5335.79115000,5213.950611690,2.956374959041196850894754695,95.21856491953010245037347383,-95.95765865929040166309716251,1.240828054778970993463640410,-97.19848671406937265656080292,-1.020793442919587334965933681,stop,0,9424.658005238940872380786580
gold_zigzag_reversal,XAUUSD,15min,SHORT,2026-03-04T22:00:00,2026-03-04T22:15:00,2026-03-05T01:45:00,5194.38597000,5213.162853520,5149.14733000,5149.29733000,5.019287676360331851481169853,94.24658005238940872380786580,226.3128550958475131319679343,2.085769398838400674710232992,224.2270856970091124572577013,2.379153552016069597474927511,target,14,9648.885090935949984838044281
gold_zigzag_reversal,XAUUSD,15min,LONG,2026-03-05T06:15:00,2026-03-05T06:30:00,2026-03-06T00:15:00,5125.95245000,5097.380340580,5203.82419000,5097.130340580,3.377029308232276112023248818,96.48885090935949984838044281,-97.33310823641756887638625502,1.384839332500403272440163739,-98.71794756891797214882641876,-1.023102116343498169341674039,stop,71,9550.167143367032012689217862
gold_zigzag_reversal,XAUUSD,15min,LONG,2026-03-06T01:45:00,2026-03-06T02:00:00,2026-03-06T02:00:00,5107.73348000,5080.104160210,5171.66924000,5079.854160210,3.456533572289957563479060178,95.50167143367032012689217862,-96.36580482674280951776194367,1.412404180154353321180897676,-97.77820900689716283894284135,-1.023837672566893113513020003,stop,0,9452.388934360134849850275021
gold_zigzag_reversal,XAUUSD,15min,LONG,2026-03-06T03:00:00,2026-03-06T03:15:00,2026-03-07T02:15:00,5081.85768000,5050.443210210,5171.66924000,5171.51924000,3.008928368852834568197331024,94.52388934360134849850275021,269.7852114796005578064990874,1.223275659185972011213047234,268.5619358204145857952860402,2.841206997356742591707450237,target,92,9720.950870180549435645561061
gold_zigzag_reversal,XAUUSD,15min,SHORT,2026-03-07T08:00:00,2026-03-07T08:15:00,2026-03-09T09:00:00,5165.38537000,5186.092037640,5125.39567000,5186.342037640,4.694599362478852939972895156,97.20950870180549435645561061,-98.38315854242520759144883439,1.939953189196767512841398467,-100.3231117316219751042902329,-1.032029819627703262831720421,stop,195,9620.627758448927460541270828
gold_zigzag_reversal,XAUUSD,15min,LONG,2026-03-09T11:45:00,2026-03-09T12:00:00,2026-03-11T00:15:00,5051.18887000,5009.265395410,5204.69053000,5204.54053000,2.294806871934163188963214899,96.20627758448927460541270828,351.9124431905113357384026837,0.9273202344250688378283758352,350.9851229560862669005743079,3.648255932653124112153891966,target,145,9971.612881405013727441845136
gold_zigzag_reversal,XAUUSD,15min,SHORT,2026-03-11T03:30:00,2026-03-11T03:45:00,2026-03-11T05:15:00,5228.92892000,5249.470647340,5189.19882000,5189.34882000,4.854320533204494246510549359,99.71612881405013727441845136,192.1344921362872027263121947,2.030631761841824019164209650,190.1038603744453787071479850,1.906450467295512257539292214,target,6,10161.71674177945910614899312
gold_zigzag_reversal,XAUUSD,15min,LONG,2026-03-12T10:45:00,2026-03-12T11:00:00,2026-03-12T19:00:00,5135.87582000,5123.836396740,5183.76903000,5183.61903000,8.440368381715536684395123691,101.6171674177945910614899312,402.9702801256050281857801134,3.467894710683628398056630968,399.5023854149213997877234824,3.931445793724839938885909723,target,32,10561.21912719438050593671660
gold_zigzag_reversal,XAUUSD,15min,SHORT,2026-03-12T20:15:00,2026-03-12T20:30:00,2026-03-13T02:00:00,5179.78877000,5193.499818790,5138.11143000,5138.26143000,7.702706983945011916142934679,105.6121912719438050593671660,319.8729318426590511457191370,3.191871610723115441660268382,316.6810602319359357040588686,2.998527503482102334492531552,target,22,10877.90018742631644164077547
gold_zigzag_reversal,XAUUSD,15min,LONG,2026-03-13T03:00:00,2026-03-13T03:15:00,2026-03-13T04:45:00,5123.31529000,5106.240557480,5185.61521000,5105.990557480,6.370758765728715755976466371,108.7790018742631644164077547,-110.3716915656953433554018713,2.611152463468756593972651124,-112.9828440291640999493745224,-1.038645713625503985347349968,stop,6,10764.91734339715234169140095
gold_zigzag_reversal,XAUUSD,15min,LONG,2026-03-13T07:00:00,2026-03-13T07:15:00,2026-03-13T07:30:00,5086.66069000,5071.408807710,5139.18760000,5071.158807710,7.058091020316386366296432353,107.6491734339715234169140095,-109.4136961890506200084881176,2.872169131158828311383360268,-112.2858653202094483198714779,-1.043072247917276576358890848,stop,1,10652.63147807694289337152947
gold_zigzag_reversal,XAUUSD,15min,SHORT,2026-03-13T12:45:00,2026-03-13T13:00:00,2026-03-13T18:15:00,5119.92816000,5129.649291930,5076.15693000,5076.30693000,10.95822127997489577674266732,106.5263147807694289337152947,478.0110908446793229033205420,4.488424457188377038432788440,473.5226663874909458648877536,4.445123886637757008612061908,target,21,11126.15414446443383923641722
gold_zigzag_reversal,XAUUSD,15min,LONG,2026-03-14T02:30:00,2026-03-14T02:45:00,2026-03-14T06:45:00,5052.61724000,5021.882819810,5123.76336000,5021.632819810,3.620095669832915705717244318,111.2615414446443383923641722,-112.1665653621025673187934833,1.463276623347771025133897217,-113.6298419854503383439273805,-1.021285886480229058129500376,stop,16,11012.52430247898350089248984
gold_zigzag_reversal,XAUUSD,15min,LONG,2026-03-14T13:00:00,2026-03-14T13:15:00,2026-03-16T06:00:00,5019.84225000,5015.065805790,5028.33165000,5028.18165000,23.05590480764556758194081333,110.1252430247898350089248984,192.2724125528794462928372187,9.258960405231787453844546544,183.0134521476476588389926722,1.661866499640325538315038752,target,163,11195.53775462663115973148251
gold_zigzag_reversal,XAUUSD,15min,SHORT,2026-03-17T15:15:00,2026-03-17T15:30:00,2026-03-17T15:45:00,5031.28973000,5039.107439780,4998.03231000,5039.357439780,14.32073851509313915683818402,111.9553775462663115973148251,-115.5355621750395963865243711,5.764142769360284882660865162,-121.2997049443998812691852363,-1.083464748214278171886805448,stop,1,11074.23804968223127846229727
gold_zigzag_reversal,XAUUSD,15min,LONG,2026-03-18T21:15:00,2026-03-18T21:30:00,2026-03-18T21:30:00,4983.54654000,4975.730010730,5015.12179000,4975.480010730,14.16771775189966285185073870,110.7423804968223127846229727,-114.2843099347972284975856574,5.648438462574091458600582516,-119.9327483973713199561862399,-1.082988715425100685383859632,stop,0,10954.30530128485995850611103
gold_zigzag_reversal,XAUUSD,15min,LONG,2026-03-19T08:00:00,2026-03-19T08:15:00,2026-03-19T17:30:00,4818.97980000,4794.652230590,4899.65344000,4794.402230590,4.502835904676126030835610318,109.5430530128485995850611103,-110.6687619890176310927700129,1.735926021387918150788078659,-112.4046880104055492435580916,-1.026123381801503202452480435,stop,37,10841.90061327445440926255294
gold_zigzag_reversal,XAUUSD,15min,LONG,2026-03-19T21:00:00,2026-03-19T21:15:00,2026-03-19T22:30:00,4704.23307000,4661.463192800,4853.63582000,4661.213192800,2.534938448052045005465330852,108.4190061327445440926255294,-109.0527407447575553439918621,0.9539953022192725756670672104,-110.0067360469768279196589293,-1.014644387279185360859535037,stop,5,10731.89387722747758134289401
gold_zigzag_reversal,XAUUSD,15min,SHORT,2026-03-20T13:45:00,2026-03-20T14:00:00,2026-03-20T14:00:00,4698.20125000,4717.513412630,4644.65879000,4717.763412630,5.557064779765412311745271384,107.3189387722747758134289401,-108.7082049672161288913652579,2.088656695569986786384561896,-110.7968616627861156777498198,-1.032407354473484982246133870,stop,0,10621.09701556469146566514419
gold_zigzag_reversal,XAUUSD,15min,SHORT,2026-03-20T15:15:00,2026-03-20T15:30:00,2026-03-20T21:45:00,4721.48156000,4750.797598480,4644.65879000,4644.80879000,3.622964618091431658424110579,106.2109701556469146566514419,277.7827328810621785170703929,1.368460850948090957539972541,276.4142720301140875595304204,2.602502092063020105573282083,target,25,10897.51128759480555322467461
gold_zigzag_reversal,XAUUSD,15min,LONG,2026-03-23T16:15:00,2026-03-23T16:30:00,2026-03-23T16:45:00,4360.37305000,4306.956247460,4452.63754000,4306.706247460,2.040090527589037820612441811,108.9751128759480555322467461,-109.4851355078453149873998565,0.7116444604847617590743380614,-110.1967799683300767464741946,-1.011210514585772508876193023,stop,1,10787.31450762647547647820042
gold_zigzag_reversal,XAUUSD,15min,SHORT,2026-03-23T23:30:00,2026-03-23T23:45:00,2026-03-24T01:15:00,4439.50734000,4498.662935610,4104.81533000,4498.912935610,1.823549301869073933321892965,107.8731450762647547647820042,-108.3290324017320232481124774,0.6476528408399703556788171520,-108.9766852425719936037912946,-1.010229980460169691798324199,stop,6,10678.33782238390348287440913
gold_zigzag_reversal,XAUUSD,15min,SHORT,2026-03-24T01:45:00,2026-03-24T02:00:00,2026-03-24T12:30:00,4468.45643000,4533.103296600,4334.90805000,4335.05805000,1.651795111502574122111342846,106.7833782238390348287440913,220.3467919663627537195753153,0.5904779589628995438000028092,219.7563140073998541757753125,2.057963679953515334028579198,target,42,10898.09413639130333705018444
gold_zigzag_reversal,XAUUSD,15min,SHORT,2026-03-24T19:45:00,2026-03-24T20:00:00,2026-03-25T07:15:00,4408.29553000,4451.515977840,4318.79209000,4451.765977840,2.521513468980126916021836492,108.9809413639130333705018444,-109.6113197311580650995073035,0.8892461243311909714185397752,-110.5005658554892560709258433,-1.013943947194416669422461033,stop,45,10787.59357053581408097925860
gold_zigzag_reversal,XAUUSD,15min,SHORT,2026-03-25T08:30:00,2026-03-25T08:45:00,2026-03-25T10:15:00,4474.30664000,4498.283309370,4374.98042000,4498.533309370,4.499204374079340312052381861,107.8759357053581408097925860,-109.0007367988779758878056815,1.610465600452818899602851535,-110.6112023993307947874085330,-1.025355670623738513019333511,stop,6,10676.98236813648328619185007
gold_zigzag_reversal,XAUUSD,15min,SHORT,2026-03-25T13:30:00,2026-03-25T13:45:00,2026-03-26T16:45:00,4594.01728000,4616.178983440,4457.01456000,4457.16456000,4.817762496029720035903454031,106.7698236813648328619185007,659.3239018956563877518853415,1.770630732615717219080215058,657.5532711630406705328051264,6.158605947738464999511788431,target,108,11334.53563929952395672465520
gold_zigzag_reversal,XAUUSD,15min,LONG,2026-03-26T20:45:00,2026-03-26T21:00:00,2026-03-27T01:15:00,4422.05552000,4402.572877570,4463.44176000,4463.29176000,5.817760953127303253968643103,113.3453563929952395672465520,239.9025869257862275334319195,2.058116954945364209354080012,237.8444699708408633240778395,2.098405065190122672697432450,target,17,11572.38010927036482004873304
gold_zigzag_reversal,XAUUSD,15min,LONG,2026-03-27T05:15:00,2026-03-27T05:30:00,2026-03-28T01:45:00,4372.49228000,4341.370659760,4483.21906000,4483.06906000,3.718437542784682736058195998,115.7238010927036482004873304,411.1728501122424502749052061,1.300707155959055597253099170,409.8721429562833946776521069,3.541813689890330722704043894,target,81,11982.25225222664821472638515
gold_zigzag_reversal,XAUUSD,15min,LONG,2026-03-30T11:45:00,2026-03-30T12:00:00,2026-03-30T14:15:00,4433.97387000,4406.996914570,4513.34994000,4513.19994000,4.441662174709923600421052091,119.8225225222664821472638515,351.8954383699206368616103024,1.575537121762494085917061278,350.3199012481581427756932411,2.923656536967485363117568081,target,9,12332.57215347480635750207839
gold_zigzag_reversal,XAUUSD,15min,LONG,2026-03-31T05:30:00,2026-03-31T05:45:00,2026-03-31T06:00:00,4515.00525000,4498.833131930,4556.89238000,4498.583131930,7.625823717149504064622549710,123.3257215347480635750207839,-125.2321774640354395911764213,2.754450729480362070933372096,-127.9866281935158016621097934,-1.037793467581330860268694538,stop,1,12204.58552528129055583996860
gold_zigzag_reversal,XAUUSD,15min,LONG,2026-03-31T07:15:00,2026-03-31T07:30:00,2026-03-31T12:15:00,4505.46349000,4480.798372360,4556.89238000,4556.74238000,4.948115676322105940638833539,122.0458552528129055583996860,253.7338794733968750983652748,1.783484361917272463636829743,251.9503951114796026347284451,2.064391245319841904471857204,target,19,12456.53592039277015847469705
gold_zigzag_reversal,XAUUSD,15min,SHORT,2026-04-02T03:45:00,2026-04-02T04:00:00,2026-04-02T12:00:00,4787.50165000,4803.356535210,4729.91016000,4730.06016000,7.856591678466507269323015837,124.5653592039277015847469705,451.2943323327170926457453210,3.009075649922773841729674616,448.2852566827943188040156464,3.598795520260975765210223178,target,32,12904.82117707556447727871270
gold_zigzag_reversal,XAUUSD,15min,LONG,2026-04-02T13:30:00,2026-04-02T13:45:00,2026-04-02T16:30:00,4678.31823000,4642.581113510,4798.53894000,4642.331113510,3.611041528962362144198476350,129.0482117707556447727871270,-129.9509721529962353088367461,1.351488113138535344245249652,-131.3024602661347706530819958,-1.017468266041404953877967450,stop,11,12773.51871680942970662563070
gold_zigzag_reversal,XAUUSD,15min,SHORT,2026-04-03T07:45:00,2026-04-03T08:00:00,2026-04-06T08:00:00,4676.63195000,4692.884725270,4645.79477000,4645.94477000,7.859284648073171632936527215,127.7351871680942970662563070,241.1792826666580710708171392,2.940398535145880031713970840,238.2388841315121910391031684,1.865099894659406067084566290,target,288,13011.75760094094189766473387
gold_zigzag_reversal,XAUUSD,15min,SHORT,2026-04-06T20:30:00,2026-04-06T20:45:00,2026-04-07T05:15:00,4695.96386000,4715.692009900,4645.75503000,4645.90503000,6.595528555336525447662344592,130.1175760094094189766473387,330.1644427117367201752032053,2.477789098676666691215415336,327.6866536130600534839877900,2.518388857700234729055865497,target,34,13339.44425455400195114872166
gold_zigzag_reversal,XAUUSD,15min,SHORT,2026-04-08T16:30:00,2026-04-08T16:45:00,2026-04-08T19:30:00,4833.93591000,4854.805575380,4790.64564000,4790.79564000,6.391786361528141545673753232,133.3944425455400195114872166,275.7433894186416388785830463,2.471798849763130071455620872,273.2715905688785088071274254,2.048598017684172375551524056,target,11,13612.71584512288045995584909
gold_zigzag_reversal,XAUUSD,15min,SHORT,2026-04-10T03:00:00,2026-04-10T03:15:00,2026-04-10T10:00:00,4792.11935000,4811.139354960,4751.15335000,4751.30335000,7.157051679929152058410319726,136.1271584512288045995584909,292.1222213679882704160756099,2.743795667547079696656033872,289.3784257004411907194195760,2.125794947847374273239937157,target,27,13902.09427082332165067526867
gold_zigzag_reversal,XAUUSD,15min,SHORT,2026-04-10T23:15:00,2026-04-10T23:30:00,2026-04-11T00:15:00,4777.51888000,4790.660287100,4742.51398000,4790.910287100,10.57884758080686934253430797,139.0209427082332165067526867,-141.6656546034349338423862637,4.043251523675771513412067470,-145.7089061271107053557983312,-1.048107596514531537494185079,stop,3,13756.38536469621094531947034
gold_zigzag_reversal,XAUUSD,15min,LONG,2026-04-13T09:15:00,2026-04-13T09:30:00,2026-04-14T08:45:00,4653.57906000,4632.998505410,4752.99783000,4752.84783000,6.684166505104958371930574073,137.5638536469621094531947034,663.5289874369679384827506136,2.488423782536785390543024902,661.0405636544311530922075887,4.805336184830187319067770564,target,93,14417.42592835064209841167793
gold_zigzag_reversal,XAUUSD,15min,SHORT,2026-04-14T10:15:00,2026-04-14T10:30:00,2026-04-14T10:30:00,4761.63982000,4772.555379540,4738.11041000,4772.805379540,13.20814189645347498000242499,144.1742592835064209841167793,-147.4762947576197897291173856,5.031393152189054659372260042,-152.5076879098088443884896456,-1.057801085073830305908440860,stop,0,14264.91824044083325402318828
gold_zigzag_reversal,XAUUSD,15min,SHORT,2026-04-14T12:45:00,2026-04-14T13:00:00,2026-04-14T16:45:00,4775.18376000,4783.318806900,4753.66414000,4783.568806900,17.53513952137243763649744697,142.6491824044083325402318828,-147.0329672847514419493562446,6.698681077743346969073231364,-153.7316483624947889184294760,-1.077690357359832799488838842,stop,15,14111.18659207833846510475880
gold_zigzag_reversal,XAUUSD,15min,SHORT,2026-04-14T20:15:00,2026-04-14T20:30:00,2026-04-14T23:30:00,4783.98654000,4797.361495650,4758.36060000,4797.611495650,10.55045486605283694163483735,141.1118659207833846510475880,-143.7494796372965938864562974,4.037858725605941988607666198,-147.7873383629025358750639636,-1.047306244578089498188354741,stop,12,13963.39925371543592922969484
gold_zigzag_reversal,XAUUSD,15min,SHORT,2026-04-15T01:30:00,2026-04-15T01:45:00,2026-04-15T03:00:00,4809.23480000,4827.882744780,4761.86507000,4828.132744780,7.487902510678410497325429575,139.6339925371543592922969484,-141.5059681648239619166283058,2.880886506668958669793821028,-144.3868546714929205864221268,-1.034038002122397962184441861,stop,5,13819.01239904394300864327271
gold_zigzag_reversal,XAUUSD,15min,SHORT,2026-04-15T04:15:00,2026-04-15T04:30:00,2026-04-15T11:15:00,4837.56838000,4853.696118340,4791.80146000,4853.946118340,8.568475075497748315182098068,138.1901239904394300864327271,-140.3322427593138671652282516,3.316046727203681600857855324,-143.6482894865175487660861069,-1.039497507770206048618221815,stop,27,13675.36410955742545987718660
gold_zigzag_reversal,XAUUSD,15min,LONG,2026-04-15T13:45:00,2026-04-15T14:00:00,2026-04-15T16:45:00,4825.08739000,4810.710909590,4869.57853000,4810.460909590,9.512317145471229741603485133,136.7536410955742545987718660,-139.1317203819420620341727373,3.671820920663522098720314760,-142.8035413026055841328930521,-1.044239408607798464631302621,stop,11,13532.56056825481987574429355
gold_zigzag_reversal,XAUUSD,15min,SHORT,2026-04-16T14:15:00,2026-04-16T14:30:00,2026-04-16T14:45:00,4826.29681000,4833.510818020,4812.30949000,4833.760818020,18.75872681418895882478419195,135.3256056825481987574429355,-140.0152873860954384636389835,7.242814670638530777062183564,-147.2581020567339692407011671,-1.088176190411277086437173105,stop,1,13385.30246619808590650359238
gold_zigzag_reversal,XAUUSD,15min,SHORT,2026-04-17T23:45:00,2026-04-18T00:00:00,2026-04-20T08:00:00,4879.60025000,4903.311605740,4782.86095000,4783.01095000,5.645102124471810529423397863,133.8530246619808590650359238,545.2564626312450487696354032,2.203667339027854222186163566,543.0527952922171945474492396,4.057082734316903298250629679,target,224,13928.35526149030310105104162
gold_zigzag_reversal,XAUUSD,15min,LONG,2026-04-20T08:45:00,2026-04-20T09:00:00,2026-04-20T09:15:00,4780.74217000,4769.599499870,4834.32342000,4769.349499870,12.50001579423073444340673632,139.2835526149030310105104162,-142.4085565634607146213621003,4.780748210651593189093285024,-147.1893047741123078104553853,-1.056760127170703562773422962,stop,1,13781.16595671619079324058623
gold_zigzag_reversal,XAUUSD,15min,SHORT,2026-04-21T00:15:00,2026-04-21T00:30:00,2026-04-21T15:00:00,4823.20237000,4834.987563490,4787.15563000,4787.30563000,11.69362723523361583199648106,137.8116595671619079324058623,419.7630965200999467810613615,4.512058447590025870764395942,415.2510380725099209102969656,3.013177835436624638735566487,target,58,14196.41699478870071415088320
gold_zigzag_reversal,XAUUSD,15min,LONG,2026-04-21T18:00:00,2026-04-21T18:15:00,2026-04-21T23:15:00,4775.63926000,4765.987937480,4797.20496000,4765.737937480,14.70929705785927949090119434,141.9641699478870071415088320,-145.6414942123518270142341306,5.619703721321221335364844518,-151.2611979336730483495989751,-1.065488552422761642411676447,stop,20,14045.15579685502766580128422
gold_zigzag_reversal,XAUUSD,15min,LONG,2026-04-22T02:00:00,2026-04-22T02:15:00,2026-04-22T02:45:00,4728.39132000,4713.708614340,4795.32988000,4713.458614340,9.565781758547509877550241799,140.4515579685502766580128422,-142.8430034081871541274004026,3.618460754890430521009826096,-146.4614641630775846484102287,-1.042789886288573873107253993,stop,2,13898.69433269195008115287399
gold_zigzag_reversal,XAUUSD,15min,SHORT,2026-04-22T10:45:00,2026-04-22T11:00:00,2026-04-22T12:15:00,4740.16821000,4756.285497200,4668.28518000,4756.535497200,8.623470041963358499408556789,138.9869433269195008115287399,-141.1428108374103404363808791,3.270135884224166235498379576,-144.4129467216345066718792587,-1.039039662754163740409117981,stop,5,13754.28138597031557448099473
gold_zigzag_reversal,XAUUSD,15min,LONG,2026-04-23T01:15:00,2026-04-23T01:30:00,2026-04-23T10:00:00,4734.17351000,4722.522067330,4759.21316000,4722.272067330,11.80478827860920640351998121,137.5428138597031557448099473,-140.4940109293554573456899426,4.470873276780016367813333264,-144.9648842061354737135032759,-1.053961891124337480862359168,stop,34,13609.31650176418010076749145
gold_zigzag_reversal,XAUUSD,15min,LONG,2026-04-23T13:30:00,2026-04-23T13:45:00,2026-04-23T20:00:00,4705.14155000,4688.319504740,4752.77812000,4688.069504740,8.090167569650314982428891319,136.0931650176418010076749145,-138.1157069100543797532821373,3.045230686273937279553095718,-141.1609375963283170328352330,-1.037237524588612359969360824,stop,25,13468.15556416785178373465622
gold_zigzag_reversal,XAUUSD,15min,LONG,2026-04-24T13:45:00,2026-04-24T14:00:00,2026-04-24T14:15:00,4672.58741000,4661.539794700,4711.17216000,4661.289794700,12.19100701684267715561624980,134.6815556416785178373465622,-137.7293073958891871262506247,4.557083672169660098242167968,-142.2863910680588472244927927,-1.056465307295774500764884527,stop,1,13325.86917309979293651016343
gold_zigzag_reversal,XAUUSD,15min,LONG,2026-04-24T14:45:00,2026-04-24T15:00:00,2026-04-24T21:15:00,4674.57325000,4661.188376110,4711.17216000,4711.02216000,9.955916867513940347263266916,133.2586917309979293651016343,362.8823178714975354627675621,3.723173013448356763953006258,359.1591448580491786988145558,2.695202393124676649456276647,target,25,13685.02831795784211520897799
gold_zigzag_reversal,XAUUSD,15min,SHORT,2026-04-24T22:15:00,2026-04-24T22:30:00,2026-04-25T00:00:00,4709.61124000,4724.156535680,4675.88689000,4724.406535680,9.408559728885375340275638859,136.8502831795784211520897799,-139.2024231117997649871586896,3.544852692109593309934477878,-142.7472758039093582970931675,-1.043090832458072107063553348,stop,6,13542.28104215393275691188482
gold_zigzag_reversal,XAUUSD,15min,LONG,2026-04-25T07:00:00,2026-04-25T07:15:00,2026-04-27T08:00:00,4708.66954000,4699.439931350,4726.03788000,4699.189931350,14.67264924840982586722340044,135.4228104215393275691188482,-139.0909727336417840359246983,5.527092526967299239815912802,-144.6180652606090832757406111,-1.067900339761426395906829701,stop,195,13397.66297689332367363614421
gold_zigzag_reversal,XAUUSD,15min,SHORT,2026-04-27T14:15:00,2026-04-27T14:30:00,2026-04-28T01:00:00,4726.35549000,4734.593507870,4674.26331000,4674.41331000,16.26321184090041755837577979,133.9766297689332367363614421,844.7466768181808508923152615,6.149257645541815605625740984,838.5974191726390352866895205,6.259281343462295742750070047,target,42,14236.26039606596270892283373
gold_zigzag_reversal,XAUUSD,15min,LONG,2026-04-28T01:45:00,2026-04-28T02:00:00,2026-04-28T15:00:00,4669.65529000,4660.427108720,4712.04336000,4660.177108720,15.42694054669238434046327461,142.3626039606596270892283373,-146.2193390973327231743441559,5.763079562590206763052599306,-151.9824186599229299373967552,-1.067572623930942110838117389,stop,52,14084.27797740603977898543697
gold_zigzag_reversal,XAUUSD,15min,LONG,2026-04-28T17:30:00,2026-04-28T17:45:00,2026-04-28T19:30:00,4628.91696000,4612.325657240,4676.14423000,4612.075657240,8.488952423532315661862731851,140.8427797740603977898543697,-142.9650178799434767053200527,3.143572467673747126021601972,-146.1085903476172238313416547,-1.037387863133660276837718318,stop,7,13938.16938705842255515409532
gold_zigzag_reversal,XAUUSD,15min,LONG,2026-04-28T20:45:00,2026-04-28T21:00:00,2026-04-28T21:30:00,4605.09309000,4594.171156960,4634.47199000,4593.921156960,12.76163233743687422858810652,139.3816938705842255515409532,-142.5721019549434441086879798,4.701480391540087825701613584,-147.2735823464835319343895934,-1.056620695707909229225598695,stop,2,13790.89580471193902321970573
gold_zigzag_reversal,XAUUSD,15min,LONG,2026-04-29T19:30:00,2026-04-29T19:45:00,2026-04-29T22:45:00,4560.81357000,4549.962843360,4590.10327000,4549.712843360,12.70965186227559320692619138,137.9089580471193902321970573,-141.0863710126882885339286052,4.637308214675383726235903330,-145.7236792273636722601645085,-1.056665798153403669194268818,stop,12,13645.17212548457535095954122
gold_zigzag_reversal,XAUUSD,15min,SHORT,2026-04-30T19:00:00,2026-04-30T19:15:00,2026-04-30T20:15:00,4618.53288000,4634.903592200,4540.58958000,4635.153592200,8.335112094563958769588253601,136.4517212548457535095954122,-138.5354992784867432019924756,3.079679141378345027224615466,-141.6151784198650882292170911,-1.037840908986232132283163588,stop,4,13503.55694706471026273032413
gold_zigzag_reversal,XAUUSD,15min,SHORT,2026-05-01T08:45:00,2026-05-01T09:00:00,2026-05-01T11:15:00,4630.47475000,4637.817798850,4615.24003000,4615.39003000,18.38957798444267501057183370,135.0355694706471026273032413,277.4016348134821085854731513,6.812198121609415956712708720,270.5894366918726926287604426,2.003838231309056319297126834,target,9,13774.14638375658295535908457
gold_zigzag_reversal,XAUUSD,15min,LONG,2026-05-01T20:45:00,2026-05-01T21:00:00,2026-05-01T22:15:00,4567.46964000,4554.337826590,4600.11390000,4599.96390000,10.48914262920263573510452778,137.7414638375658295535908457,340.8369277703940382617776529,3.832707240681025290245521028,337.0042205297130129715321319,2.446643233929410515436192144,target,5,14111.15060428629596833061670
gold_zigzag_reversal,XAUUSD,15min,LONG,2026-05-04T19:45:00,2026-05-04T20:00:00,2026-05-04T20:00:00,4574.92937000,4566.642422200,4613.93413000,4566.392422200,17.02816398129875509573092363,141.1115060428629596833061670,-145.3685470381876484572388979,6.232211801217584434551725130,-151.6007588394052328917906230,-1.074333079496410005140855358,stop,0,13959.54984544689073543882608
gold_zigzag_reversal,XAUUSD,15min,LONG,2026-05-05T02:45:00,2026-05-05T03:00:00,2026-05-05T23:15:00,4511.91702000,4489.803495750,4582.50416000,4582.35416000,6.312675305677199207828135346,139.5954984544689073543882608,444.6467942805276754096794653,2.278581372273492618538422488,442.3682129082541827911410428,3.168928925401838650842820768,target,81,14401.91805835514491822996712
gold_zigzag_reversal,XAUUSD,15min,SHORT,2026-05-06T20:15:00,2026-05-06T20:30:00,2026-05-06T20:30:00,4703.80924000,4714.289699890,4658.09577000,4714.539699890,13.74168520228471092238488317,144.0191805835514491822996712,-147.4546018841226269128958920,5.171061266214247387795434904,-152.6256631503368743006913269,-1.059759280200823324748204346,stop,0,14249.29239520480804392927579
gold_zigzag_reversal,XAUUSD,15min,LONG,2026-05-08T07:45:00,2026-05-08T08:00:00,2026-05-08T08:00:00,4686.89719000,4676.841860980,4717.42617000,4676.591860980,14.17088627021854332512858519,142.4929239520480804392927579,-146.0356455196027162705749042,5.313398963175749711715073786,-151.3490444827784659822899780,-1.062151300465352649395454591,stop,0,14097.94335072202957794698581
gold_zigzag_reversal,XAUUSD,15min,LONG,2026-05-08T08:30:00,2026-05-08T08:45:00,2026-05-08T11:00:00,4688.23913000,4675.363838160,4717.42617000,4717.27617000,10.94961071633622059936700107,140.9794335072202957794698581,317.9442843546834909926435847,4.106751473487583972021154212,313.8375328811959070206224305,2.226122811488830687351627440,target,9,14411.78088360322548496760824
gold_zigzag_reversal,XAUUSD,15min,SHORT,2026-05-08T13:30:00,2026-05-08T13:45:00,2026-05-08T23:30:00,4724.99984000,4741.816857860,4685.70236000,4742.066857860,8.569760110609304832460710867,144.1178088360322548496760824,-146.2602488636845810577912601,3.239369212117387810871046852,-149.4996180758019688686623070,-1.037343124234512765154427921,stop,39,14262.28126552742351609894593
gold_zigzag_reversal,XAUUSD,15min,LONG,2026-05-11T15:15:00,2026-05-11T15:30:00,2026-05-11T15:45:00,4673.02173000,4660.600850610,4699.66641000,4660.350850610,11.48250523792214644159663314,142.6228126552742351609894593,-145.4934389647547717713886175,4.292639719331920829585859404,-149.7860786840866926009744769,-1.050225247247972834554671575,stop,1,14112.49518684333682349797145
gold_zigzag_reversal,XAUUSD,15min,SHORT,2026-05-12T05:30:00,2026-05-12T05:45:00,2026-05-12T05:45:00,4728.09382000,4735.557877260,4710.83633000,4735.807877260,18.90727079824590845046380506,141.1249518684333682349797145,-145.8517695679948453475956658,7.151628017140235726793895428,-153.0033975851350810743895612,-1.084169706061445729048439803,stop,0,13959.49178925820174242358189
gold_zigzag_reversal,XAUUSD,15min,SHORT,2026-05-12T07:15:00,2026-05-12T07:30:00,2026-05-12T08:45:00,4735.14361000,4744.039861570,4710.83633000,4744.289861570,15.69143102509881219829711031,139.5949178925820174242358189,-143.5177756488567204738100965,5.944094348020191215948529182,-149.4618699968769116897586257,-1.070682745856747394116239004,stop,5,13810.02991926132483073382326
gold_zigzag_reversal,XAUUSD,15min,SHORT,2026-05-13T06:45:00,2026-05-13T07:00:00,2026-05-13T10:00:00,4715.03842000,4725.566043370,4641.66357000,4725.816043370,13.11789891592723727039431812,138.1002991926132483073382326,-141.3797739215950576249368121,4.948111790261861892349211080,-146.3278857118569195172860232,-1.059576891341621010136877645,stop,12,13663.70203354946791121653724
gold_zigzag_reversal,XAUUSD,15min,LONG,2026-05-13T13:45:00,2026-05-13T14:00:00,2026-05-13T22:30:00,4695.63954000,4681.534102250,4726.43751000,4681.284102250,9.686833032565379200100710976,136.6370203354946791121653724,-139.0587285936360239121905501,3.638870096407368176566917636,-142.6975986900433920887574677,-1.044355317026584304340359801,stop,34,13521.00443485942451912777977
gold_zigzag_reversal,XAUUSD,15min,SHORT,2026-05-14T10:15:00,2026-05-14T10:30:00,2026-05-14T11:00:00,4700.64227000,4707.688747730,4679.05163000,4707.938747730,19.18831642267806403629658497,135.2100443485942451912777977,-140.0071234542637612003519439,7.215792901326055552862603326,-147.2229163555898167532145472,-1.088846003008654935463763964,stop,2,13373.78151850383470237456522
gold_zigzag_reversal,XAUUSD,15min,LONG,2026-05-15T09:45:00,2026-05-15T10:00:00,2026-05-15T10:15:00,4650.44605000,4642.999483700,4682.62933000,4642.749483700,17.95966218484328099297869035,133.7378151850383470237456522,-138.2277307312491672719903248,6.681635205347104477027026262,-144.9093659365962717490173511,-1.083533223091023845446726232,stop,1,13228.87215256723843062554787
gold_zigzag_reversal,XAUUSD,15min,LONG,2026-05-15T12:15:00,2026-05-15T12:30:00,2026-05-15T15:00:00,4613.48492000,4597.230459090,4664.83183000,4596.980459090,8.138610210338398993157102415,132.2887215256723843062554787,-134.3233740782569840545447543,3.003788438012338548149878014,-137.3271625162693226026946323,-1.038086701061807161465559795,stop,10,13091.54499005096910802285324
gold_zigzag_reversal,XAUUSD,15min,LONG,2026-05-15T16:45:00,2026-05-15T17:00:00,2026-05-15T19:15:00,4567.65239000,4547.200391370,4620.75128000,4546.950391370,6.401107895072731631618955003,130.9154499005096910802285324,-132.5157268742778739881332712,2.339042862046146548879433552,-134.8547697363240205370127048,-1.030090564855470069039409085,stop,9,12956.69022031464508748584054
gold_zigzag_reversal,XAUUSD,15min,LONG,2026-05-16T07:00:00,2026-05-16T07:15:00,2026-05-18T10:00:00,4537.89950000,4526.019190520,4564.72964000,4525.769190520,10.90602079190503132203407932,129.5669022031464508748584054,-132.2934074011227087053669253,3.959234103886035654699423002,-136.2526415050087443600663483,-1.051600672611434361388370163,stop,203,12820.43757880963634312577419
gold_zigzag_reversal,XAUUSD,15min,LONG,2026-05-20T06:30:00,2026-05-20T06:45:00,2026-05-20T11:30:00,4483.00157000,4473.473026420,4512.04253000,4473.223026420,13.45477141513964334843895859,128.2043757880963634312577419,-131.5680686418812742683674815,4.825420910244971432023352672,-136.3934895521262457003908342,-1.063875462235121560938487097,stop,19,12684.04408925751009742538336
gold_zigzag_reversal,XAUUSD,15min,LONG,2026-05-20T12:30:00,2026-05-20T12:45:00,2026-05-21T00:15:00,4465.92657000,4449.610366260,4507.34698000,4507.19698000,7.773894155392245731681077525,126.8404408925751009742538336,320.8317990896416921672280587,2.777411236874715118806689192,318.0543878527669770484213695,2.507515628411734946869448689,target,46,13002.09847711027707447380473
gold_zigzag_reversal,XAUUSD,15min,LONG,2026-05-21T21:45:00,2026-05-21T22:00:00,2026-05-21T23:15:00,4512.43414000,4498.263421380,4542.56382000,4498.013421380,9.175327536854497979209613810,130.0209847711027707447380473,-132.3148166553163952395404508,3.312244897838747591515717726,-135.6270615531551428310561685,-1.043116707598559317099756230,stop,5,12866.47141555712193164274856
gold_zigzag_reversal,XAUUSD,15min,LONG,2026-05-22T13:15:00,2026-05-22T13:30:00,2026-05-22T15:45:00,4521.49944000,4514.322739970,4540.91363000,4514.072739970,17.92811649054965716832775099,128.6647141555712193164274856,-133.1467432782086336085094233,6.484957493782003214302872948,-139.6317007719906368228122962,-1.085236940744756194024734791,stop,9,12726.83971478513129481993626
gold_zigzag_reversal,XAUUSD,15min,SHORT,2026-05-25T21:00:00,2026-05-25T21:15:00,2026-05-25T22:15:00,4569.92960000,4579.543850910,4553.80914000,4553.95914000,13.23747407252254798374087395,127.2683971478513129481993626,211.4085501762584516724142778,4.839545967460267095865419088,206.5690042087981845765488587,1.623097397610980385782338605,target,4,12933.40871899392947939648512
gold_zigzag_reversal,XAUUSD,15min,LONG,2026-05-26T12:30:00,2026-05-26T12:45:00,2026-05-26T17:30:00,4535.31425000,4523.400306110,4580.93828000,4523.150306110,10.85569047362193803264292956,129.3340871899392947939648512,-132.0480098083447793021255836,3.938717415888545973764995488,-135.9867272242333252758905791,-1.051437638590389567463373373,stop,19,12797.42199176969615412059454
gold_zigzag_reversal,XAUUSD,15min,LONG,2026-05-28T15:00:00,2026-05-28T15:15:00,2026-05-29T00:15:00,4374.24241000,4357.350571690,4459.95745000,4459.80745000,7.576097850873695791444379827,127.9742199176969615412059454,648.2491156539218153427700177,2.651175081728126054749961712,645.5979405721936892880200560,5.044749958135255203019996229,target,36,13443.01993234188984340861460
gold_zigzag_reversal,XAUUSD,15min,SHORT,2026-05-29T03:45:00,2026-05-29T04:00:00,2026-05-29T17:30:00,4508.32931000,4525.176044590,4379.24239000,4525.426044590,7.979599761915575974779225509,134.4301993234188984340861460,-136.4250992638977924277809524,2.877973079097041033010320252,-139.3030723429948334607912727,-1.036248350773121546518054334,stop,54,13303.71685999889500994782333
gold_zigzag_reversal,XAUUSD,15min,SHORT,2026-05-29T21:45:00,2026-05-29T22:00:00,2026-05-30T00:00:00,4535.25497000,4550.046388050,4510.88234000,4550.296388050,8.994213276257779090996500724,133.0371685999889500994782333,-135.2857219190533948722273585,3.263284036991046049888316972,-138.5490059560444409221156755,-1.041430807751390678867331453,stop,8,13165.16785404285056902570765
gold_zigzag_reversal,XAUUSD,15min,LONG,2026-06-01T14:45:00,2026-06-01T15:00:00,2026-06-01T16:30:00,4513.83334000,4504.146272030,4535.60273000,4503.896272030,13.59045677682268866027757174,131.6516785404285056902570765,-135.0492927346341778553264694,4.907604552404095307456066958,-139.9568972870382731627825364,-1.063084791919757738625632870,stop,6,13025.21095675581229586292511
gold_zigzag_reversal,XAUUSD,15min,LONG,2026-06-01T19:15:00,2026-06-01T19:30:00,2026-06-01T23:00:00,4498.35065000,4483.942279870,4523.78096000,4483.692279870,9.040030787129572646439868428,130.2521095675581229586292511,-132.5121172643405161202392182,3.253218269384345979866800186,-135.7653355337248621001060184,-1.042327344904208120866756218,stop,14,12889.44562122208743376281909
gold_zigzag_reversal,XAUUSD,15min,LONG,2026-06-02T00:45:00,2026-06-02T01:00:00,2026-06-02T14:45:00,4456.41078000,4437.188579420,4512.22814000,4512.07814000,6.705499491370975712585566564,128.8944562122208743376281909,373.2774541659649985437572647,2.390596817490410651574760040,370.8868573484745878921825047,2.877446154377814738212454966,target,55,13260.33247857056202165500159
gold_zigzag_reversal,XAUUSD,15min,SHORT,2026-06-02T17:45:00,2026-06-02T18:00:00,2026-06-03T09:30:00,4533.89310000,4547.187980200,4464.08642000,4464.23642000,9.974014266462184459289073993,132.6033247857056202165500159,694.7567200743911149816720546,3.617689156961156762471837078,691.1390309174299582192002175,5.212079199630546501652568483,target,62,13951.47150948799197987420181
gold_zigzag_reversal,XAUUSD,15min,SHORT,2026-06-04T23:30:00,2026-06-04T23:45:00,2026-06-05T00:45:00,4508.41958000,4524.815477910,4460.18025000,4460.33025000,8.509123188049901671944602764,139.5147150948799197987420181,409.1980330007837779696957440,3.069015807170895897189582702,406.1290171936128820725061613,2.911012052867801736635721709,target,4,14357.60052668160486194670797
gold_zigzag_reversal,XAUUSD,15min,LONG,2026-06-05T11:15:00,2026-06-05T11:30:00,2026-06-05T12:00:00,4455.90107000,4444.401450780,4481.29061000,4444.151450780,12.48528342722082310995572945,143.5760052668160486194670797,-146.6973261236212543969560121,4.450655022608522625754597000,-151.1479811462297770227106091,-1.052738449334498920912965673,stop,2,14206.45254553537508492399736
gold_zigzag_reversal,XAUUSD,15min,LONG,2026-06-05T14:15:00,2026-06-05T14:30:00,2026-06-05T19:45:00,4441.96121000,4427.153601910,4469.07401000,4468.92401000,9.594022518146869110528976297,142.0645254553537508492399736,258.6817103522904024533706821,3.409302069877993093753353224,255.2724082824124093596173289,1.796876507095616953217189043,target,21,14461.72495381778749428361469
gold_zigzag_reversal,XAUUSD,15min,LONG,2026-06-06T04:00:00,2026-06-06T04:15:00,2026-06-06T06:00:00,4328.90081000,4313.424944420,4372.91128000,4313.174944420,9.344695376849989087514169718,144.6172495381778749428361469,-146.9534233823903722147146893,3.236180750883933840754500014,-150.1896041332743060554691893,-1.038531742325975927738705520,stop,7,14311.53534968451318822814550
gold_zigzag_reversal,XAUUSD,15min,LONG,2026-06-08T14:30:00,2026-06-08T14:45:00,2026-06-08T15:30:00,4308.46823000,4295.520292120,4352.93606000,4295.270292120,11.05313871778052829847847980,143.1153534968451318822814550,-145.8786381762902639569010749,3.809767760587227382928839004,-149.6884059368774913398299139,-1.045928352754809478588570429,stop,3,14161.84694374763569688831559
gold_zigzag_reversal,XAUUSD,15min,LONG,2026-06-08T19:00:00,2026-06-08T19:15:00,2026-06-08T19:30:00,4288.12269000,4274.454765100,4317.33091000,4274.204765100,10.36137310335063056784012297,141.6184694374763569688831559,-144.2088127133140146108431867,3.554467128322684317101025248,-147.7632798416366989279442119,-1.043389894189424467791742110,stop,1,14014.08366390599899796037138
gold_zigzag_reversal,XAUUSD,15min,SHORT,2026-06-08T23:15:00,2026-06-08T23:30:00,2026-06-09T15:30:00,4331.90786000,4349.907214350,4272.52932000,4350.157214350,7.785881310740459419846007632,140.1408366390599899796037138,-142.0873069667451048345652157,2.698217635761895886467356836,-144.7855246025070007210325725,-1.033143001532163291179386109,stop,64,13869.29813930349199723933881
gold_zigzag_reversal,XAUUSD,15min,LONG,2026-06-10T14:00:00,2026-06-10T14:15:00,2026-06-10T18:00:00,4181.56240000,4161.061082940,4266.04904000,4160.811082940,6.765076652740422520561388172,138.6929813930349199723933881,-140.3842505562200256025337352,2.263087213137376621767418214,-142.6473377693574022243011534,-1.028511582465131632864957019,stop,15,13726.65080153413459501503766
gold_zigzag_reversal,XAUUSD,15min,LONG,2026-06-10T18:45:00,2026-06-10T19:00:00,2026-06-10T21:45:00,4169.47815000,4149.320628040,4223.93616000,4149.070628040,6.809691602357125545711193986,137.2665080153413459501503766,-138.9689309159306273365781751,2.271428827541321876771971964,-141.2403597434719492133501471,-1.028949900347770723698618757,stop,11,13585.41044179066264580168751
gold_zigzag_reversal,XAUUSD,15min,LONG,2026-06-11T02:30:00,2026-06-11T02:45:00,2026-06-11T05:00:00,4122.27295000,4091.159697460,4184.80080000,4090.909697460,4.366438521438704796307254706,135.8541044179066264580168751,-136.9457140482663026570936888,1.439972112381181429188212477,-138.3856861606474840862819013,-1.018634562081049466517781172,stop,9,13447.02475563001516171540561
gold_zigzag_reversal,XAUUSD,15min,LONG,2026-06-11T07:30:00,2026-06-11T07:45:00,2026-06-11T08:00:00,4074.61509000,4058.031752440,4184.80080000,4057.781752440,8.108756579896824557984457750,134.4702475563001516171540561,-136.4974367012743577566501705,2.643204953726751358963684122,-139.1406416550011091156138546,-1.034731802637200855483279446,stop,1,13307.88411397501405259979176
gold_zigzag_reversal,XAUUSD,15min,LONG,2026-06-11T08:30:00,2026-06-11T08:45:00,2026-06-11T08:45:00,4066.78793000,4055.185859010,4184.80080000,4054.935859010,11.47026606322722910058645638,133.0788411397501405259979176,-135.9464076555569478011445316,3.731771166385688972288780538,-139.6781788219426367734333121,-1.049589684022438480183786566,stop,0,13168.20593515307141582635845
gold_zigzag_reversal,XAUUSD,15min,SHORT,2026-06-12T04:15:00,2026-06-12T04:30:00,2026-06-12T05:15:00,4151.97559000,4188.802581890,4072.32448000,4189.052581890,3.575694146968535207132921887,131.6820593515307141582635845,-132.5759828882728479600468150,1.187695585241538454245718845,-133.7636784735143864142925338,-1.015807917435637179325427657,stop,3,13034.44225667955702941206592
gold_zigzag_reversal,XAUUSD,15min,SHORT,2026-06-12T06:15:00,2026-06-12T06:30:00,2026-06-12T08:45:00,4212.95809000,4234.629535510,4072.32448000,4234.879535510,6.014569840606611676551734513,130.3444225667955702941206592,-131.8480650269472232132585928,2.027130453428290813617367458,-133.8751954803755140268759603,-1.027088024512675896717329771,stop,9,12900.56706119918151538518996
gold_zigzag_reversal,XAUUSD,15min,LONG,2026-06-12T16:30:00,2026-06-12T16:45:00,2026-06-12T18:15:00,4175.87900000,4161.857841360,4204.67584000,4204.52584000,9.200785321974776198228073083,129.0056706119918151538518996,263.5734249929598977864478931,3.073709296763416516470435808,260.4997156961964812699774573,2.019288876685871375320235304,target,6,13161.06677689537799665516742
gold_zigzag_reversal,XAUUSD,15min,SHORT,2026-06-15T11:15:00,2026-06-15T11:30:00,2026-06-15T11:30:00,4302.25744000,4315.603594440,4213.19131000,4315.853594440,9.861317607302750496760449162,131.6106677689537799665516742,-134.0759971707794675907417865,3.394074163537700532572107064,-137.4700713343171681233138936,-1.044520734258789230675199650,stop,0,13023.59670556106082853185353
gold_zigzag_reversal,XAUUSD,15min,SHORT,2026-06-15T19:15:00,2026-06-15T19:30:00,2026-06-15T23:15:00,4339.43147000,4353.647511130,4299.29446000,4353.897511130,9.161197963951769200130228893,130.2359670556106082853185353,-132.5262665465985505853510925,3.180351259813778626337747468,-135.7066178064123292116888400,-1.042005683026607844373899895,stop,15,12887.89008775464849932016469
gold_zigzag_reversal,XAUUSD,15min,SHORT,2026-06-16T01:30:00,2026-06-16T01:45:00,2026-06-16T03:30:00,4358.74455000,4376.031127580,4325.82082000,4325.97082000,7.455431839015672007483718874,128.8789008775464849932016469,244.3423101253031001418293818,2.599705831696483018176577508,241.7426042936066171236528043,1.875734527898378829940726764,target,7,13129.63269204825511644381749
gold_zigzag_reversal,XAUUSD,15min,LONG,2026-06-16T04:45:00,2026-06-16T05:00:00,2026-06-16T06:15:00,4325.73346000,4312.037359110,4367.57512000,4311.787359110,9.586401850788538632358028351,131.2963269204825511644381749,-133.6929273831796858225276820,3.317457539756952715719500956,-137.0103849229366385382471830,-1.043520318781763880537535965,stop,5,12992.62230712531847790557031
gold_zigzag_reversal,XAUUSD,15min,LONG,2026-06-16T07:30:00,2026-06-16T07:45:00,2026-06-18T03:30:00,4309.53658000,4301.652436480,4367.57512000,4367.42512000,16.47943403638765631945975827,129.9262230712531847790557031,953.9703763927882983552989950,5.681497903800772477534399528,948.2888784889875258777645955,7.298671939142985058191837683,target,175,13940.91118561430600378333491
gold_zigzag_reversal,XAUUSD,15min,LONG,2026-06-18T20:00:00,2026-06-18T20:15:00,2026-06-18T21:00:00,4263.24248000,4250.816356890,4309.41607000,4250.566356890,11.21903514250174365428714549,139.4091118561430600378333491,-142.2138706417684959514051355,3.826357376330102961682191422,-146.0402280180985989130873269,-1.047565873375609908954137185,stop,3,13794.87095759620740487024758
gold_zigzag_reversal,XAUUSD,15min,LONG,2026-06-19T00:00:00,2026-06-19T00:15:00,2026-06-19T01:30:00,4241.94617000,4228.266754280,4269.30795000,4228.016754280,10.08440070830467268295743232,137.9487095759620740487024758,-140.4698097530382422194418338,3.422198796907063478445992344,-143.8920085499453056978878261,-1.043083396664254604581898034,stop,5,13650.97894904626209917235975
gold_zigzag_reversal,XAUUSD,15min,LONG,2026-06-19T11:30:00,2026-06-19T11:45:00,2026-06-19T12:15:00,4185.59255000,4176.326635360,4211.05824000,4176.076635360,14.73246784523180336482396060,136.5097894904626209917235975,-140.1929064517705718329295877,4.933128612489343134949768124,-145.1260350642599149678793558,-1.063118151496375105825494633,stop,2,13505.85291398200218420448039
gold_zigzag_reversal,XAUUSD,15min,LONG,2026-06-24T07:00:00,2026-06-24T07:15:00,2026-06-24T08:30:00,4110.43867000,4101.719198510,4143.01694000,4101.469198510,15.48930222373145483408706046,135.0585291398200218420448039,-138.9308546957528855505665690,5.093426146539421091631190996,-144.0242808422923066421977600,-1.066384194760409727539575911,stop,5,13361.82863313970987756228263
gold_zigzag_reversal,XAUUSD,15min,LONG,2026-06-24T14:00:00,2026-06-24T14:15:00,2026-06-25T01:45:00,4057.00361000,4039.359059700,4101.04987000,4039.109059700,7.572779360174291252728771801,133.6182863313970987756228263,-135.5114811714406715888050193,2.457823456156847187320963964,-137.9693046275975187761259833,-1.032563045191352935756033409,stop,5,13223.85932851211235878615665
gold_zigzag_reversal,XAUUSD,15min,LONG,2026-06-25T02:45:00,2026-06-25T03:00:00,2026-06-25T03:45:00,4007.79267000,3982.053900680,4073.45756000,3981.803900680,5.137720131100701888098726179,132.2385932851211235878615665,-133.5230233178962990598862481,1.647273366554946564718178802,-135.1702966844512456246044269,-1.022169801768906020095602613,stop,3,13088.68903182766111316155222
gold_zigzag_reversal,XAUUSD,15min,LONG,2026-06-25T13:00:00,2026-06-25T13:15:00,2026-06-25T23:00:00,3968.78764000,3950.269740810,4018.32356000,4018.17356000,7.068128461837501294422778538,130.8868903182766111316155222,349.0660267660298919262597871,2.244152070181830946063129952,346.8218746958480609801966571,2.649783136053458556494064163,target,39,13435.51090652350917414174888
gold_zigzag_reversal,XAUUSD,15min,SHORT,2026-06-26T00:15:00,2026-06-26T00:30:00,2026-06-26T19:15:00,4025.02726000,4047.829694830,3971.54328000,4048.079694830,5.892138715312582772171329951,134.3551090652350917414174888,-135.8281437440632374344603213,1.897281515906762006319677795,-137.7254252599699994407799991,-1.025085136085881754935378539,stop,61,13297.78548126353917470096888
gold_zigzag_reversal,XAUUSD,15min,SHORT,2026-06-26T20:30:00,2026-06-26T20:45:00,2026-06-26T23:45:00,4048.81074000,4064.600452580,3984.06375000,4064.850452580,8.421803382353612908323736492,132.9778548126353917470096888,-135.0833056582237949740906229,2.727863038771330753681902376,-137.8111686969951257277725253,-1.036346757820464392519043561,stop,12,13159.97431256654404897319635
gold_zigzag_reversal,XAUUSD,15min,SHORT,2026-06-27T01:00:00,2026-06-27T01:15:00,2026-07-04T00:45:00,4079.65472000,4102.525596700,4036.04364000,4102.775596700,5.754031419602967842930654403,131.5997431256654404897319635,-133.0382509805661824504646271,1.877956915200923862913621030,-134.9162078957671063133782481,-1.025201149267706034198505385,stop,144,13025.05810467077694265981810
gold_zigzag_reversal,XAUUSD,15min,SHORT,2026-07-04T03:30:00,2026-07-04T03:45:00,2026-07-05T02:45:00,4174.81741000,4181.359900060,4162.17553000,4175.12876000,19.90841099523317723261442464,130.2505810467077694265981810,-6.198483763365849731374501112,6.649118466266791625626745584,-12.84760222963264135700124670,-0.09863758093351998153437011111,eod,92,13012.21050244114430130281685
gold_zigzag_reversal,XAUUSD,60min,LONG,2025-02-12T20:00:00,2025-02-12T21:00:00,2025-02-13T00:00:00,2886.81992000,2876.064411530,2908.72998000,2875.814411530,9.297561363921272612786106615,100.000,-102.3243903409803181531965266,2.147230828223223927227310342,-104.4716211692035420804238369,-1.044716211692035420804238369,stop,3,9895.528378830796457919576163
gold_zigzag_reversal,XAUUSD,60min,SHORT,2025-02-13T21:00:00,2025-02-13T22:00:00,2025-02-14T10:00:00,2917.90004900,2930.161825420,2864.22998000,2930.411825420,8.070224117518851691735198156,98.95528378830796457919576163,-100.9728398176876775021295612,1.883848587835939128779029407,-102.8566884055236166309085906,-1.039425935309950790963777825,stop,11,9792.671690425272841288667572
gold_zigzag_reversal,XAUUSD,60min,SHORT,2025-02-14T15:00:00,2025-02-14T16:00:00,2025-02-14T21:00:00,2928.50991000,2940.047900130,2906.09008800,2940.297900130,8.487328884918428025461196656,97.92671690425272841288667572,-100.0485491254823354192519749,1.988418139913029281134787738,-102.0369672653953647003867626,-1.041972716854802856379285185,stop,5,9690.634723159877476588280809
gold_zigzag_reversal,XAUUSD,60min,LONG,2025-02-17T11:00:00,2025-02-17T12:00:00,2025-02-19T19:00:00,2884.02012000,2868.073814440,2940.10010000,2939.95010000,6.077040657911409968359016450,96.90634723159877476588280809,339.8887624561720013021204229,1.402104602197963482105277346,338.4866578539740378200151456,3.492925567042752691363829605,target,51,10029.12138101385151440829595
gold_zigzag_reversal,XAUUSD,60min,LONG,2025-02-27T23:00:00,2025-02-28T00:00:00,2025-02-28T01:00:00,2885.32993000,2868.688778410,2920.85010000,2868.438778410,6.026699130029288744919302757,100.2912138101385151440829595,-101.7978885926458373303127852,1.391121230318277487386223974,-103.1890098229641148176990092,-1.028893817341880244238553926,stop,1,9925.932371190887399590596941
gold_zigzag_reversal,XAUUSD,60min,LONG,2025-02-28T03:00:00,2025-02-28T04:00:00,2025-02-28T14:00:00,2878.02988000,2867.470999250,2920.85010000,2867.220999250,9.400553530440134386014916345,99.25932371190887399590596941,-101.6094620945189075924096985,2.164405915931695705133310670,-103.7738680104506032975430092,-1.045482319743027687854131699,stop,9,9822.158503180436796293053932
gold_zigzag_reversal,XAUUSD,60min,LONG,2025-02-28T18:00:00,2025-02-28T19:00:00,2025-03-01T00:00:00,2858.87998000,2849.113374280,2885.22998000,2848.863374280,10.05688033772744211516409401,98.22158503180436796293053932,-100.7358051162362284917215628,2.300113108702769836772118622,-103.0359182249389983284936814,-1.049015022426849847277340484,stop,5,9719.122584955497797964560251
gold_zigzag_reversal,XAUUSD,60min,SHORT,2025-03-04T07:00:00,2025-03-04T08:00:00,2025-03-04T19:00:00,2890.52993000,2901.463366730,2859.02002000,2901.713366730,8.889357321918208784443718321,97.19122584955497797964560251,-99.41356518003453017575653209,2.055596271797538200273878896,-101.4691614518320683760304110,-1.044015656401937215948017838,stop,10,9617.653423503665729588529840
gold_zigzag_reversal,XAUUSD,60min,LONG,2025-03-11T10:00:00,2025-03-11T11:00:00,2025-03-11T20:00:00,2884.83994000,2871.963001920,2910.61011000,2910.46011000,7.468897779699244876378663025,96.17653423503665729588529840,191.3544308285172026044503311,1.723725969812296224577402373,189.6307048587049063798729287,1.971694097390580913626634446,target,9,9807.284128362370635968402769
gold_zigzag_reversal,XAUUSD,60min,SHORT,2025-03-12T03:00:00,2025-03-12T04:00:00,2025-03-13T03:00:00,2917.13003000,2929.414086200,2880.43994000,2929.664086200,7.983750618433649494348945399,98.07284128362370635968402769,-100.0687789382321187332712640,1.863171094485109640196769914,-101.9319500327172283734680339,-1.039349413136029123670078943,stop,22,9705.352178329653407594934735
gold_zigzag_reversal,XAUUSD,60min,SHORT,2025-03-13T09:00:00,2025-03-13T10:00:00,2025-03-13T14:00:00,2938.06997000,2947.001999300,2906.22998000,2947.251999300,10.86578632061770487877254806,97.05352178329653407594934735,-99.76996836345096029564248432,2.553955239123493644371529114,-102.3239236025744539400140134,-1.054304075961775002238293149,stop,4,9603.028254727078953654920722
gold_zigzag_reversal,XAUUSD,60min,SHORT,2025-03-19T03:00:00,2025-03-19T04:00:00,2025-03-20T05:00:00,3035.97012000,3045.497327900,2999.60010000,3045.747327900,10.07958297491028715102870876,96.03028254727078953654920722,-98.55017829099836132430638442,2.448105018711067317691446964,-100.9982833097094286419978314,-1.051733688901656066516612911,stop,24,9502.029971417369525012922891
gold_zigzag_reversal,XAUUSD,60min,SHORT,2025-03-20T10:00:00,2025-03-20T11:00:00,2025-03-20T21:00:00,3050.13003000,3058.901445310,3025.96997000,3026.11997000,10.83294957038964960948009528,95.02029971417369525012922891,260.0997691620297105025936565,2.643352383849685526004240904,257.4564167781800249765894156,2.709488578257731590638820179,target,10,9759.486388195549549989512307
gold_zigzag_reversal,XAUUSD,60min,SHORT,2025-03-27T18:00:00,2025-03-27T19:00:00,2025-03-27T21:00:00,3035.83999000,3044.433948640,3012.44995000,3044.683948640,11.35621754423005874506921330,97.59486388195549549989512307,-100.4339182680130101861624264,2.758052748473056487866426644,-103.1919710164860666740288530,-1.057350427183345159780755007,stop,2,9656.294417179063483315483454
gold_zigzag_reversal,XAUUSD,60min,SHORT,2025-03-28T05:00:00,2025-03-28T06:00:00,2025-03-28T12:00:00,3055.78994000,3067.251200840,3033.69995000,3067.501200840,8.425158934938840012749839357,96.56294417179063483315483454,-98.66923390552534483634229438,2.059641273302977746098434468,-100.7288751788283225824407288,-1.043142129134197420464605707,stop,5,9555.565542000235160733042725
gold_zigzag_reversal,XAUUSD,60min,SHORT,2025-03-31T12:00:00,2025-03-31T13:00:00,2025-03-31T13:00:00,3094.39004000,3107.012338550,3067.55005000,3107.262338550,7.570384668171420458703254745,95.55565542000235160733042725,-97.44825158704520672200624093,1.874057833292667878405086624,-99.32230942033787460041132755,-1.039418430900606450954212297,stop,0,9456.243232579897286132631397
gold_zigzag_reversal,XAUUSD,60min,SHORT,2025-03-31T21:00:00,2025-03-31T22:00:00,2025-04-01T12:00:00,3118.43008000,3137.558449800,3076.82007000,3137.808449800,4.943569855377794550026229312,94.56243232579897286132631397,-95.79832478964342149883287131,1.233294155167309143108948662,-97.03161894481073064194181997,-1.026111707982558973739623123,stop,13,9359.211613635086555490689577
gold_zigzag_reversal,XAUUSD,60min,SHORT,2025-04-09T20:00:00,2025-04-09T21:00:00,2025-04-09T21:00:00,3043.37002000,3066.566098420,2970.13989000,3066.816098420,4.034824957983172120820364763,93.59211613635086555490689577,-94.60082237584665858511198697,0.9823572250458996557603612744,-95.58317960089255824087234824,-1.021273837442044654029066694,stop,0,9263.628434034193997249817229
gold_zigzag_reversal,XAUUSD,60min,SHORT,2025-04-09T22:00:00,2025-04-09T23:00:00,2025-04-09T23:00:00,3047.90004900,3068.828697100,2970.13989000,3069.078697100,4.426290885952730982776578497,92.63628434034193997249817229,-93.74285706183012271819231691,1.079271376654686573927084141,-94.82212843848480929211940105,-1.023595982003252278870320343,stop,0,9168.806305595709187957697828
gold_zigzag_reversal,XAUUSD,60min,SHORT,2025-04-10T10:00:00,2025-04-10T11:00:00,2025-04-10T12:00:00,3097.73989000,3119.326168630,3048.83008000,3119.576168630,4.247515962688057449556648212,91.68806305595709187957697828,-92.74994204662910624196614033,1.052615970482443775048263358,-93.80255801711155001701440369,-1.023061834776289089343604011,stop,1,9075.003747578597637940683424
gold_zigzag_reversal,XAUUSD,60min,SHORT,2025-04-10T19:00:00,2025-04-10T20:00:00,2025-04-11T00:00:00,3116.63003000,3150.285469950,3048.83008000,3150.535469950,2.696444842516045504239704174,90.75003747578597637940683424,-91.42414868641498775546676028,0.6723056776339302540287963478,-92.09645436404891800949555663,-1.014836543606080537954756405,stop,4,8982.907293214548719931187867
gold_zigzag_reversal,XAUUSD,60min,SHORT,2025-04-11T17:00:00,2025-04-11T18:00:00,2025-04-11T20:00:00,3212.22012000,3237.257706970,3103.67993000,3237.507706970,3.587768782981305294665617638,89.82907293214548719931187867,-90.72601512789081352297828309,0.9219762456480369961109940520,-91.64799137353885051908927714,-1.020248660951530985336004207,stop,2,8891.259301841009869412098590
gold_zigzag_reversal,XAUUSD,60min,SHORT,2025-04-12T06:00:00,2025-04-14T08:00:00,2025-04-17T14:00:00,3221.96011000,3261.279821490,3187.37012000,3261.529821490,2.261272772589463847414435489,88.91259301841009869412098590,-89.47791121155746465597459476,0.5828584536889883138125150228,-90.06076966524645296978710978,-1.012913543603419761511581732,stop,13,8801.198532175763416442311480
gold_zigzag_reversal,XAUUSD,60min,SHORT,2025-04-18T10:00:00,2025-04-18T11:00:00,2025-04-21T08:00:00,3326.12000000,3341.429858780,3283.94000000,3341.679858780,5.748713073482552016356555498,88.01198532175763416442311480,-89.44916359012827216851225368,1.529672762237742873011509310,-90.97883635236601504152376299,-1.033709625112557700548561167,stop,18,8710.219695823397401400787717
gold_zigzag_reversal,XAUUSD,60min,SHORT,2025-04-22T03:00:00,2025-04-22T04:00:00,2025-04-22T09:00:00,3422.23000000,3442.405555230,3283.94000000,3442.655555230,4.317214369828967230559229431,87.10219695823397401400787717,-88.18150055069121582164768453,1.181960042628782922034936939,-89.36346059331999874368262147,-1.025961040180999271562550202,stop,4,8620.856235230077402657105096
gold_zigzag_reversal,XAUUSD,60min,LONG,2025-04-25T19:00:00,2025-04-25T20:00:00,2025-04-25T23:00:00,3304.75000000,3283.988889220,3376.80000000,3283.738889220,4.152406066603569947646657226,86.20856235230077402657105096,-87.24666386895166651348271527,1.097813115888651822758823238,-88.34447698484031833624153851,-1.024776130981176721027062503,stop,3,8532.511758245237084320863557
gold_zigzag_reversal,XAUUSD,60min,LONG,2025-05-01T17:00:00,2025-05-01T18:00:00,2025-05-01T21:00:00,3230.15000000,3206.930378800,3319.59000000,3206.680378800,3.674698947390768409400607947,85.32511758245237084320863557,-86.24379231930006294555878757,0.9495863043931432462100299008,-87.19337862369320619176881747,-1.021895792167358871470306329,stop,3,8445.318379621543878129094740
gold_zigzag_reversal,XAUUSD,60min,SHORT,2025-05-06T04:00:00,2025-05-06T05:00:00,2025-05-06T06:00:00,3322.71000000,3339.116991710,3236.68000000,3339.366991710,5.147389923086359551850529179,84.45318379621543878129094740,-85.74003127698702866925357969,1.368262717707062219722341745,-87.10829399469409088897592144,-1.031438840776984826062303167,stop,1,8358.210085626849787240118819
gold_zigzag_reversal,XAUUSD,60min,LONG,2025-05-08T19:00:00,2025-05-08T20:00:00,2025-05-09T03:00:00,3332.04000000,3303.473250480,3414.52000000,3303.223250480,2.925852687501300913580495741,83.58210085626849787240118819,-84.31356402814382310079631213,0.7799246551089467756869404024,-85.09348868325276987648325253,-1.018082673341548590719746683,stop,7,8273.116596943597017363635566
gold_zigzag_reversal,XAUUSD,60min,LONG,2025-05-09T11:00:00,2025-05-09T12:00:00,2025-05-12T08:00:00,3290.97000000,3272.330847720,3369.47000000,3272.080847720,4.438569132685682965708156962,82.73116596943597017363635566,-83.84080825260739091506339489,1.168575828687568165572525866,-85.00938408129495908063592076,-1.027537604301390470747310188,stop,36,8188.107212862302058282999645
gold_zigzag_reversal,XAUUSD,60min,LONG,2025-05-13T03:00:00,2025-05-13T04:00:00,2025-05-14T22:00:00,3223.26000000,3192.302565780,3329.00000000,3192.052565780,2.644956670075838752208773859,81.88107212862302058282999645,-82.54231129614198027088218991,0.6820306429110918413155561944,-83.22434193905307211219774610,-1.016405132169251202239976850,stop,42,8104.882870923248986170801899
gold_zigzag_reversal,XAUUSD,60min,LONG,2025-05-15T11:00:00,2025-05-15T12:00:00,2025-05-15T12:00:00,3172.51000000,3155.946429370,3243.54000000,3155.696429370,4.893197881043629169570427279,81.04882870923248986170801899,-82.27212817949339715410062581,1.241897536767177918140310100,-83.51402571626057507224093591,-1.030416195351472957132552765,stop,0,8021.368845206988411098560963
gold_zigzag_reversal,XAUUSD,60min,SHORT,2025-05-21T14:00:00,2025-05-21T15:00:00,2025-05-22T11:00:00,3301.82000000,3326.834633390,3208.33000000,3327.084633390,3.206670559646762191104237072,80.21368845206988411098560963,-81.01535609198157465876166890,0.8470279189802297870265433640,-81.86238401096180444578821226,-1.020553793133164123497873898,stop,20,7939.506461196026606652772751
gold_zigzag_reversal,XAUUSD,60min,SHORT,2025-05-23T20:00:00,2025-05-23T21:00:00,2025-05-23T22:00:00,3325.25000000,3346.665519630,3289.20000000,3346.915519630,3.707361109311558930710276093,79.39506461196026606652772751,-80.32190488928815579920529654,0.9862322022990609067475476464,-81.30813709158721670595284419,-1.024095609581993598350057874,stop,1,7858.198324104439389946819907
gold_zigzag_reversal,XAUUSD,60min,SHORT,2025-05-24T06:00:00,2025-05-24T07:00:00,2025-05-27T21:00:00,3356.65000000,3377.824795990,3289.20000000,3289.35000000,3.711109343303967950033987509,78.58198324104439389946819907,249.7576588043570430372873594,0.9965516141761011215585267336,248.7611071901809419157288327,3.165625209879530933794843141,target,61,8106.959431294620331862548740
gold_zigzag_reversal,XAUUSD,60min,LONG,2025-05-28T01:00:00,2025-05-28T02:00:00,2025-05-29T06:00:00,3295.35000000,3278.176301740,3353.60000000,3277.926301740,4.720567060489754017526652841,81.06959431294620331862548740,-82.24973607806864182300715061,1.244473653022792872132516435,-83.49420973109143469513966704,-1.029907827203201367997017551,stop,28,8023.465221563528897167409073
gold_zigzag_reversal,XAUUSD,60min,SHORT,2025-05-30T07:00:00,2025-05-30T08:00:00,2025-06-02T16:00:00,3318.13000000,3338.025289060,3249.59000000,3338.275289060,4.032846769587739227935303531,80.23465221563528897167409073,-81.24286390803222377865791661,1.070520788125773213151117497,-82.31338469615799699180903411,-1.025908163407202086663223379,stop,51,7941.151836867370900175600039
gold_zigzag_reversal,XAUUSD,60min,SHORT,2025-06-02T21:00:00,2025-06-02T22:00:00,2025-06-02T23:00:00,3356.05000000,3367.890278920,3295.29000000,3368.140278920,6.706895919025673510211193605,79.41151836867370900175600039,-81.08824234843012737930879879,1.800694243923688926715542104,-82.88893659235381630602434089,-1.043789846802021113198573197,stop,1,7858.262900275017083869575698
gold_zigzag_reversal,XAUUSD,60min,SHORT,2025-06-03T03:00:00,2025-06-03T04:00:00,2025-06-03T08:00:00,3375.15000000,3389.669023550,3295.29000000,3389.919023550,5.412390766646987829887207324,78.58262900275017083869575698,-79.93572669441191779616755881,1.461410455683886477923504624,-81.39713715009580427409106343,-1.035815907193015056442965822,stop,4,7776.865763124921279595484635
gold_zigzag_reversal,XAUUSD,60min,SHORT,2025-06-05T03:00:00,2025-06-05T04:00:00,2025-06-05T20:00:00,3378.95000000,3395.829139100,3343.75000000,3396.079139100,4.607382945925791487550146817,77.76865763124921279595484635,-78.92050336773066066784238305,1.245449328410876251748605487,-80.16595269614153691959098854,-1.030825979744429027188951835,stop,16,7696.699810428779742675893646
gold_zigzag_reversal,XAUUSD,60min,LONG,2025-06-07T03:00:00,2025-06-07T04:00:00,2025-06-09T10:00:00,3324.02000000,3304.566292550,3375.45000000,3304.316292550,3.956417988813119394717685880,76.96699810428779742675893646,-77.95610260149107727543835792,1.052097001853966810434358578,-79.00819960334504408587271650,-1.026520476948983829814917876,stop,28,7617.691610825434698590020930
gold_zigzag_reversal,XAUUSD,60min,SHORT,2025-06-12T15:00:00,2025-06-12T16:00:00,2025-06-12T21:00:00,3374.20000000,3388.279211060,3319.87012000,3388.529211060,5.410595507348999638187127887,76.17691610825434698590020930,-77.52956498509159689544699127,1.460514508871759566333680554,-78.99007949396335646178067182,-1.036929341976921823345405549,stop,5,7538.701531331471342128240258
gold_zigzag_reversal,XAUUSD,60min,SHORT,2025-06-13T05:00:00,2025-06-13T06:00:00,2025-06-13T10:00:00,3388.36000000,3410.431412910,3338.68000000,3410.681412910,3.415595350452564815946003820,75.38701531331471342128240258,-76.24091415092785462526890353,0.9258613329327562015807041200,-77.16677548386061082684960765,-1.023608311897600215753473482,stop,4,7461.534755847610731301390650
gold_zigzag_reversal,XAUUSD,60min,LONG,2025-06-16T21:00:00,2025-06-16T22:00:00,2025-06-16T23:00:00,3415.72000000,3399.474345840,3458.10000000,3399.224345840,4.592942015360254801399385847,74.61534755847610731301390650,-75.76358306231617101336375297,1.255056312056506362418872818,-77.01863937437267737578262579,-1.032209081570156975445548941,stop,1,7384.516116473238053925608024
gold_zigzag_reversal,XAUUSD,60min,LONG,2025-06-17T04:00:00,2025-06-17T05:00:00,2025-06-18T00:00:00,3385.15000000,3372.913915680,3422.51000000,3372.663915680,6.035032060381582965362899709,73.84516116473238053925608024,-75.35391917982777628059680517,1.634359102336057246015857596,-76.98827828216383352661266277,-1.042563616462558015455061853,stop,19,7307.527838191074220398995361
gold_zigzag_reversal,XAUUSD,60min,LONG,2025-06-20T21:00:00,2025-06-20T22:00:00,2025-06-23T00:00:00,3347.29000000,3331.328519900,3383.10000000,3382.95000000,4.578226951641580043945295124,73.07527838191074220398995361,163.2595730955387443670892241,1.225972263436827557223811754,162.0336008321019168098654123,2.217351810625632393577334973,target,26,7469.561439023176137208860773
gold_zigzag_reversal,XAUUSD,60min,LONG,2025-06-23T14:00:00,2025-06-23T15:00:00,2025-06-24T10:00:00,3359.05000000,3339.932863570,3427.20000000,3339.682863570,3.907259576440223237559884262,74.69561439023176137208860773,-75.67242928434181718147857880,1.049974422419322549290042338,-76.72240370676113973076862114,-1.027133980128215259067437644,stop,19,7392.839035316414997478092152
gold_zigzag_reversal,XAUUSD,60min,LONG,2025-06-24T19:00:00,2025-06-24T20:00:00,2025-06-24T23:00:00,3322.45000000,3301.880608140,3362.00000000,3301.630608140,3.594097037789825545906096687,73.92839035316414997478092152,-74.82691461261160636125744569,0.9552966162563844707996568752,-75.78221122886799083205710257,-1.025075899351357877237698752,stop,3,7317.056824087547006646035049
gold_zigzag_reversal,XAUUSD,60min,LONG,2025-07-09T18:00:00,2025-07-09T19:00:00,2025-07-10T00:00:00,3285.27012000,3276.791488130,3308.03002900,3307.88002900,8.629997075327138842561913293,73.17056824087547006646035049,195.1234485434127544606901864,2.268149722180771077164803040,192.8552988212319833835253834,2.635694972141773151427082776,target,5,7509.912122908778990029560432
gold_zigzag_reversal,XAUUSD,60min,SHORT,2025-07-14T20:00:00,2025-07-14T21:00:00,2025-07-14T23:00:00,3371.77000000,3382.627727740,3349.00000000,3349.15000000,6.916651718243193847140580845,75.09912122908778990029560432,156.4546618666610448223199387,1.865708701121668297437855702,154.5889531655393765248820830,2.058465540415180828617830124,target,2,7664.501076074318366554442515
gold_zigzag_reversal,XAUUSD,60min,LONG,2025-07-15T05:00:00,2025-07-15T06:00:00,2025-07-16T01:00:00,3344.21000000,3332.979024650,3375.02002000,3332.729024650,6.824430503334973811116451711,76.64501076074318366554442515,-78.35111838657692711832353807,1.825786298684628221509899918,-80.17690468526155533983343799,-1.046081198103600147248119461,stop,19,7584.324171389056811214609077
gold_zigzag_reversal,XAUUSD,60min,LONG,2025-07-16T06:00:00,2025-07-16T07:00:00,2025-07-17T01:00:00,3324.45000000,3311.915835310,3366.24000000,3366.09000000,6.050921109597337524064883718,75.84324171389056811214609077,251.9603550036331345020617580,1.609278774624069498550200214,250.3510762290090650035115578,3.300901577670270742230051231,target,18,7834.675247618065876218120635
gold_zigzag_reversal,XAUUSD,60min,SHORT,2025-07-22T04:00:00,2025-07-22T05:00:00,2025-07-22T23:00:00,3395.36000000,3408.171008870,3350.68000000,3408.421008870,6.115580222541884694064785731,78.34675247618065876218120635,-79.87564753181612993569740279,1.661167717152785089187184870,-81.53681524896891502488458766,-1.040717230414344409083216879,stop,18,7753.138432369096961193236047
gold_zigzag_reversal,XAUUSD,60min,SHORT,2025-07-23T06:00:00,2025-07-23T07:00:00,2025-07-24T13:00:00,3426.93000000,3440.806574050,3383.24000000,3383.39000000,5.587213677117297522866053561,77.53138432369096961193236047,243.2672835016871341455879720,1.531759213321886432002829194,241.7355242883652477135851428,3.117905431420228683894783092,target,30,7994.873956657462208906821190
gold_zigzag_reversal,XAUUSD,60min,LONG,2025-07-29T02:00:00,2025-07-29T03:00:00,2025-07-31T01:00:00,3319.08000000,3303.931469850,3351.01000000,3303.681469850,5.277656563041175456159237462,79.94873956657462208906821190,-81.26815370733491595310802126,1.401357147620696370642320150,-82.66951085495561232375034141,-1.034031446938764550698009470,stop,46,7912.204445802506596583070849
gold_zigzag_reversal,XAUUSD,60min,SHORT,2025-08-02T05:00:00,2025-08-02T06:00:00,2025-08-02T12:00:00,3355.07000000,3369.850315330,3290.00000000,3370.100315330,5.353204088780767978772933831,79.12204445802506596583070849,-80.46034548022025796052394195,1.436829955371655297803336569,-81.89717543559191325832727852,-1.035074055487015106869171241,stop,6,7830.307270366914683324743570
gold_zigzag_reversal,XAUUSD,60min,SHORT,2025-08-02T15:00:00,2025-08-02T16:00:00,2025-08-04T23:00:00,3363.65000000,3377.444202260,3290.00000000,3377.694202260,5.676520557533795856727378137,78.30307270366914683324743570,-79.72220284305259579742928024,1.527506269867884194678483638,-81.24970911292047999210776388,-1.037631172155946044537699855,stop,24,7749.057561253994203332635806
gold_zigzag_reversal,XAUUSD,60min,SHORT,2025-08-05T05:00:00,2025-08-05T06:00:00,2025-08-05T21:00:00,3379.84000000,3390.548223800,3356.12000000,3356.27000000,7.236548008320478138804528727,77.49057561253994203332635806,170.5654365561136697316227421,1.956669953635350786612567870,168.6087666024783189450101742,2.175861584065884017104685466,target,15,7917.666327856472522277645980
gold_zigzag_reversal,XAUUSD,60min,LONG,2025-08-14T22:00:00,2025-08-14T23:00:00,2025-08-15T00:00:00,3339.84000000,3331.147750400,3361.00000000,3330.897750400,9.108880545556897632435274270,79.17666327856472522277645980,-81.45388341495394963088527837,2.433776288101819919097010114,-83.88765970305576954998228848,-1.059499810037668499533193340,stop,1,7833.778668153416752727663692
gold_zigzag_reversal,XAUUSD,60min,LONG,2025-08-15T06:00:00,2025-08-15T07:00:00,2025-08-18T15:00:00,3330.38000000,3318.044176980,3361.00000000,3360.85000000,6.350430494546294773875301343,78.33778668153416752727663692,193.4976171688256017599804319,1.691947736834167135121506087,191.8056694319914346248589258,2.448443816924993465089449702,target,49,8025.584337585408187352522618
gold_zigzag_reversal,XAUUSD,60min,LONG,2025-08-20T09:00:00,2025-08-20T10:00:00,2025-08-20T12:00:00,3312.86000000,3302.594692000,3342.06000000,3302.344692000,7.818162238858695898216130113,80.25584337585408187352522618,-82.21038393556875584807925871,2.072038156370033543469143104,-84.28242209193878939154840181,-1.050171782473550720543406978,stop,2,7941.301915493469397960974216
gold_zigzag_reversal,XAUUSD,60min,SHORT,2025-08-23T04:00:00,2025-08-23T05:00:00,2025-08-26T10:00:00,3360.98000000,3369.964245600,3318.28000000,3370.214245600,8.839141614175673690355230512,79.41301915493469397960974216,-81.62280455847861240219854979,2.376654254592972460784809812,-83.99945881307158486298335960,-1.057754253735004750983209987,stop,46,7857.302456680397813097990856
gold_zigzag_reversal,XAUUSD,60min,SHORT,2025-08-27T04:00:00,2025-08-27T05:00:00,2025-08-27T07:00:00,3372.47000000,3380.391769030,3357.69000000,3380.641769030,9.918620988474335527424473339,78.57302456680397813097990856,-81.05267981392256201283602690,2.676020138000003386893857088,-83.72869995192256539972988399,-1.065616353876452265107254711,stop,2,7773.573756728475247698260972
gold_zigzag_reversal,XAUUSD,60min,SHORT,2025-08-28T16:00:00,2025-08-28T17:00:00,2025-08-28T18:00:00,3387.90000000,3395.819719260,3366.67000000,3396.069719260,9.815466308244460735718378194,77.73573756728475247698260972,-80.18960414434586766091220427,2.660305464456112682123223478,-82.84990960880198034303542775,-1.065789200714672807732833702,stop,1,7690.723847119673267355225544
gold_zigzag_reversal,XAUUSD,60min,SHORT,2025-08-29T06:00:00,2025-08-29T07:00:00,2025-08-29T23:00:00,3419.62000000,3429.413388600,3378.00000000,3429.663388600,7.852975268559927528409549218,76.90723847119673267355225544,-78.87048228833671455565464275,2.148335303029831949975989016,-81.01881759136654650563063177,-1.053461536285816331233910191,stop,16,7609.705029528306720849594912
gold_zigzag_reversal,XAUUSD,60min,SHORT,2025-08-30T09:00:00,2025-08-30T10:00:00,2025-09-01T12:00:00,3461.68000000,3473.049534370,3407.80000000,3473.299534370,6.693066560058524824926137157,76.09705029528306720849594912,-77.77031693529769841472748341,1.853540371969871537276024838,-79.62385730726756995200350825,-1.046346172398263307242194475,stop,19,7530.081172221039150897591404
gold_zigzag_reversal,XAUUSD,60min,SHORT,2025-09-02T08:00:00,2025-09-02T09:00:00,2025-09-02T09:00:00,3493.28000000,3500.669110890,3480.00000000,3500.919110890,10.19078111604986232774968059,75.30081172221039150897591404,-77.84850700122285709091333419,2.847940148565973045782512336,-80.69644714978883013669584653,-1.071654412537852710449714201,stop,0,7449.384725071250320760895557
gold_zigzag_reversal,XAUUSD,60min,SHORT,2025-09-03T09:00:00,2025-09-03T10:00:00,2025-09-03T22:00:00,3548.00000000,3567.219815470,3490.02000000,3567.469815470,3.875887745487938506602579550,74.49384725071250320760895557,-75.46281918708448783425960046,1.100131977679296465714076179,-76.56295116476378429997367664,-1.027775500801933557793934428,stop,12,7372.821773906486536460921880
gold_zigzag_reversal,XAUUSD,60min,SHORT,2025-09-06T07:00:00,2025-09-06T08:00:00,2025-09-06T18:00:00,3597.30000000,3609.026121260,3550.00000000,3609.276121260,6.287519641346849364289212442,73.72821773906486536460921880,-75.30009764940157770568152192,1.809447552465361697452606714,-77.10954520186693940313412863,-1.045862053451082937206467196,stop,10,7295.712228704619597057787751
gold_zigzag_reversal,XAUUSD,60min,SHORT,2025-09-06T22:00:00,2025-09-06T23:00:00,2025-09-08T17:00:00,3609.71000000,3618.285533820,3550.00000000,3618.535533820,8.507589593652397953061524689,72.95712228704619597057787751,-75.08401968545929545884325868,2.456794498568239793211657304,-77.54081418402753525205491598,-1.062827202516939056279064386,stop,11,7218.171414520592061805732835
gold_zigzag_reversal,XAUUSD,60min,SHORT,2025-09-09T04:00:00,2025-09-09T05:00:00,2025-09-09T11:00:00,3640.83000000,3657.878715990,3588.12000000,3658.128715990,4.233850466366172401588427678,72.18171414520592061805732835,-73.24017676179746371845443527,1.233178383476796117190015611,-74.47335514527425983564445088,-1.031748220823050968074693114,stop,6,7143.698059375317801970088384
gold_zigzag_reversal,XAUUSD,60min,SHORT,2025-09-09T15:00:00,2025-09-09T16:00:00,2025-09-10T00:00:00,3666.36000000,3678.839023610,3633.36000000,3679.089023610,5.724564903980751264858043156,71.43698059375317801970088384,-72.86812181974836583591539463,1.679065262508709376593994809,-74.54718708225707521250938944,-1.043537765211424261421042379,stop,8,7069.150872293060726757578995
gold_zigzag_reversal,XAUUSD,60min,SHORT,2025-09-16T05:00:00,2025-09-16T06:00:00,2025-09-16T16:00:00,3685.59000000,3701.748666060,3643.30000000,3701.998666060,4.374835673962223541834603020,70.69150872293060726757578995,-71.78521764142116315303444071,1.289908048927874517084015563,-73.07512569034903767011845627,-1.033718575405722568661091570,stop,10,6996.075746602711689087460539
gold_zigzag_reversal,XAUUSD,60min,SHORT,2025-09-20T14:00:00,2025-09-20T15:00:00,2025-09-22T15:00:00,3687.39000000,3700.287579520,3652.75000000,3700.537579520,5.424332322009759307991039654,69.96075746602711689087460539,-71.31684054652955671787236530,1.600130300868445309975446377,-72.91697084739800202784781168,-1.042255308382080050939666546,stop,17,6923.158775755313687059612727
gold_zigzag_reversal,XAUUSD,60min,SHORT,2025-09-23T10:00:00,2025-09-23T11:00:00,2025-09-23T18:00:00,3759.07000000,3775.139861170,3722.34000000,3775.389861170,4.308163401361427994875211935,69.23158775755313687059612727,-70.30862860789349386931493025,1.295575023772456250615645034,-71.60420363166595011993057528,-1.034270712993346911409565089,stop,7,6851.554572123647736939682152
gold_zigzag_reversal,XAUUSD,60min,SHORT,2025-09-29T20:00:00,2025-09-29T21:00:00,2025-09-29T21:00:00,3826.98000000,3843.891969720,3768.57000000,3844.141969720,4.051304895621376347248853844,68.51554572123647736939682152,-69.52837194514182145620903498,1.240341024755607588271553494,-70.76871296989742904448058847,-1.032885489343224770154094150,stop,0,6780.785859153750307895201564
gold_zigzag_reversal,XAUUSD,60min,SHORT,2025-09-29T22:00:00,2025-09-29T23:00:00,2025-09-30T07:00:00,3824.78000000,3845.272565720,3768.57000000,3845.522565720,3.308900384560411358727218255,67.80785859153750307895201564,-68.63508368767760591863382021,1.012465281028717612530615187,-69.64754896870632353116443540,-1.027130931655736078322553746,stop,8,6711.138310185043984364037129
gold_zigzag_reversal,XAUUSD,60min,SHORT,2025-09-30T12:00:00,2025-09-30T13:00:00,2025-09-30T13:00:00,3858.77000000,3870.375995170,3832.90000000,3870.625995170,5.782475532587218872988758213,67.11138310185043984364037129,-68.55700198499724456188756084,1.785059448870526605641826442,-70.34206143386777116752938728,-1.048139051569155529813993538,stop,0,6640.796248751176213196507742
gold_zigzag_reversal,XAUUSD,60min,SHORT,2025-10-04T13:00:00,2025-10-04T14:00:00,2025-10-06T10:00:00,3890.33000000,3910.017336970,3842.52000000,3910.267336970,3.373130789029805595488066532,66.40796248751176213196507742,-67.25124518476921353083709406,1.049807352198905888183607190,-68.30105253696811941902070125,-1.028506973840860712407463812,stop,12,6572.495196214208093777487041
gold_zigzag_reversal,XAUUSD,60min,SHORT,2025-10-06T22:00:00,2025-10-06T23:00:00,2025-10-07T01:00:00,3947.74000000,3966.590381650,3842.52000000,3966.840381650,3.486664258712347128408133339,65.72495196214208093777487041,-66.59661802682016771987690374,1.101155516855126500216153945,-67.69777354367529422009305768,-1.030016325955925672199851720,stop,2,6504.797422670532799557393983
gold_zigzag_reversal,XAUUSD,60min,SHORT,2025-10-07T07:00:00,2025-10-07T08:00:00,2025-10-07T11:00:00,3971.61000000,3989.891664950,3936.75000000,3990.141664950,3.558099024602533698418641013,65.04797422670532799557393983,-65.93749898285596142017860009,1.130510533368133508958116706,-67.06800951622409492913671680,-1.031054545718495951321982848,stop,3,6437.729413154308704628257266
gold_zigzag_reversal,XAUUSD,60min,SHORT,2025-10-07T14:00:00,2025-10-07T15:00:00,2025-10-08T09:00:00,3983.98000000,4001.072335170,3936.75000000,4001.322335170,3.766442296576090781531437326,64.37729413154308704628257266,-65.31890470568710974166543200,1.200434462457057132144449254,-66.51933916814416687380988125,-1.033273300245024390075776872,stop,18,6371.210073986164537754447385
gold_zigzag_reversal,XAUUSD,60min,SHORT,2025-10-09T00:00:00,2025-10-09T01:00:00,2025-10-09T03:00:00,4052.69000000,4072.444267070,3953.39000000,4072.694267070,3.225232326468776721744730054,63.71210073986164537754447385,-64.51840882147883955798065637,1.045669343772539738595812003,-65.56407816525137929657646837,-1.029067907099020505446674616,stop,2,6305.645995820913158457870917
gold_zigzag_reversal,XAUUSD,60min,SHORT,2025-10-13T13:00:00,2025-10-13T14:00:00,2025-10-13T20:00:00,4048.78000000,4083.437298700,3950.00000000,4083.687298700,1.819428008629222207228133137,63.05645995820913158457870917,-63.51131696036643713638574246,0.5893170986222257830544896706,-64.10063405898866291944023213,-1.016559351753516785195956429,stop,6,6241.545361761924495538430685
gold_zigzag_reversal,XAUUSD,60min,SHORT,2025-10-15T09:00:00,2025-10-15T10:00:00,2025-10-15T12:00:00,4171.46000000,4193.927561610,4112.00000000,4194.177561610,2.778025257081702732911046276,62.41545361761924495538430685,-63.10995993188967063861206842,0.9270736991124831745783290480,-64.03703363100215381319039747,-1.025980425029309622531841808,stop,2,6177.508328130922341725240288
gold_zigzag_reversal,XAUUSD,60min,SHORT,2025-10-15T22:00:00,2025-10-15T23:00:00,2025-10-16T11:00:00,4222.85000000,4258.796042880,4112.00000000,4259.046042880,1.718550314078666770267103261,61.77508328130922341725240288,-62.20472085982889010981917869,0.5805744155045678376657949604,-62.78529527533345794748497365,-1.016353065675750954871169396,stop,12,6114.723032855588883777755314
gold_zigzag_reversal,XAUUSD,60min,SHORT,2025-10-16T14:00:00,2025-10-16T15:00:00,2025-10-17T02:00:00,4261.50000000,4291.169869850,4188.00000000,4291.419869850,2.060920072709920863969598880,61.14723032855588883777755314,-61.66246034673336905376995285,0.7026088711882662209445156502,-62.36506921792163527471446850,-1.019916501251521330822420173,stop,11,6052.357963637667248503040846
gold_zigzag_reversal,XAUUSD,60min,SHORT,2025-10-17T19:00:00,2025-10-17T20:00:00,2025-10-18T01:00:00,4409.85000000,4473.025978370,4256.00000000,4256.15000000,0.9580157078361471600116100974,60.52357963637667248503040846,147.2470142944158184937844720,0.3379764455360986842861759030,146.9090378488797198094982961,2.427302527899102166290677740,target,5,6199.267001486546968312539142
gold_zigzag_reversal,XAUUSD,60min,LONG,2025-10-22T06:00:00,2025-10-22T07:00:00,2025-10-22T11:00:00,4114.24000000,4061.231203490,4401.66000000,4060.981203490,1.169478918525733375174213919,61.99267001486546968312539142,-62.28503974449690302691894491,0.3849213556604250625181406300,-62.66996110015732808943708554,-1.010925341417452225798513983,stop,4,6136.597040386389640223102056
gold_zigzag_reversal,XAUUSD,60min,LONG,2025-10-23T01:00:00,2025-10-23T02:00:00,2025-10-28T02:00:00,4028.48000000,3983.291969260,4167.79000000,3983.041969260,1.358013823548706747698185277,61.36597040386389640223102056,-61.70547385975107308915556686,0.4376585222311595327173748340,-62.14313238198223262187294169,-1.012664380160594712386442003,stop,88,6074.453908004407407601229114
gold_zigzag_reversal,XAUUSD,60min,LONG,2025-10-28T23:00:00,2025-10-29T00:00:00,2025-10-29T19:00:00,3921.21000000,3877.917822160,4013.17000000,4013.02000000,1.403129667085467975524058116,60.74453908004407407601229114,128.8213347351168148328637756,0.4401572865497766304243753540,128.3811774485670382024394002,2.113460393195132453516688223,target,19,6202.835085452974445803668514
gold_zigzag_reversal,XAUUSD,60min,LONG,2025-10-30T13:00:00,2025-10-30T14:00:00,2025-10-31T09:00:00,3929.38000000,3898.685393330,4031.43000000,4031.28000000,2.020822469608461168075188928,62.02835085452974445803668514,205.9218096531021930268617518,0.6352463516504076115689028696,205.2865633014517854152928489,3.309560232915015880866474058,target,19,6408.121648754426231218961363
gold_zigzag_reversal,XAUUSD,60min,LONG,2025-11-04T16:00:00,2025-11-04T17:00:00,2025-11-05T01:00:00,3967.67000000,3952.705863340,4009.04000000,3952.455863340,4.282319651546423548379276405,64.08121648754426231218961363,-65.15179640043086819928443274,1.359266496948095865615840289,-66.51106289737896406490027303,-1.037918231628873670016322880,stop,8,6341.610585857047267154061090
gold_zigzag_reversal,XAUUSD,60min,LONG,2025-11-05T05:00:00,2025-11-05T06:00:00,2025-11-06T18:00:00,3930.65000000,3908.782305730,3995.00000000,3994.85000000,2.899990509999501317865306469,63.41610585857047267154061090,186.1793907419679846069526753,0.9119078158503631884053813496,185.2674829261176214185472940,2.921457891774339316295919662,target,36,6526.878068783164888572608384
gold_zigzag_reversal,XAUUSD,60min,SHORT,2025-11-11T04:00:00,2025-11-11T05:00:00,2025-11-11T10:00:00,4099.02000000,4117.048302510,3986.75000000,4117.298302510,3.620350870617360684931511272,65.26878068783164888572608384,-66.17386840548598905695896166,1.187191250054237903579837066,-67.36105965554022696053879873,-1.032056351377476414444745192,stop,5,6459.517009127624661612069585
gold_zigzag_reversal,XAUUSD,60min,SHORT,2025-11-11T19:00:00,2025-11-11T20:00:00,2025-11-13T02:00:00,4128.21000000,4151.337665860,3986.75000000,4151.587665860,2.792982676345024236532302437,64.59517009127624661612069585,-65.29341576036250267525377147,0.9224015211451434002796012992,-66.21581728150764607553337277,-1.025089293641325549659251260,stop,30,6393.301191846117015536536212
gold_zigzag_reversal,XAUUSD,60min,SHORT,2025-11-13T11:00:00,2025-11-13T12:00:00,2025-11-13T19:00:00,4205.44063000,4227.700084900,4100.37736000,4227.950084900,2.872173294704587314730935398,63.93301191846117015536536212,-64.65105524213731698404809598,0.9663003415961308272601658592,-65.61735558373344781130826184,-1.026345445251671459394093249,stop,7,6327.683836262383567725227950
gold_zigzag_reversal,XAUUSD,60min,SHORT,2025-11-22T06:00:00,2025-11-22T07:00:00,2025-11-25T05:00:00,4087.31663000,4118.630955410,4025.66492000,4118.880955410,2.020699393460886810055419920,63.27683836262383567725227950,-63.78201321098905737976613449,0.6607390588098876730629735248,-64.44275226979894505282910801,-1.018425603069697422550990857,stop,46,6263.241083992584622672398842
gold_zigzag_reversal,XAUUSD,60min,SHORT,2025-11-28T15:00:00,2025-11-28T16:00:00,2025-11-29T01:00:00,4188.24271000,4200.415633380,4149.64060000,4200.665633380,5.145223450829429785396709563,62.63241083992584622672398842,-63.91871670263320367307316581,1.723955568740592220171570663,-65.64267227137379589324473647,-1.048062359265420760415564203,stop,9,6197.598411721210826779154106
gold_zigzag_reversal,XAUUSD,60min,SHORT,2025-11-29T14:00:00,2025-11-29T15:00:00,2025-12-01T11:00:00,4216.19043000,4231.098310770,4171.98663000,4231.348310770,4.157263200141096128969881818,61.97598411721210826779154106,-63.01529991724738230003401152,1.402225065554085131893828918,-64.41752498280146743192784044,-1.039394951130937975699949202,stop,20,6133.180886738409359347226266
gold_zigzag_reversal,XAUUSD,60min,SHORT,2025-12-01T18:00:00,2025-12-01T19:00:00,2025-12-02T12:00:00,4245.39673000,4265.530336280,4202.44770000,4202.59770000,3.046240599644034242705587598,61.33180886738409359347226266,130.3761428113830108745837248,1.034599990441761771039226235,129.3415428209412491035444986,2.108881919667697008327511608,target,17,6262.522429559350608450770765
gold_zigzag_reversal,XAUUSD,60min,LONG,2025-12-03T03:00:00,2025-12-03T04:00:00,2025-12-03T13:00:00,4182.51352000,4165.303139670,4226.73559000,4226.58559000,3.638805365993530375659496402,62.62522429559350608450770765,160.3696848064424902631916216,1.217548211193319122298121810,159.1521365952491711408934998,2.541342380572480933662202223,target,9,6421.674566154599779591664265
gold_zigzag_reversal,XAUUSD,60min,SHORT,2025-12-05T21:00:00,2025-12-05T22:00:00,2025-12-06T01:00:00,4224.36131000,4238.492068610,4195.39646000,4238.742068610,4.544465547384083280714724675,64.21674566154599779591664265,-65.35286204839201861609532382,1.535797154639783449669532165,-66.88865920303180206576485598,-1.041607738199131263767303148,stop,3,6354.785906951567977525899409
gold_zigzag_reversal,XAUUSD,60min,LONG,2025-12-06T11:00:00,2025-12-06T12:00:00,2025-12-09T02:00:00,4197.51216000,4182.416730250,4258.54495000,4182.166730250,4.209741631868127489067278399,63.54785906951567977525899409,-64.60029447748271164752581370,1.413635335217976692143213451,-66.01392981270068833966902715,-1.038806511805336313793915009,stop,38,6288.771977138867289186230382
gold_zigzag_reversal,XAUUSD,60min,SHORT,2025-12-11T10:00:00,2025-12-11T11:00:00,2025-12-12T02:00:00,4232.05572000,4249.432197130,4182.65249000,4249.682197130,3.619129430027838611258385941,62.88771977138867289186230382,-63.79250212889563254467690031,1.225308592461572332321032690,-65.01781072135720487699793300,-1.033871333826570633537846460,stop,15,6223.754166417510084309232449
gold_zigzag_reversal,XAUUSD,60min,SHORT,2025-12-12T08:00:00,2025-12-12T09:00:00,2025-12-12T19:00:00,4279.72033000,4301.338249440,4206.94669000,4301.588249440,2.878979257782593570581477035,62.23754166417510084309232449,-62.95728647862074923573769376,0.9856980847344381139315869752,-63.94298456335518734966928074,-1.027402157180025091258273280,stop,10,6159.811181854154896959563168
gold_zigzag_reversal,XAUUSD,60min,SHORT,2025-12-15T23:00:00,2025-12-16T00:00:00,2025-12-16T03:00:00,4345.52103000,4356.963635360,4299.11282000,4299.26282000,5.383224351498700027665345585,61.59811181854154896959563168,249.0183225287406806067493658,1.871433170291657039030507283,247.1468893584490235677188585,4.012247811856722112803862354,target,3,6406.958071212603920527282026
gold_zigzag_reversal,XAUUSD,60min,LONG,2025-12-16T21:00:00,2025-12-16T22:00:00,2025-12-17T01:00:00,4277.56401000,4257.512406200,4317.70331000,4317.55331000,3.195234722926554094654155308,64.06958071212603920527282026,127.7751999055268496573534129,1.093425684343435973488859851,126.6817742211834136838645530,1.977253055398990079786036865,target,3,6533.639845433787334211146579
gold_zigzag_reversal,XAUUSD,60min,SHORT,2025-12-22T23:00:00,2025-12-23T00:00:00,2025-12-23T00:00:00,4415.66426000,4426.798323760,4338.17759000,4427.048323760,5.868153790268744908113537316,65.33639845433787334211146579,-66.80343690190505956913985012,2.072943757109858614865114460,-68.87638065901491818400496458,-1.054180859190624933155583079,stop,0,6464.763464774772416027141614
gold_zigzag_reversal,XAUUSD,60min,SHORT,2025-12-23T07:00:00,2025-12-23T08:00:00,2025-12-23T10:00:00,4438.58300000,4452.781489350,4406.80974000,4453.031489350,4.553134707091055722788665270,64.64763464774772416027141614,-65.78591832452048809096858245,1.616757304608347150657798581,-67.40267562912883524162638103,-1.042616268892014205722526390,stop,2,6397.360789145643580785515233
gold_zigzag_reversal,XAUUSD,60min,SHORT,2025-12-23T19:00:00,2025-12-23T20:00:00,2025-12-24T10:00:00,4489.78322000,4508.890261850,4406.80974000,4509.140261850,3.348169140659334234297244308,63.97360789145643580785515233,-64.81065017662126936642946341,1.202604290036327886521545279,-66.01325446665759725295100869,-1.031882625389235749227188718,stop,14,6331.347534678985983532564224
gold_zigzag_reversal,XAUUSD,60min,SHORT,2025-12-27T17:00:00,2025-12-27T18:00:00,2025-12-29T10:00:00,4532.47721000,4539.586125440,4511.31162000,4539.836125440,8.906207406905076343871329301,63.31347534678985983532564224,-65.54002719851612892129347457,3.229374567946436412952553858,-68.76940176646256533424602843,-1.086173225996341292814702548,stop,16,6262.578132912523418198318196
gold_zigzag_reversal,XAUUSD,60min,LONG,2025-12-29T21:00:00,2025-12-29T22:00:00,2025-12-30T00:00:00,4461.17283000,4437.711120400,4521.37036000,4437.461120400,2.669276126797052938630831146,62.62578132912523418198318196,-63.29310036082449741664088974,0.9526481706107717995113217048,-64.24574853143526921615221144,-1.025867417027444581446869498,stop,2,6198.332384381088148982165985
gold_zigzag_reversal,XAUUSD,60min,LONG,2025-12-30T05:00:00,2025-12-30T06:00:00,2025-12-31T16:00:00,4331.48221000,4283.524709050,4521.37036000,4283.274709050,1.292463589969670458606781508,61.98332384381088148982165985,-62.30643974130329910447335522,0.4478626437621089624814252390,-62.75430238506540806695478046,-1.012438483344282767511471008,stop,34,6135.578081996022740915211205
gold_zigzag_reversal,XAUUSD,60min,SHORT,2026-01-05T16:00:00,2026-01-05T17:00:00,2026-01-05T19:00:00,4411.18927000,4428.246686830,4329.27104000,4428.496686830,3.597014801915949157768932358,61.35578081996022740915211205,-62.25503452043921469859434514,1.269369047859424829329268125,-63.52440356829863952792361326,-1.035345043602361214033836799,stop,2,6072.053678427724101387287592
gold_zigzag_reversal,XAUUSD,60min,SHORT,2026-01-06T01:00:00,2026-01-06T02:00:00,2026-01-06T02:00:00,4438.67389000,4453.170353940,4329.27104000,4453.420353940,4.188644695395782222314338811,60.72053678427724101387287592,-61.76769795812618656945146062,1.487362227515220941305026484,-63.25506018564140751075648710,-1.041740793734558139424447808,stop,0,6008.798618242082693876531105
gold_zigzag_reversal,XAUUSD,60min,SHORT,2026-01-06T05:00:00,2026-01-06T06:00:00,2026-01-06T14:00:00,4447.51600000,4467.573189330,4397.88081000,4467.823189330,2.995832825516875496272004880,60.08798618242082693876531105,-60.83694438880004581283331228,1.065921153984920963174214565,-61.90286554278496677600752684,-1.030203697538711920809295168,stop,8,5946.895752699297727100523578
gold_zigzag_reversal,XAUUSD,60min,LONG,2026-01-08T22:00:00,2026-01-08T23:00:00,2026-01-09T07:00:00,4423.73894000,4402.451452800,4466.13399000,4465.98399000,2.793610958788643559161141188,59.46895752699297727100523578,118.0162346345741865889403675,0.9886564465283246193953067208,117.0275781880458619695450608,1.967876738631697216005842155,target,8,6063.923330887343589070068639
gold_zigzag_reversal,XAUUSD,60min,SHORT,2026-01-10T07:00:00,2026-01-10T08:00:00,2026-01-12T10:00:00,4508.63605000,4530.279417400,4462.97996000,4530.529417400,2.801746705499876876400512722,60.63923330887343589070068639,-61.33966998524840510980081457,1.010564495950838252440059672,-62.35023448119924336224087424,-1.028216075285955733487202181,stop,50,6001.573096406144345707827765
gold_zigzag_reversal,XAUUSD,60min,SHORT,2026-01-19T17:00:00,2026-01-19T18:00:00,2026-01-20T15:00:00,4678.29063000,4695.651189540,4595.19287000,4695.901189540,3.457015934640862586913962892,60.01573096406144345707827765,-60.87998494772165910380676837,1.293834020383283188438172257,-62.17381896810494229224494063,-1.035958705648953985269993204,stop,21,5939.399277438039403415582824
gold_zigzag_reversal,XAUUSD,60min,SHORT,2026-01-20T23:00:00,2026-01-21T00:00:00,2026-01-21T01:00:00,4727.83769000,4747.953435690,4660.31632000,4748.203435690,2.952612032866696776884726476,59.39399277438039403415582824,-60.13214578259706822837700986,1.116757636234775021404570450,-61.24890341883184324978158031,-1.031230610332894897519456561,stop,1,5878.150374019207560165801244
gold_zigzag_reversal,XAUUSD,60min,SHORT,2026-01-21T02:00:00,2026-01-21T03:00:00,2026-01-21T03:00:00,4735.76726000,4750.038556980,4660.31632000,4750.288556980,4.118862064363828801890577183,58.78150374019207560165801244,-59.81121925628303280213065674,1.560477769029618653459073722,-61.37169702531265145558973046,-1.044064767321519224666852949,stop,0,5816.778676993894908710211514
gold_zigzag_reversal,XAUUSD,60min,SHORT,2026-01-21T09:00:00,2026-01-21T10:00:00,2026-01-21T11:00:00,4763.10412000,4779.689866300,4715.64562000,4779.939866300,3.507094930659764709357824624,58.16778676993894908710211514,-59.04456050260389026444157129,1.336372665076531168429828562,-60.38093316768042143287139985,-1.038047629463619614150253824,stop,1,5756.397743826214487277340114
gold_zigzag_reversal,XAUUSD,60min,SHORT,2026-01-23T14:00:00,2026-01-23T15:00:00,2026-01-24T03:00:00,4952.08596000,4986.070091890,4809.25849000,4986.320091890,1.693848694578560996538475979,57.56397743826214487277340114,-57.98743961190678512190802012,0.6710467471029456022369436396,-58.65848635900973072414496376,-1.019013782046618581434654384,stop,12,5697.739257467204756553195150
gold_zigzag_reversal,XAUUSD,60min,SHORT,2026-01-24T09:00:00,2026-01-24T10:00:00,2026-01-26T10:00:00,4982.27450000,5008.973290860,4902.18615000,5009.223290860,2.134081384937746486603699007,56.97739257467204756553195150,-57.51091292090648418718287624,0.8506063412080014726136160936,-58.36151926211448565979649233,-1.024292559292327442876564785,stop,48,5639.377738205090270893398658
gold_zigzag_reversal,XAUUSD,60min,SHORT,2026-01-26T17:00:00,2026-01-26T18:00:00,2026-01-28T07:00:00,5078.98017000,5106.143359960,4979.13611000,5106.393359960,2.076110260433156530078398295,56.39377738205090270893398658,-56.91280494715919184145358615,0.8435618274778830101419354792,-57.75636677463707485159552163,-1.024162052195139160305014485,stop,37,5581.621371430453196041803136
gold_zigzag_reversal,XAUUSD,60min,SHORT,2026-01-28T11:00:00,2026-01-28T12:00:00,2026-01-28T12:00:00,5173.27244000,5215.604573900,5051.13522000,5215.854573900,1.318530595366574042713637721,55.81621371430453196041803136,-56.14584636314617547109644079,0.5456894392245351353911875868,-56.69153580237071060648762838,-1.015682219015186475161366718,stop,0,5524.929835628082485435315508
gold_zigzag_reversal,XAUUSD,60min,SHORT,2026-01-29T14:00:00,2026-01-29T15:00:00,2026-01-30T02:00:00,5546.53380000,5635.232509170,5249.61746000,5249.76746000,0.6228872874619853371914990077,55.24929835628082485435315508,184.8519805326212776519870396,0.2763892314798574310269637056,184.5755913011414202209600759,3.340777110161410480873630508,target,11,5709.505426929223905656275584
gold_zigzag_reversal,XAUUSD,60min,LONG,2026-01-30T16:00:00,2026-01-30T17:00:00,2026-01-30T20:00:00,5185.07870000,5054.751981130,5451.71009000,5054.501981130,0.4380917034076808186935271674,57.09505426929223905656275584,-57.20457719514415926123613763,0.1817231967988706583525095635,-57.38630039194302991958864719,-1.005101074451687375623408112,stop,3,5652.119126537280875736686937
gold_zigzag_reversal,XAUUSD,60min,LONG,2026-01-31T00:00:00,2026-01-31T01:00:00,2026-01-31T04:00:00,5016.34697000,4867.798841320,5451.71009000,4867.548841320,0.3804907659734297553412092527,56.52119126537280875736686937,-56.61631395686616619620217169,0.1526938960803034762970973081,-56.76900785294646967249926900,-1.004384489817458668507273989,stop,3,5595.350118684334406064187668
gold_zigzag_reversal,XAUUSD,60min,LONG,2026-01-31T17:00:00,2026-01-31T18:00:00,2026-02-02T10:00:00,4865.50388000,4815.128388960,5451.71009000,4814.878388960,1.110728650613334925829476871,55.95350118684334406064187668,-56.23118334949667779209924590,0.4323403647349076369090265548,-56.66352371423158542900827245,-1.012689510259908327039505519,stop,40,5538.686594970102820635179396
gold_zigzag_reversal,XAUUSD,60min,SHORT,2026-02-03T15:00:00,2026-02-03T16:00:00,2026-02-03T18:00:00,4809.45876000,4922.201675240,4605.20706000,4922.451675240,0.4912669308913732166001049554,55.38686594970102820635179396,-55.50968268242387151050182020,0.1890182435419063620005401756,-55.69870092596577787250236038,-1.005630124956843363597238840,stop,2,5482.987894044137042762677036
gold_zigzag_reversal,XAUUSD,60min,SHORT,2026-02-03T22:00:00,2026-02-03T23:00:00,2026-02-04T11:00:00,4913.54903000,5001.875224430,4605.20706000,5002.125224430,0.6207657795547273917304077646,54.82987894044137042762677036,-54.98507038533005227555937230,0.2440130475190659686041100074,-55.22908343284911824416348231,-1.007280783764658341116757655,stop,12,5427.758810611287924518513554
gold_zigzag_reversal,XAUUSD,60min,SHORT,2026-02-05T00:00:00,2026-02-05T01:00:00,2026-02-05T03:00:00,5056.56179000,5129.414542320,4879.40351000,4879.55351000,0.7450314007040232470545202806,54.27758810611287924518513554,131.8767267846099440411357011,0.3013837850520114440262093838,131.5753429995579325971094917,2.424119191558911305109632404,target,2,5559.334153610845857115623046
gold_zigzag_reversal,XAUUSD,60min,SHORT,2026-02-07T08:00:00,2026-02-07T09:00:00,2026-02-08T15:00:00,4962.63105000,5008.822368110,4654.91557000,5009.072368110,1.203545250726954381149965206,55.59334153610845857115623046,-55.89422784879019716644372175,0.4778200825070095107062681630,-56.37204793129720667714998991,-1.014007188157289846171917348,stop,30,5502.962105679548650438473056
gold_zigzag_reversal,XAUUSD,60min,SHORT,2026-02-08T19:00:00,2026-02-08T20:00:00,2026-02-09T09:00:00,5017.54717000,5041.520625170,4938.91135000,5041.770625170,2.295439713073094190301678177,55.02962105679548650438473056,-55.60348098506376005196015010,0.9213981628988412606153301424,-56.52487914796260131257548024,-1.027171876935584834182247748,stop,13,5446.437226531586049125897576
gold_zigzag_reversal,XAUUSD,60min,SHORT,2026-02-10T07:00:00,2026-02-10T08:00:00,2026-02-13T03:00:00,5080.52076000,5119.822334620,4992.04908600,4992.19908600,1.385806365061000207102108617,54.46437226531586049125897576,122.3967380020426504056049220,0.5632494405626040174837249814,121.8334885614800463881211970,2.236939186005570786466366777,target,67,5568.270715093066095514018773
gold_zigzag_reversal,XAUUSD,60min,LONG,2026-02-13T07:00:00,2026-02-13T08:00:00,2026-02-18T01:00:00,4916.11923000,4857.972684270,5082.39778000,4857.722684270,0.9576270860437690346552627062,55.68270715093066095514018773,-55.92211392244160321380400341,0.3766247146294910058357818728,-56.29873863707109421963978528,-1.011063245981748880063696262,stop,113,5511.971976455995001294378988
gold_zigzag_reversal,XAUUSD,60min,SHORT,2026-02-21T11:00:00,2026-02-21T12:00:00,2026-02-23T10:00:00,5098.35568000,5122.089669290,4980.29089000,5122.339669290,2.322395914612800013315578179,55.11971976455995001294378988,-55.70031874321315001627268444,0.9472320321979971158873242912,-56.64755077541114713216000873,-1.027718410350727852713209007,stop,46,5455.324425680583854162218979
gold_zigzag_reversal,XAUUSD,60min,SHORT,2026-02-28T06:00:00,2026-02-28T07:00:00,2026-02-28T08:00:00,5250.84881000,5275.710094910,5168.66270000,5275.960094910,2.194305099446520865345820527,54.55324425680583854162218979,-55.10182053166746875795864493,0.9217571456164556595553017560,-56.02357767728392441751394669,-1.026952263618944222943624196,stop,1,5399.300848003299929744705032
gold_zigzag_reversal,XAUUSD,60min,SHORT,2026-02-28T11:00:00,2026-02-28T12:00:00,2026-03-02T10:00:00,5277.73035000,5295.447417130,5168.66270000,5295.697417130,3.047513907570377834734041013,53.99300848003299929744705032,-54.75488695692559375613056058,1.286716531362502228747450594,-56.04160348828809598487801117,-1.037941857027890597601410116,stop,46,5343.259244515011833759827021
gold_zigzag_reversal,XAUUSD,60min,SHORT,2026-03-02T17:00:00,2026-03-02T18:00:00,2026-03-02T18:00:00,5386.75019000,5405.435221570,5277.51333000,5405.685221570,2.859646891415453912321019975,53.43259244515011833759827021,-54.14750416800398181567852520,1.232336274853208458490519815,-55.37984044285719027416904502,-1.036443075445122194139273804,stop,0,5287.879404072154643485657976
gold_zigzag_reversal,XAUUSD,60min,SHORT,2026-03-07T05:00:00,2026-03-07T06:00:00,2026-03-09T09:00:00,5163.00848000,5200.602370270,5054.73982000,5200.852370270,1.406579464400866498428936861,52.87879404072154643485657976,-53.23043890682176305946381396,0.5809745361996425480589206152,-53.81141344302140560752273458,-1.017636926469647856425474426,stop,51,5234.067990629133237878135241
gold_zigzag_reversal,XAUUSD,60min,SHORT,2026-03-10T22:00:00,2026-03-10T23:00:00,2026-03-11T00:00:00,5173.87072000,5214.426652470,5014.43471000,5214.676652470,1.290580112909713906000626902,52.34067990629133237878135241,-52.66332493451876085528150914,0.5341835726398290225466780664,-53.19750850715858987782818721,-1.016370222977639749482500310,stop,1,5180.870482121974648000307054
gold_zigzag_reversal,XAUUSD,60min,LONG,2026-03-14T09:00:00,2026-03-14T10:00:00,2026-03-16T10:00:00,5019.83973000,4980.146381960,5123.76336000,4979.896381960,1.305223856879263301368091663,51.80870482121974648000307054,-52.13501078543956230534509345,0.5241611658645087786670807908,-52.65917195130407108401217424,-1.016415525788940226670786020,stop,48,5128.211310170670576916294880
gold_zigzag_reversal,XAUUSD,60min,LONG,2026-03-19T05:00:00,2026-03-19T06:00:00,2026-03-19T07:00:00,4858.47936000,4813.244193420,5015.12179000,4812.994193420,1.133677998311611518092544820,51.28211310170670576916294880,-51.56553260128460864868608499,0.4406360924546463527192716462,-52.00616869373925500140535664,-1.014119067024335472227192138,stop,1,5076.205141476931321914889523
gold_zigzag_reversal,XAUUSD,60min,LONG,2026-03-21T08:00:00,2026-03-21T09:00:00,2026-03-23T11:00:00,4497.59466000,4434.903475230,4733.80964000,4434.653475230,0.8097159369535601969952831573,50.76205141476931321914889523,-50.96448039900770326839771602,0.2913419259327383207995626858,-51.25582232494044158919727871,-1.009727166188312570950954131,stop,50,5024.949319151990880325692244
gold_zigzag_reversal,XAUUSD,60min,LONG,2026-03-27T02:00:00,2026-03-27T03:00:00,2026-03-27T03:00:00,4437.58490000,4383.793437430,4546.06827000,4383.543437430,0.9341536889079591502034320395,50.24949319151990880325692244,-50.48303161374689859080778045,0.3316309043341805611807665558,-50.81466251808107915198854701,-1.011247264214329392977499775,stop,0,4974.134656633909801173703697
gold_zigzag_reversal,XAUUSD,60min,LONG,2026-03-27T06:00:00,2026-03-27T07:00:00,2026-03-28T01:00:00,4362.67539000,4323.844385750,4483.21906000,4483.06906000,1.280969872581626523649257332,49.74134656633909801173703697,154.2206641195343917514758830,0.4470764590754638240716694364,153.7735876604589279274042136,3.091464109347622653874577556,target,18,5127.908244294368729101107911
gold_zigzag_reversal,XAUUSD,60min,SHORT,2026-04-02T00:00:00,2026-04-02T01:00:00,2026-04-02T02:00:00,4738.04057000,4773.859923140,4668.31444000,4774.109923140,1.431602693731495098993043377,51.27908244294368729101107911,-51.63698311637656106575933997,0.5426393314416886772628164534,-52.17962244781824974302215642,-1.017561546774487619906806614,stop,1,5075.728621846550479358085755
gold_zigzag_reversal,XAUUSD,60min,SHORT,2026-04-08T15:00:00,2026-04-08T16:00:00,2026-04-17T23:00:00,4827.02901000,4884.763011720,4604.80231000,4885.013011720,0.8791575970193376159684095695,50.75728621846550479358085755,-50.97707561772033919757295994,0.3394975380139385762611001788,-51.31657315573427777383406012,-1.011018850276225058455899461,stop,223,5024.412048690816201584251695
gold_zigzag_reversal,XAUUSD,60min,LONG,2026-04-20T19:00:00,2026-04-20T20:00:00,2026-04-21T23:00:00,4793.27484000,4770.125031600,4837.40174000,4769.875031600,2.170390338388639191322314225,50.24412048690816201584251695,-50.78671807150532181367309551,0.8322621921581880302082556088,-51.61898026366350984388135112,-1.027363595251181430944370149,stop,27,4972.793068427152691740370344
gold_zigzag_reversal,XAUUSD,60min,LONG,2026-05-05T05:00:00,2026-05-05T06:00:00,2026-05-05T23:00:00,4517.28744000,4485.825472280,4582.50416000,4582.35416000,1.580572808631421700454395592,49.72793068427152691740370344,102.8426883788342989853900308,0.5711921357148995869444866800,102.2714962431193993984455441,2.056620793100222531154513562,target,17,5075.064564670272091138815888
gold_zigzag_reversal,XAUUSD,60min,SHORT,2026-05-07T00:00:00,2026-05-07T01:00:00,2026-05-07T16:00:00,4703.13578000,4742.930773780,4542.23432000,4743.180773780,1.275302263577906781403903486,50.75064564670272091138815888,-51.06947121259719760673913476,0.4798335764918595360900269694,-51.54930478908905714282916173,-1.015736925751568744182876965,stop,15,5023.515259881183033995986726
gold_zigzag_reversal,XAUUSD,60min,SHORT,2026-05-07T21:00:00,2026-05-07T22:00:00,2026-05-08T08:00:00,4742.62748000,4769.648242820,4685.08702000,4685.23702000,1.859131547597508956631294218,50.23515259881183033995986726,106.6964147171329338751900256,0.7053734693256699165812563348,105.9910412478072639586087693,2.109897865629538877688871999,target,10,5129.506301128990297954595495
gold_zigzag_reversal,XAUUSD,60min,LONG,2026-05-11T13:00:00,2026-05-11T14:00:00,2026-05-11T15:00:00,4677.97041000,4666.479892600,4719.90218000,4666.229892600,4.464121259786778877298071447,51.29506301128990297954595495,-52.41109332623659769887047281,1.670642172794757959777071918,-54.08173549903135565864754473,-1.054326329360938959981036189,stop,1,5075.424565629958942295947950
gold_zigzag_reversal,XAUUSD,60min,LONG,2026-05-11T16:00:00,2026-05-11T17:00:00,2026-05-11T19:00:00,4678.35610000,4663.111462870,4719.90218000,4662.861462870,3.329318056145793574750669024,50.75424565629958942295947950,-51.58657517033603781664714675,1.246058834944785268782047873,-52.83263400528082308542919462,-1.040950039195849327507082486,stop,2,5022.591931624678119210518755
gold_zigzag_reversal,XAUUSD,60min,SHORT,2026-05-12T05:00:00,2026-05-12T06:00:00,2026-05-12T09:00:00,4734.46397000,4762.625281090,4649.21661000,4762.875281090,1.783507847192592523294524905,50.22591931624678119210518755,-50.67179627804492932292881877,0.6755162914196475961943451088,-51.34731256946457691912316388,-1.022326983129108283289093129,stop,3,4971.244619055213542291395591
gold_zigzag_reversal,XAUUSD,60min,LONG,2026-05-15T09:00:00,2026-05-15T10:00:00,2026-05-15T10:00:00,4650.44605000,4629.975258910,4708.72946000,4629.725258910,2.428457501812751654773198895,49.71244619055213542291395591,-50.31956056600532333660725563,0.9034728477518383018056789160,-51.22303341375716163841293455,-1.030386499538059620733494574,stop,0,4920.021585641456380652982656
gold_zigzag_reversal,XAUUSD,60min,LONG,2026-05-15T22:00:00,2026-05-15T23:00:00,2026-05-15T23:00:00,4552.68389000,4515.414887130,4664.83183000,4515.164887130,1.320137703389394807453023402,49.20021585641456380652982656,-49.53025028226191250839308241,0.4808135723841996909392825260,-50.01106385464611219933236494,-1.016480578064899539932338415,stop,0,4870.010521786810268453650291
gold_zigzag_reversal,XAUUSD,60min,LONG,2026-05-16T09:00:00,2026-05-16T10:00:00,2026-05-18T10:00:00,4537.89450000,4517.415481930,4664.83183000,4517.165481930,2.378048842547268804892289590,48.70010521786810268453650291,-49.29461742850491988575957531,0.8633067810661293679793835216,-50.15792420957104925373895883,-1.029934616879802382048486566,stop,48,4819.852597577239219199911332
gold_zigzag_reversal,XAUUSD,60min,LONG,2026-05-20T05:00:00,2026-05-20T06:00:00,2026-05-21T11:00:00,4482.16744000,4447.868308030,4559.13194000,4558.98194000,1.405240401358541791458610879,48.19852597577239219199911332,107.9428388101557084399974654,0.5038818217873430226844044632,107.4389569883683654173130609,2.229092172702002055942991843,target,29,4927.291554565607584617224393
gold_zigzag_reversal,XAUUSD,60min,SHORT,2026-05-21T12:00:00,2026-05-21T13:00:00,2026-05-25T09:00:00,4535.16833000,4568.837657810,4467.27719000,4569.087657810,1.463436271246903632382681771,49.27291554565607584617224393,-49.63877461346780175426791436,0.5309543864265797571315120646,-50.16972899989438151139942642,-1.018200941517400611271662925,stop,92,4877.121825565713203105824967
gold_zigzag_reversal,XAUUSD,60min,SHORT,2026-05-26T08:00:00,2026-05-26T09:00:00,2026-05-26T10:00:00,4575.62817000,4585.126899630,4553.73406000,4553.88406000,5.134499049391000723857664919,48.77121825565713203105824967,111.6451121248533527496406903,1.879484679138534740525881814,109.7656274457148180091148085,2.250623038988425234291040664,target,1,4986.887453011428021114939776
gold_zigzag_reversal,XAUUSD,60min,LONG,2026-05-28T20:00:00,2026-05-28T21:00:00,2026-05-29T00:00:00,4384.46879000,4348.708473730,4466.27959000,4466.12959000,1.394531137632868597980926016,49.86887453011428021114939776,113.8785283240101560060008032,0.4891422599707605476814741706,113.3893860640393954583193290,2.273750653738275788465223212,target,3,5100.276839075467416573259105
gold_zigzag_reversal,XAUUSD,60min,SHORT,2026-05-29T11:00:00,2026-05-29T12:00:00,2026-05-29T19:00:00,4506.17312000,4533.635343910,4378.58925000,4533.885343910,1.857197310673106159439677770,51.00276839075467416573259105,-51.46706771842295070559251050,0.6695082079913152066058808184,-52.13657592641426591219839132,-1.022230313597352065286543649,stop,7,5048.140263149053150661060714
gold_zigzag_reversal,XAUUSD,60min,SHORT,2026-05-29T23:00:00,2026-05-30T00:00:00,2026-05-30T00:00:00,4539.35342000,4559.932654140,4489.49398000,4560.182654140,2.453026302537152216229685559,50.48140263149053150661060714,-51.09465920712481956066802853,0.8908122668617581271842242120,-51.98547147398657768785225274,-1.029794513703900158842354276,stop,0,4996.154791675066572973208461
gold_zigzag_reversal,XAUUSD,60min,LONG,2026-06-01T22:00:00,2026-06-01T23:00:00,2026-06-01T23:00:00,4500.40285000,4480.943523110,4547.28520000,4480.693523110,2.567485925858284696800840094,49.96154791675066572973208461,-50.60341939821523690393229464,0.9243776782454010516475109312,-51.52779707646063795557980557,-1.031349091952070085195017761,stop,0,4944.626994598605935017628655
gold_zigzag_reversal,XAUUSD,60min,SHORT,2026-06-02T20:00:00,2026-06-02T21:00:00,2026-06-03T09:00:00,4532.91777000,4554.915694840,4464.08642000,4464.23642000,2.247769746720621096102276098,49.44626994598605935017628655,154.3798606939303297187840605,0.8151164342222642073567108048,153.5647442597080655114273497,3.105689153650185850894106429,target,12,5098.191738858314000529056005
gold_zigzag_reversal,XAUUSD,60min,LONG,2026-06-03T23:00:00,2026-06-04T00:00:00,2026-06-04T21:00:00,4444.03884000,4421.973077080,4488.12890000,4487.97890000,2.310453419327462800696607867,50.98191738858314000529056005,101.5214618724538751103769915,0.8214195786801641091960723536,100.7000422937737110011809191,1.975210966002710954532452666,target,21,5198.891781152087711530236924
gold_zigzag_reversal,XAUUSD,60min,LONG,2026-06-06T19:00:00,2026-06-06T20:00:00,2026-06-08T08:00:00,4330.25466000,4321.988972270,4476.39626000,4321.738972270,6.289726821257603584221342129,51.98891781152087711530236924,-53.56134951683527801135770477,2.178889510230217998480573538,-55.74023902706549600983827831,-1.072156170458184004006645434,stop,36,5143.151542125022215520398646
gold_zigzag_reversal,XAUUSD,60min,LONG,2026-06-10T17:00:00,2026-06-10T18:00:00,2026-06-10T21:00:00,4183.20976000,4150.481249810,4359.95814000,4150.231249810,1.571459107752628875625700653,51.43151542125022215520398646,-51.82438019818837937411041161,0.5258994461593351022540205662,-52.35027964434771447636443218,-1.017863837290664039235939324,stop,3,5090.801262480674501044034214
gold_zigzag_reversal,XAUUSD,60min,SHORT,2026-06-15T17:00:00,2026-06-15T18:00:00,2026-06-15T22:00:00,4323.57951000,4348.093648330,4213.19131000,4348.343648330,2.076679667035506404048277317,50.90801262480674501044034214,-51.42718254156562161145241148,0.7182951725782670344813530288,-52.14547771414388864593376451,-1.024307864823898952029777504,stop,4,5038.655784766530612398100449
gold_zigzag_reversal,XAUUSD,60min,LONG,2026-06-16T11:00:00,2026-06-16T12:00:00,2026-06-18T03:00:00,4313.05831000,4293.276702160,4367.57512000,4367.42512000,2.547141681060911483724014847,50.38655784766530612398100449,138.4799678173191730624416076,0.8788776475397707112840233584,137.6010901697794023511575842,2.730908719460288320021614582,target,39,5176.256874936310014749258033
gold_zigzag_reversal,XAUUSD,60min,LONG,2026-06-19T08:00:00,2026-06-19T09:00:00,2026-06-19T10:00:00,4208.26986000,4184.035894150,4275.14856000,4183.785894150,2.135951212845465825705641998,51.76256874936310014749258033,-52.29655655257446660391899083,0.7190927289158414937581653162,-53.01564928149030809767715615,-1.024208237002199126231747166,stop,1,5123.241225654819706651580877
gold_zigzag_reversal,XAUUSD,60min,LONG,2026-06-25T03:00:00,2026-06-25T04:00:00,2026-07-01T23:00:00,3975.34768000,3939.518091550,4096.68169000,4096.53169000,1.429891172990802161070198080,51.23241225654819706651580877,173.2799462066290989951524948,0.4547451645761171225879518604,172.8252010420529818725645429,3.373356698033744788938539983,target,98,5296.066426696872688524145420
gold_zigzag_reversal,XAUUSD,60min,SHORT,2026-07-03T14:00:00,2026-07-03T15:00:00,2026-07-05T02:00:00,4178.41546000,4213.326764220,4100.37723000,4175.12876000,1.517006180382931763333631602,52.96066426696872688524145420,4.985944213064581826548646986,0.5070945661622072640030645940,4.478849646902374562545582392,0.08456936310928804366507279116,eod,35,5300.545276343775063086691002
