strategy,symbol,timeframe,direction,signal_time,entry_time,exit_time,entry_price,stop,target,exit_price,size,risk_amount,gross_pnl,commission,net_pnl,r_multiple,exit_reason,hold_bars,equity_after
scalp_vwap,XAUUSD,15min,SHORT,2025-07-19T13:45:00,2025-07-19T14:00:00,2025-07-19T14:30:00,3344.15000000,3346.883409035,3340.03318193,3347.133409035,36.58435262324359734912488134,100.000,-109.1460881558108993372812203,9.787485026001606086006077752,-118.9335731818125054232872981,-1.189335731818125054232872981,stop,2,9881.066426818187494576712702
scalp_vwap,XAUUSD,15min,SHORT,2025-07-19T14:45:00,2025-07-19T15:00:00,2025-07-19T16:15:00,3345.65000000,3347.863209220,3341.37358156,3348.113209220,44.64587594126409564919810293,98.81066426818187494576712702,-109.9721332534978988580666527,11.94955798743121772869917065,-121.9216912409291165867658234,-1.233892031228751161627638620,stop,5,9759.144735577258377989946879
scalp_vwap,XAUUSD,15min,LONG,2025-07-19T21:00:00,2025-07-19T21:15:00,2025-07-19T22:30:00,3349.75000000,3347.888058150,3355.42388370,3347.638058150,52.41379979496813167387556641,97.59144735577258377989946879,-110.6948973045146166983683604,14.04585006905555992596517429,-124.7407473735701766243335347,-1.278193435525389796679203489,stop,5,9634.403988203688201365613344
scalp_vwap,XAUUSD,15min,LONG,2025-07-19T22:45:00,2025-07-19T23:00:00,2025-07-21T02:30:00,3348.35000000,3345.910144220,3352.77971156,3352.62971156,39.48759622260824039921578211,96.34403988203688201365613344,168.9955220305088197877827976,10.57746342495762413925713312,158.4180586055511956485256645,1.644295368966439483566524576,target,14,9792.822046809239397014139008
scalp_vwap,XAUUSD,15min,SHORT,2025-07-28T08:00:00,2025-07-28T08:15:00,2025-07-28T09:00:00,3345.46000000,3348.710302195,3339.40939561,3348.960302195,30.12895866074766440913700644,97.92822046809239397014139008,-105.4604601332793100724256417,8.063618083294790509935319168,-113.5240782165741005823609609,-1.159258053234647001799781882,stop,3,9679.297968592665296431778047
scalp_vwap,XAUUSD,15min,SHORT,2025-07-28T09:15:00,2025-07-28T09:30:00,2025-07-28T11:00:00,3345.85000000,3349.940398015,3338.11920397,3350.190398015,23.66346241392028764817347010,96.79297968592665296431778047,-102.7088452894067248763611480,6.333951657409215554211296394,-109.0427969468159404305724444,-1.126556877375171521053067986,stop,6,9570.255171645849356001205603
scalp_vwap,XAUUSD,15min,SHORT,2025-07-28T11:45:00,2025-07-28T12:00:00,2025-07-28T12:45:00,3344.35000000,3349.047911050,3335.40417790,3349.297911050,20.37129922169524549853110906,95.70255171645849356001205603,-100.7953765218823049346448333,5.450300364166119542641001166,-106.2456768860484244772858345,-1.110165559648048253276315226,stop,3,9464.009494759800931523919768
scalp_vwap,XAUUSD,15min,LONG,2025-07-31T19:00:00,2025-07-31T19:15:00,2025-07-31T19:30:00,3318.61000000,3312.935263400,3328.54947320,3312.685263400,16.67744278167871427111510298,94.64009494759800931523919768,-98.80945564301768788301797344,4.427674271176543837381223352,-103.2371299141942317203991968,-1.090839247058621187809844778,stop,1,9360.772364845606699803520571
scalp_vwap,XAUUSD,15min,LONG,2025-07-31T19:45:00,2025-07-31T20:00:00,2025-07-31T20:30:00,3314.86000000,3309.982056730,3325.24588654,3309.732056730,19.18999842088283798307379776,93.60772364845606699803520571,-98.40522325367677649380365514,5.088972653235814745325760740,-103.4941959069125912391294159,-1.105615988436864293421764210,stop,2,9257.278168938694108564391155
scalp_vwap,XAUUSD,15min,SHORT,2025-08-01T01:30:00,2025-08-01T01:45:00,2025-08-01T11:45:00,3302.81000000,3308.433970180,3291.35205964,3291.50205964,16.46039696629169201705189545,92.57278168938694108564391155,186.1331871967513836923109368,4.349245096339029064867133664,181.7839421004123546274438031,1.963686720685990550540223525,target,40,9439.062111039106463191834958
scalp_vwap,XAUUSD,15min,LONG,2025-08-06T02:45:00,2025-08-06T03:00:00,2025-08-06T15:00:00,3381.34000000,3375.025127275,3393.51974545,3374.775127275,14.94735131188112182132987480,94.39062111039106463191834958,-98.12745893836134508725081830,4.043366150793288996746844708,-102.1708250891546340839976630,-1.082425604231002137893444242,stop,48,9336.891285949951829107837295
scalp_vwap,XAUUSD,15min,LONG,2025-08-09T14:00:00,2025-08-09T14:15:00,2025-08-09T14:45:00,3389.52000000,3386.955596420,3394.16880716,3386.705596420,36.40960166632567183168507858,93.36891285949951829107837295,-102.4713132760809362489996426,9.872885843203535294954656600,-112.3441991192844715439542992,-1.203229165668221380349188251,stop,2,9224.547086830667357563882996
scalp_vwap,XAUUSD,15min,SHORT,2025-08-09T15:30:00,2025-08-09T15:45:00,2025-08-09T20:00:00,3384.71000000,3389.467521485,3375.64495703,3389.717521485,19.38939659214311957555748799,92.24547086830667357563882996,-97.09282001634245346952820196,5.250198763151419060686814814,-102.3430187794938725302150168,-1.109463888211952026528788236,stop,17,9122.204068051173485033667979
scalp_vwap,XAUUSD,15min,SHORT,2025-08-09T20:30:00,2025-08-09T20:45:00,2025-08-09T21:15:00,3385.75000000,3388.946892095,3379.92621581,3389.196892095,28.53460109685426678448359696,91.22204068051173485033667979,-98.35569095472530154645757902,7.728882053093946701245227072,-106.0845730078192482477028061,-1.162926988000200238225431878,stop,2,9016.119495043354236785965173
scalp_vwap,XAUUSD,15min,LONG,2025-08-09T22:00:00,2025-08-09T22:15:00,2025-08-11T08:00:00,3388.99000000,3386.091818380,3394.33636324,3385.841818380,31.10957378524591649568864898,90.16119495043354236785965173,-97.93858839674502149178181396,8.434402756996844683577909960,-106.3729911537418661753597239,-1.179809021078534063714060818,stop,8,8909.746503889612370610605449
scalp_vwap,XAUUSD,15min,LONG,2025-08-13T18:15:00,2025-08-13T18:30:00,2025-08-13T18:45:00,3345.30000000,3341.924889780,3351.60022044,3351.45022044,26.39838678776425965315765436,89.09746503889612370610605449,162.3558980051336916203175164,7.064841865688622225416664090,155.2910561394450693949008523,1.742934617406361324697716094,target,1,9065.037560029057440005506301
scalp_vwap,XAUUSD,15min,LONG,2025-08-13T22:15:00,2025-08-13T22:30:00,2025-08-13T23:00:00,3350.63000000,3346.054505000,3359.33099000,3345.804505000,19.81214613944296177791803138,90.65037560029057440005506301,-95.60341213515131484453457083,5.310653697536141681755639478,-100.9140658326874565262902103,-1.113222809772494560697804281,stop,2,8964.123494196369983479216091
scalp_vwap,XAUUSD,15min,LONG,2025-08-16T14:45:00,2025-08-16T15:00:00,2025-08-16T18:00:00,3333.46000000,3331.692602360,3336.57479528,3331.442602360,50.71933610931137139845460069,89.64123494196369983479216091,-102.3210689692915426844058111,13.52567025175560672815139786,-115.8467392210471494125572090,-1.292337608869954132110304278,stop,12,8848.276754975322834066658882
scalp_vwap,XAUUSD,15min,LONG,2025-08-18T23:15:00,2025-08-18T23:30:00,2025-08-18T23:45:00,3339.15000000,3335.144462660,3346.68107468,3334.894462660,22.09011177255764349975241744,88.48276754975322834066658882,-94.00529549289263921560469317,5.900975738026868423375862776,-99.90627123091950763898055595,-1.129104276431486218525677256,stop,1,8748.370483744403326427678326
scalp_vwap,XAUUSD,15min,SHORT,2025-08-19T00:00:00,2025-08-19T00:15:00,2025-08-19T10:00:00,3332.66000000,3336.991791365,3324.44641727,3337.241791365,20.19573369675527603907968528,87.48370483744403326427678326,-92.53263826163285227404670456,5.384441108946275059551944316,-97.91707937057912733359864888,-1.119260776078489643510335590,stop,39,8650.453404373824199094079677
scalp_vwap,XAUUSD,15min,SHORT,2025-08-21T21:45:00,2025-08-21T22:00:00,2025-08-21T22:00:00,3327.51000000,3330.716319950,3321.51736010,3330.966319950,26.97938302873930032807262319,86.50453404373824199094079677,-93.24937980092306707295895258,7.181933345756824738773194752,-100.4313131466798918117321473,-1.160994787809619560892542867,stop,0,8550.022091227144307282347530
scalp_vwap,XAUUSD,15min,SHORT,2025-08-21T22:15:00,2025-08-21T22:30:00,2025-08-21T22:30:00,3329.70000000,3333.929913625,3321.72017275,3334.179913625,20.21323092909998678113042445,85.50022091227144307282347530,-90.55352864454643976810608140,5.384319601969938078810397944,-95.93784824651637784691647934,-1.122077197261918084674837775,stop,0,8454.084242980627929435431051
scalp_vwap,XAUUSD,15min,SHORT,2025-08-25T10:30:00,2025-08-25T10:45:00,2025-08-25T11:00:00,3355.25000000,3357.533001320,3351.13399736,3357.783001320,37.03057098092535456543420243,84.54084242980627929435431051,-93.79848517503761793571286113,9.939745862699983672453848616,-103.7382310377376016081667097,-1.227078274313043323163737811,stop,1,8350.346011942890327827264341
scalp_vwap,XAUUSD,15min,SHORT,2025-08-25T11:30:00,2025-08-25T11:45:00,2025-08-25T12:30:00,3353.97000000,3356.521049460,3349.31790108,3356.771049460,32.73298359312441683442415241,83.50346011942890327827264341,-91.68670601771000748687868152,8.782835598546520026412285960,-100.4695416162565275132909675,-1.203178185341808308177607815,stop,3,8249.876470326633800313973374
scalp_vwap,XAUUSD,15min,SHORT,2025-08-25T13:30:00,2025-08-25T13:45:00,2025-08-26T01:00:00,3358.64000000,3362.718058130,3350.93388374,3362.968058130,20.22991386424065956194198089,82.49876470326633800313973374,-87.55624316932650289362522898,5.435599832079459906489665176,-92.99184300140596280011489416,-1.127190732320434088564598269,stop,45,8156.884627325227837513858480
scalp_vwap,XAUUSD,15min,LONG,2025-08-26T11:45:00,2025-08-26T12:00:00,2025-08-27T05:45:00,3362.92000000,3356.043976150,3376.22204770,3376.07204770,11.86279280768525524749868120,81.56884627325227837513858480,156.0200168618934036017779608,3.191489855105671886153461198,152.8285270067877317156244996,1.873613934599717829658197011,target,71,8309.713154332015569229482980
scalp_vwap,XAUUSD,15min,SHORT,2025-08-27T15:00:00,2025-08-27T15:15:00,2025-08-27T16:15:00,3365.69000000,3370.888157545,3355.71368491,3371.138157545,15.98588169441873960984282361,83.09713154332015569229482980,-87.09360196692484059475553571,4.304281772807056617396151440,-91.39788373973189721215168715,-1.099892162849019613544629494,stop,4,8218.315270592283672017331293
scalp_vwap,XAUUSD,15min,SHORT,2025-08-27T16:45:00,2025-08-27T17:00:00,2025-08-27T18:00:00,3368.18000000,3372.437902955,3360.11419409,3372.687902955,19.30132123124512045629121506,82.18315270592283672017331293,-87.00848301373411683424611671,5.200825931572415185477675580,-92.20930894530653201972379229,-1.121997707672038758337553515,stop,4,8126.105961646977139997607501
scalp_vwap,XAUUSD,15min,SHORT,2025-08-27T19:45:00,2025-08-27T20:00:00,2025-08-28T00:15:00,3369.61000000,3373.102686920,3363.10462616,3373.352686920,23.26605890472134599455483832,81.26105961646977139997607501,-87.07757434265010789861478460,6.271803579675047574136954300,-93.34937792232515547275173890,-1.148759053388043151603178907,stop,17,8032.756583724651984524855762
scalp_vwap,XAUUSD,15min,LONG,2025-09-02T17:00:00,2025-09-02T17:15:00,2025-09-02T17:45:00,3500.69000000,3492.736293650,3516.14741270,3492.486293650,10.09938792085862207438027400,80.32756583724651984524855762,-82.85241281746117536384362613,2.828386104053645576764982512,-85.68079892151482094060860864,-1.066642540807406096907261355,stop,2,7947.075784803137163584247153
scalp_vwap,XAUUSD,15min,SHORT,2025-09-02T18:45:00,2025-09-02T19:00:00,2025-09-02T19:15:00,3491.71000000,3501.281696430,3471.99660714,3501.531696430,8.302682646615378673876567096,79.47075784803137163584247153,-81.54642850968521630431161331,2.319244801921070709548923848,-83.86567331160628701386053716,-1.055302297128953137933982723,stop,1,7863.210111491530876570386616
scalp_vwap,XAUUSD,15min,SHORT,2025-09-04T18:15:00,2025-09-04T18:30:00,2025-09-04T23:30:00,3554.77000000,3564.017488360,3536.72502328,3564.267488360,8.503076516974962568723240454,78.63210111491530876570386616,-80.75787024415904940788467627,2.418118504819767015233625078,-83.17598874897881642311830135,-1.057786674521426486012900480,stop,20,7780.034122742552060147268315
scalp_vwap,XAUUSD,15min,SHORT,2025-09-05T18:45:00,2025-09-05T19:00:00,2025-09-05T19:15:00,3550.40000000,3554.818911405,3542.04217719,3555.068911405,17.60622336519225159742089990,77.80034122742552060147268315,-82.20189706872358350082790813,5.000730834862285605718653040,-87.20262790358586910654656117,-1.120851483783029137240645810,stop,1,7692.831494838966191040721754
scalp_vwap,XAUUSD,15min,LONG,2025-09-08T10:30:00,2025-09-08T10:45:00,2025-09-08T13:45:00,3597.67000000,3592.275029620,3608.00994076,3592.025029620,14.25926548801360831760622522,76.92831494838966191040721754,-80.49313132039306398980877387,4.104010533460953458880191064,-84.59714185385401744868896493,-1.099687961586176493521360168,stop,12,7608.234352985112173592032789
scalp_vwap,XAUUSD,15min,SHORT,2025-09-10T09:30:00,2025-09-10T09:45:00,2025-09-10T10:45:00,3645.49000000,3652.844681265,3631.20063747,3631.35063747,10.34475061372372358490240133,76.08234352985112173592032789,146.2681792098797210284462871,3.016934793185895767322068402,143.2512444166938252611242187,1.882844793818539463246202282,target,4,7751.485597401805998853157008
scalp_vwap,XAUUSD,15min,SHORT,2025-09-12T01:30:00,2025-09-12T01:45:00,2025-09-12T02:15:00,3631.31000000,3640.970715675,3612.19856865,3641.220715675,8.023717763955211319117056002,77.51485597401805998853157008,-79.52078541500686281831083408,2.330928524274255873217836530,-81.85171393928111869152867061,-1.055948732804415134596122973,stop,2,7669.633883462524880161628337
scalp_vwap,XAUUSD,15min,LONG,2025-09-12T05:30:00,2025-09-12T05:45:00,2025-09-12T10:45:00,3636.60000000,3630.638999190,3649.96200162,3630.388999190,12.86635269466189668268410844,76.69633883462524880161628337,-79.91292700829072297228731049,3.743182256752596278099922300,-83.65610926504331925038723279,-1.090744493624720711957091648,stop,20,7585.977774197481560911241104
scalp_vwap,XAUUSD,15min,SHORT,2025-09-17T13:00:00,2025-09-17T13:15:00,2025-09-17T17:15:00,3690.33000000,3694.928624120,3681.55275176,3681.70275176,16.49619011304946915494202449,75.85977774197481560911241104,142.3167271195114337999078681,4.870110820791187800524576100,137.4466162987202459993832920,1.811851028172313417953368191,target,16,7723.424390496201806910624396
scalp_vwap,XAUUSD,15min,SHORT,2025-09-18T00:15:00,2025-09-18T00:30:00,2025-09-18T04:00:00,3693.01000000,3699.247346505,3680.95530699,3699.497346505,12.38254822672578426346481194,77.23424390496201806910624396,-80.32988096164346413497244693,3.658309954142447083425454812,-83.98819091578591121839790174,-1.087447570783948293730396176,stop,14,7639.436199580415895692226494
scalp_vwap,XAUUSD,15min,LONG,2025-09-19T15:00:00,2025-09-19T15:15:00,2025-09-19T16:15:00,3663.45000000,3655.649154225,3678.60169155,3655.399154225,9.793087083022630191265672720,76.39436199580415895692226494,-78.84263376655981650473868312,2.870118789943940365935378298,-81.71275255650375687067406142,-1.069617579383563700821915044,stop,4,7557.723447023912138821552433
scalp_vwap,XAUUSD,15min,LONG,2025-09-19T17:15:00,2025-09-19T17:30:00,2025-09-20T01:00:00,3658.36000000,3651.189610840,3673.24077832,3673.09077832,10.54018586492439712828857455,75.57723447023912138821552433,155.2651414277987576564635927,3.084783548864385398259663168,152.1803578789343722582039295,2.013574047074454742704648403,target,30,7709.903804902846511079756362
scalp_vwap,XAUUSD,15min,LONG,2025-10-01T02:00:00,2025-10-01T02:15:00,2025-10-01T04:00:00,3853.87000000,3840.854140570,3879.45171886,3840.604140570,5.923468862250033159031862994,77.09903804902846511079756362,-78.57990526459097340055552937,1.826262315532762823247850067,-80.40616758012373622380337944,-1.042894562821811298556717741,stop,7,7629.497637322722774855952983
scalp_vwap,XAUUSD,15min,LONG,2025-10-02T01:30:00,2025-10-02T01:45:00,2025-10-02T10:00:00,3874.83000000,3863.977120620,3896.08575876,3863.727120620,7.029929450227357797148900943,76.29497637322722774855952983,-78.05245873578406719784675507,2.179182522529957825050118068,-80.23164125831402502289687314,-1.051597956670555017262156285,stop,33,7549.265996064408749833056110
scalp_vwap,XAUUSD,15min,SHORT,2025-10-02T12:15:00,2025-10-02T12:30:00,2025-10-02T13:15:00,3869.40000000,3877.450369170,3853.74926166,3877.700369170,9.377540130950800545502258141,75.49265996064408749833056110,-77.83704499338178763470612564,2.902836302616082210461315012,-80.73988129599786984516744065,-1.069506377680813860117672094,stop,3,7468.526114768410879987888669
scalp_vwap,XAUUSD,15min,LONG,2025-10-02T22:30:00,2025-10-02T22:45:00,2025-10-03T00:15:00,3885.93000000,3878.323591150,3900.72281770,3878.073591150,9.818728209394648671807706825,74.68526114768410879987888669,-77.13994320003277096783081340,3.052391240858635769059017774,-80.19233444089140673688983117,-1.073737082907395912592839392,stop,6,7388.333780327519473250998838
scalp_vwap,XAUUSD,15min,SHORT,2025-10-07T18:45:00,2025-10-07T19:00:00,2025-10-07T19:30:00,3957.70000000,3965.754124465,3941.05175107,3966.004124465,9.173354363263517648222734335,73.88333780327519473250998838,-76.17667639409107414456567196,2.904430765079041903709689254,-79.08110715917011604827536121,-1.070351035976944019079049581,stop,2,7309.252673168349357202723477
scalp_vwap,XAUUSD,15min,LONG,2025-10-09T09:45:00,2025-10-09T10:00:00,2025-10-09T10:45:00,4038.68000000,4027.698245080,4060.16350984,4027.448245080,6.655814782259181356054814850,73.09252673168349357202723477,-74.75648042724828891104093848,2.150456483585160844725716772,-76.90693691083344975576665525,-1.052186048967117179118399047,stop,3,7232.345736257515907446956822
scalp_vwap,XAUUSD,15min,SHORT,2025-10-09T13:00:00,2025-10-09T13:15:00,2025-10-09T14:30:00,4036.44000000,4049.839233395,4010.06153321,4050.089233395,5.397581729531113901047886644,72.32345736257515907446956822,-73.67285279495793754973153988,1.742961183707885551579658526,-75.41581397866582310131119841,-1.042757311788731626911108074,stop,5,7156.929922278850084345645624
scalp_vwap,XAUUSD,15min,SHORT,2025-10-10T20:15:00,2025-10-10T20:30:00,2025-10-11T02:00:00,4004.64000000,4016.799347980,3980.80130404,4017.049347980,5.885948764728789416836514966,71.56929922278850084345645624,-73.04078641397069819766558498,1.885688468894679940019214503,-74.92647488286537813768479948,-1.046908041528062263746480919,stop,22,7082.003447395984706207960825
scalp_vwap,XAUUSD,15min,SHORT,2025-10-11T08:45:00,2025-10-11T09:00:00,2025-10-13T09:30:00,3963.95000000,4043.331492855,3812.50701429,4043.581492855,0.8921479292827271062799869317,70.82003447395984706207960825,-71.04307145628052883864960498,0.2829143827424212890350843358,-71.32598583902295012768468932,-1.007144184111476798454321535,stop,63,7010.677461556961756080276136
scalp_vwap,XAUUSD,15min,LONG,2025-10-14T17:45:00,2025-10-14T18:00:00,2025-10-15T09:45:00,4127.43000000,4102.549425370,4177.40114926,4177.25114926,2.817731328883283816697072859,70.10677461556961756080276136,140.3826131108722321506073471,0.9303991055018185698839999544,139.4522140053704135807233471,1.989140347278225221601322798,target,63,7150.129675562332169660999483
scalp_vwap,XAUUSD,15min,LONG,2025-10-17T12:45:00,2025-10-17T13:00:00,2025-10-17T23:00:00,4343.30000000,4292.568322285,4444.28335543,4292.318322285,1.409401383437439541745105774,71.50129675562332169660999483,-71.85364710148268158204627125,0.4897162422947064929329214326,-72.34336334377738807497919268,-1.011776941487258283155321822,stop,40,7077.786312218554781586020290
scalp_vwap,XAUUSD,15min,SHORT,2025-10-18T00:30:00,2025-10-18T00:45:00,2025-10-18T01:00:00,4308.87000000,4348.012822160,4231.27435568,4231.42435568,1.808195199438464500737986719,70.77786312218554781586020290,140.0368422768427854511004970,0.6233022439203533226635911068,139.4135400329224321284369059,1.969733669300660358925944139,target,1,7217.199852251477213714457196
scalp_vwap,XAUUSD,15min,SHORT,2025-10-21T18:30:00,2025-10-21T18:45:00,2025-10-21T19:00:00,4302.45000000,4321.362343765,4265.10531247,4265.25531247,3.816131909365955422455518800,72.17199852251477213714457196,141.9398339421289923581421671,1.313497338676124392587499749,140.6263366034528679655546674,1.948488880484348577512227767,target,1,7357.826188854930081680011863
scalp_vwap,XAUUSD,15min,LONG,2025-10-23T09:15:00,2025-10-23T09:30:00,2025-10-23T10:15:00,4109.14000000,4088.085191395,4147.19961721,4087.835191395,3.494606066904653338063441334,73.57826188854930081680011863,-74.45191340527546415131597897,1.148786045900846977405600746,-75.60069945117631112872157972,-1.027486889615447064758535239,stop,3,7282.225489403753770551290283
scalp_vwap,XAUUSD,15min,SHORT,2025-10-25T00:30:00,2025-10-25T00:45:00,2025-10-25T01:00:00,4100.25000000,4119.056879135,4062.96624173,4119.306879135,3.872107348130598687208126349,72.82225489403753770551290283,-73.79028173107018737731493442,1.270128652333798981378009605,-75.06041038340398635869294402,-1.030734498576337024989340423,stop,1,7207.165079020349784192597339
scalp_vwap,XAUUSD,15min,LONG,2025-10-25T01:30:00,2025-10-25T01:45:00,2025-10-25T04:45:00,4122.52000000,4102.765360660,4161.57927868,4102.515360660,3.648340501173811753423080889,72.07165079020349784192597339,-72.98373591549695078028174362,1.203228534631924994377737554,-74.18696445012887577465948117,-1.029350148591475120294451298,stop,12,7132.978114570220908417937858
scalp_vwap,XAUUSD,15min,SHORT,2025-10-27T09:00:00,2025-10-27T09:15:00,2025-10-27T09:30:00,4096.19000000,4104.901670775,4079.24665845,4079.39665845,8.187841688232554803378618102,71.32978114570220908417937858,137.5012220278179086422302278,2.683116419593704692804116934,134.8181056082242039494261109,1.890067562843592422143615730,target,1,7267.796220178445112367363969
scalp_vwap,XAUUSD,15min,SHORT,2025-10-29T02:15:00,2025-10-29T02:30:00,2025-10-29T11:30:00,3961.41000000,3981.434368740,3921.81126252,3981.684368740,3.629475822456536081729867290,72.67796220178445112367363969,-73.58533115739858514410610651,1.150227345427003727962041086,-74.73555850282558887206814760,-1.028311144653841407437046627,stop,36,7193.060661675619523495295821
scalp_vwap,XAUUSD,15min,SHORT,2025-10-30T05:30:00,2025-10-30T05:45:00,2025-10-30T06:00:00,3957.81000000,3977.024746995,3919.83050601,3977.274746995,3.743510473256491360580257185,71.93060661675619523495295821,-72.86648423507031807509802250,1.185288254892741925745451815,-74.05177248996306000084347432,-1.029489058593768905360494443,stop,1,7119.008889185656463494452347
scalp_vwap,XAUUSD,15min,SHORT,2025-10-30T06:15:00,2025-10-30T06:30:00,2025-10-30T15:30:00,3957.70000000,3980.072833150,3913.40433370,3980.322833150,3.181988102023483093599369353,71.19008889185656463494452347,-71.98558591736243540834436582,1.007468344910267123163057927,-72.99305426227270253150742375,-1.025326072750871071507543961,stop,36,7046.015834923383760962944923
scalp_vwap,XAUUSD,15min,SHORT,2025-10-30T15:45:00,2025-10-30T16:00:00,2025-10-30T20:00:00,3972.47000000,3992.859104105,3932.68179179,3993.109104105,3.455775103524777338892764912,70.46015834923383760962944923,-71.32410212511503194435264045,1.098237034039925778834507346,-72.42233915915495772318714780,-1.027848089699083911759741343,stop,16,6973.593495764228803239757775
scalp_vwap,XAUUSD,15min,LONG,2025-10-31T14:15:00,2025-10-31T14:30:00,2025-10-31T19:00:00,3998.27000000,3982.389157390,4029.55168522,4029.40168522,4.391198670637935881690447516,69.73593495764228803239757775,136.7054147527826764593301735,1.404575832708123191814917247,135.3008389200745532675152563,1.940188211461658708548840659,target,18,7108.894334684303356507273031
scalp_vwap,XAUUSD,15min,LONG,2025-11-01T21:00:00,2025-11-01T21:15:00,2025-11-01T21:45:00,4004.99000000,4002.347560370,4009.82487926,4009.67487926,26.90276914551233610020930935,71.08894334684303356507273031,126.0362252063786654700198750,8.619625712006836076638182552,117.4165994943718293933816924,1.651685817321775483665448961,target,2,7226.310934178675185900654723
scalp_vwap,XAUUSD,15min,LONG,2025-11-01T23:15:00,2025-11-01T23:30:00,2025-11-01T23:45:00,4006.14000000,4003.245952640,4011.44809472,4002.995952640,24.96956696029561584610921752,72.26310934178675185900654723,-78.50550108186065582053385162,8.002526478585494277258558456,-86.50802756044615009779241008,-1.197125730520180568157668298,stop,1,7139.802906618229035802862313
scalp_vwap,XAUUSD,15min,SHORT,2025-11-03T12:30:00,2025-11-03T12:45:00,2025-11-03T13:15:00,3991.83000000,4003.590163125,3968.75967375,4003.840163125,6.071176760669490318658196600,71.39802906618229035802862313,-72.91582325634966293769317228,1.938808442283463323098347914,-74.85463169863312626079152019,-1.048413137976774450566985651,stop,2,7064.948274919595909542070793
scalp_vwap,XAUUSD,15min,SHORT,2025-11-03T14:15:00,2025-11-03T14:30:00,2025-11-03T16:30:00,4000.47000000,4012.975071355,3975.93985729,4013.225071355,5.649666502778300947601486751,70.64948274919595909542070793,-72.06189937489053433232107961,1.808105708349560767348105576,-73.87000508324009509966918519,-1.045584513979768490493351527,stop,8,6991.078269836355814442401608
scalp_vwap,XAUUSD,15min,LONG,2025-11-03T22:15:00,2025-11-03T22:30:00,2025-11-04T03:15:00,4003.67000000,3991.752428950,4027.02514210,3991.502428950,5.866193908561892579983738891,69.91078269836355814442401608,-71.37733117550403128941995080,1.878904365271359397256279671,-73.25623554077539068667623047,-1.047853173906607420645501417,stop,19,6917.822034295580423755725378
scalp_vwap,XAUUSD,15min,SHORT,2025-11-04T15:00:00,2025-11-04T15:15:00,2025-11-04T17:00:00,3984.80000000,3996.967680005,3960.91463999,3961.06463999,5.685407597383294617432475270,69.17822034295580423755725378,134.9451961274816317046550224,1.812416975524236191323594197,133.1327791519573955133314282,1.924489795949396353310821638,target,7,7050.954813447537819269056806
scalp_vwap,XAUUSD,15min,SHORT,2025-11-04T19:00:00,2025-11-04T19:15:00,2025-11-05T01:15:00,3984.46000000,3998.374260740,3957.11147852,3957.26147852,5.067430419194184095237140716,70.50954813447537819269056806,137.8266151048584204053817375,1.615277904644996700808686216,136.2113372002134237045730513,1.931814070633838071946321743,target,24,7187.166150647751242973629857
scalp_vwap,XAUUSD,15min,LONG,2025-11-05T16:15:00,2025-11-05T16:30:00,2025-11-05T16:45:00,3966.86000000,3956.430874810,3988.13825038,3956.180874810,6.891437220006898050260752366,71.87166150647751242973629857,-73.59452081147923694230148666,2.186989332044525087972589450,-75.78151014352376203027407611,-1.054400420904334738357858374,stop,1,7111.384640504227480943355781
scalp_vwap,XAUUSD,15min,LONG,2025-11-05T17:30:00,2025-11-05T17:45:00,2025-11-06T03:45:00,3962.20000000,3951.591428060,3982.99714388,3982.84714388,6.703432545610118642362108336,71.11384640504227480943355781,138.4067362590867819927207139,2.124827234577312966781371652,136.2819090245094690259393422,1.916390631555636130229230457,target,40,7247.666549528736949969295123
scalp_vwap,XAUUSD,15min,LONG,2025-11-07T01:30:00,2025-11-07T01:45:00,2025-11-07T02:00:00,3988.15000000,3978.218517595,4007.56296481,3977.968517595,7.297668418442651361641610967,72.47666549528736949969295123,-74.30108259989803234010335398,2.328335704240964802234479262,-76.62941830413899714233783324,-1.057297790681631882727984353,stop,1,7171.037131224597952826957290
scalp_vwap,XAUUSD,15min,SHORT,2025-11-07T03:30:00,2025-11-07T03:45:00,2025-11-07T05:15:00,3975.60000000,3986.829643745,3953.56071251,3987.079643745,6.385809999019339284326474677,71.71037131224597952826957290,-73.30682381200081434935119156,2.030994098568102820701466618,-75.33781791056891717005265818,-1.050584685756653983683433405,stop,6,7095.699313314029035656904632
scalp_vwap,XAUUSD,15min,SHORT,2025-11-07T06:45:00,2025-11-07T07:00:00,2025-11-07T12:00:00,3981.16000000,3991.787577715,3960.35484457,3992.037577715,6.676685415622979554618956397,70.95699313314029035656904632,-72.62616448704603524522378542,2.126476232740926502693344356,-74.75264071978696174791712978,-1.053492227038492185704990632,stop,20,7020.946672594242073908987502
scalp_vwap,XAUUSD,15min,SHORT,2025-11-12T03:15:00,2025-11-12T03:30:00,2025-11-12T06:45:00,4110.19900000,4121.617852255,4088.13142549,4121.867852255,6.148557241836598291208022554,70.20946672594242073908987502,-71.74660603640157031189188065,2.021743506147163556793993848,-73.76834954254873386868587450,-1.050689500754907525511196834,stop,13,6947.178323051693340040301628
scalp_vwap,XAUUSD,15min,SHORT,2025-11-12T18:15:00,2025-11-12T18:30:00,2025-11-12T19:30:00,4122.68935000,4131.550837570,4105.79059486,4131.800837570,7.839742783786010930487940218,69.47178323051693340040301628,-71.43171892646343613302500133,2.585665926516315195368497716,-74.01738485297975132839349905,-1.065430904621807193935949966,stop,4,6873.160938198713588711908129
scalp_vwap,XAUUSD,15min,LONG,2025-11-14T02:00:00,2025-11-14T02:15:00,2025-11-14T05:30:00,4200.40837000,4183.938956855,4233.63774629,4183.688956855,4.173288311906461430087530984,68.73160938198713588711908129,-69.77493145996375124464096403,1.402361212460405699841746798,-71.17729267242415694448271083,-1.035583093607553069857729894,stop,13,6801.983645526289431767425418
scalp_vwap,XAUUSD,15min,LONG,2025-11-17T11:30:00,2025-11-17T11:45:00,2025-11-17T11:45:00,4090.54390000,4083.808613130,4102.92454374,4083.558613130,10.09902588681614600888918844,68.01983645526289431767425418,-70.54459292696693081989655129,3.304840698980630118253681244,-73.84943362594756093815023253,-1.085704369114718939952144904,stop,0,6728.134211900341870829275185
scalp_vwap,XAUUSD,15min,LONG,2025-11-17T13:15:00,2025-11-17T13:30:00,2025-11-17T14:00:00,4088.92491000,4080.623906715,4106.05179657,4080.373906715,8.105206058715999979066717337,67.28134211900341870829275185,-69.30764363368241870305943118,2.651326316333341994397230326,-71.95896995001576069745666151,-1.069523402531697709116133665,stop,2,6656.175241950326110131818523
scalp_vwap,XAUUSD,15min,LONG,2025-11-19T00:30:00,2025-11-19T00:45:00,2025-11-19T03:00:00,4064.13766000,4050.432484595,4091.04521081,4050.182484595,4.856687379223167344885082500,66.56175241950326110131818523,-67.77592426430905293753945586,1.579059686459806076066373773,-69.35498395076885901360582963,-1.041964513098473547044690305,stop,9,6586.820257999557251118212693
scalp_vwap,XAUUSD,15min,LONG,2025-11-19T03:15:00,2025-11-19T03:30:00,2025-11-19T16:15:00,4060.92038000,4046.156238165,4090.05197367,4089.90197367,4.461363438262822169046314024,65.86820257999557251118212693,129.2974223819272427707683245,1.449379336722269307407678542,127.8480430452049734633606460,1.940967538774663905143932128,target,51,6714.668301044762224581573339
scalp_vwap,XAUUSD,15min,SHORT,2025-11-20T05:15:00,2025-11-20T05:30:00,2025-11-20T10:30:00,4079.96969000,4095.680021575,4050.01554685,4095.930021575,4.274046202646593233715102757,67.14668301044762224581573339,-68.21519456110927055424450909,1.395038316836615854025336427,-69.61023287794588640826984552,-1.036689077658757179986508337,stop,20,6645.058068166816338173303493
scalp_vwap,XAUUSD,15min,LONG,2025-11-22T01:30:00,2025-11-22T01:45:00,2025-11-22T03:45:00,4069.67495000,4055.866139660,4096.06290068,4095.91290068,4.812187222905124163051763294,66.45058068166816338173303493,126.2619310175108141094284436,1.566723023661364002640918130,124.6952079938494501067875255,1.876510433990072456886246148,target,8,6769.753276160665788280091018
scalp_vwap,XAUUSD,15min,LONG,2025-11-24T11:45:00,2025-11-24T12:00:00,2025-11-24T12:00:00,4067.60489000,4062.564976335,4077.41312733,4062.314976335,13.43228024554001122612502335,67.69753276160665788280091018,-71.05560282299166068933216602,4.370976704848716028323283258,-75.42657952784037671765544928,-1.114170287319792808395260477,stop,0,6694.326696632825411562435569
scalp_vwap,XAUUSD,15min,LONG,2025-11-24T20:30:00,2025-11-24T20:45:00,2025-11-25T02:00:00,4070.14613000,4061.104371675,4087.72747665,4087.57747665,7.403788572985139382789724773,66.94326696632825411562435569,129.0580051390127898799747366,2.410760112613895008509774952,126.6472450263988948714649616,1.891859342480269179280458151,target,21,6820.973941659224306433900531
scalp_vwap,XAUUSD,15min,SHORT,2025-11-27T17:30:00,2025-11-27T17:45:00,2025-11-27T18:15:00,4155.35815000,4162.000404075,4142.42704185,4162.250404075,10.26906508640174880156763731,68.20973941659224306433900531,-70.77700568819268026473091464,3.413731463972796884547745158,-74.19073715216547714927865980,-1.087685391950322225516493812,stop,2,6746.783204507058829284621871
scalp_vwap,XAUUSD,15min,LONG,2025-11-28T19:30:00,2025-11-28T19:45:00,2025-11-28T21:30:00,4165.28513000,4159.163735870,4178.03857826,4158.913735870,11.02164484303032261914594588,67.46783204507058829284621871,-70.22324325582816894763270519,3.672663469825230955570500934,-73.89590672565339990320320612,-1.095276141025083774502851690,stop,7,6672.887297781405429381418665
scalp_vwap,XAUUSD,15min,SHORT,2025-11-28T21:45:00,2025-11-28T22:00:00,2025-11-28T22:00:00,4163.21490000,4171.367617345,4147.42447531,4171.617617345,8.184862807581372648926808421,66.72887297781405429381418665,-68.77508867970939745604588875,2.726027423598288285957164626,-71.50111610330768574200305338,-1.071516914830560705523883215,stop,0,6601.386181678097743639415612
scalp_vwap,XAUUSD,15min,LONG,2025-12-01T09:15:00,2025-12-01T09:30:00,2025-12-01T10:00:00,4216.49543000,4215.889702045,4217.52694591,4215.639702045,108.9826897898099773790267879,66.01386181678097743639415612,-93.25953426423347178115085310,36.76200107582731441496558632,-130.0215353400607861961164394,-1.969609590496776725452600252,stop,2,6471.364646338036957443299173
scalp_vwap,XAUUSD,15min,LONG,2025-12-01T16:30:00,2025-12-01T16:45:00,2025-12-01T18:45:00,4225.23947000,4215.372510965,4244.68178807,4244.53178807,6.558621175361996379711633386,64.71364646338036957443299173,126.5310058157208815475853262,2.216939604713383891324376048,124.3140662110074976562609502,1.920986886148554887559640103,target,8,6595.678712549044455099560123
scalp_vwap,XAUUSD,15min,SHORT,2025-12-03T01:30:00,2025-12-03T01:45:00,2025-12-03T02:15:00,4217.21856000,4228.618793240,4195.06660352,4195.21660352,5.785564710559416988822555110,65.95678712549044455099560123,127.2937429739520890422465040,1.951919270196176104643343357,125.3418237037559129376031606,1.900362785489816873255480867,target,2,6721.020536252800368037163284
scalp_vwap,XAUUSD,15min,LONG,2025-12-03T12:00:00,2025-12-03T12:15:00,2025-12-03T16:30:00,4216.61807000,4208.567866775,4232.30987645,4208.317866775,8.348883063449370705839743920,67.21020536252800368037163284,-69.29742612839034635683156882,2.816324095172605843869801500,-72.11375022356295220070137032,-1.072958337719480367528237152,stop,17,6648.906786029237415836461914
scalp_vwap,XAUUSD,15min,LONG,2025-12-03T17:15:00,2025-12-03T17:30:00,2025-12-03T18:30:00,4209.87458000,4202.193952110,4224.91726578,4201.943952110,8.656722967514101787629320907,66.48906786029237415836461914,-68.65324860217089960527194937,2.915497437363182632581858924,-71.56874603953408223785380829,-1.076398697450762713619758501,stop,4,6577.338039989703333598608106
scalp_vwap,XAUUSD,15min,SHORT,2025-12-03T19:15:00,2025-12-03T19:30:00,2025-12-03T23:30:00,4206.14970000,4213.227055205,4192.78452959,4213.477055205,9.293497146141477766338291489,65.77338039989703333598608106,-68.09675468643240277757065393,3.127187218655506629155237988,-71.22394190508790940672589192,-1.082868806074005720333207439,stop,16,6506.114098084615424191882214
scalp_vwap,XAUUSD,15min,LONG,2025-12-04T02:00:00,2025-12-04T02:15:00,2025-12-04T03:45:00,4216.71701000,4202.787248870,4243.81738226,4202.537248870,4.670657333866726129704912043,65.06114098084615424191882214,-66.22880531431283577434505016,1.575587218207765851531053511,-67.80439253252060162587610367,-1.042164209085759103752843750,stop,6,6438.309705552094822566006110
scalp_vwap,XAUUSD,15min,LONG,2025-12-04T04:00:00,2025-12-04T04:15:00,2025-12-04T05:45:00,4211.80501000,4196.618464530,4241.79305094,4196.368464530,4.239482717297717887494005646,64.38309705552094822566006110,-65.44296773484537769753356251,1.428469963881835348809109546,-66.87143769872721304634267206,-1.038648973985523516165391628,stop,6,6371.438267853367609519663438
scalp_vwap,XAUUSD,15min,SHORT,2025-12-04T21:15:00,2025-12-04T21:30:00,2025-12-05T00:00:00,4200.43325000,4207.574567140,4186.57556572,4186.72556572,8.921937148212644158693200731,63.71438267853367609519663438,122.2990975937024924313526130,2.998080116141005487567455752,119.3010174775614869437851572,1.872434644458319071375116103,target,10,6490.739285330929096463448595
scalp_vwap,XAUUSD,15min,LONG,2025-12-06T03:15:00,2025-12-06T03:30:00,2025-12-06T07:30:00,4216.99438000,4201.855072245,4246.65565551,4201.605072245,4.287342189200994346563138874,64.90739285330929096463448595,-65.97922840060953955127527067,1.446375833359799187989482316,-67.42560423396933873926475299,-1.038796988601147569445126192,stop,16,6423.313681096959757724183842
scalp_vwap,XAUUSD,15min,LONG,2025-12-08T13:00:00,2025-12-08T13:15:00,2025-12-08T14:15:00,4201.14948000,4195.463314135,4211.87528173,4211.72528173,11.29638817016281278971130372,64.23313681096959757724183842,119.4683615527594098830949321,3.796625222956612197346639438,115.6717363298027976857482927,1.800810953234477974553420806,target,4,6538.985417426762555409932135
scalp_vwap,XAUUSD,15min,SHORT,2025-12-09T03:30:00,2025-12-09T03:45:00,2025-12-09T17:00:00,4193.95220000,4205.348205745,4171.75037851,4171.90037851,5.737962549111335636142163190,65.38985417426762555409932135,126.5325258493085315836825749,1.925179252509047530890945986,124.6073465967994840527916289,1.905606736248622345705916454,target,53,6663.592764023562039462723764
scalp_vwap,XAUUSD,15min,LONG,2025-12-09T21:00:00,2025-12-09T21:15:00,2025-12-10T00:30:00,4204.48159000,4197.414446065,4218.02385787,4197.164446065,9.428975588033728139234118718,66.63592764023562039462723764,-68.99317153724405242943576732,3.171516341795778740837984708,-72.16468787903983117027375203,-1.082969659680491564800710402,stop,13,6591.428076144522208292450012
scalp_vwap,XAUUSD,15min,SHORT,2025-12-10T23:15:00,2025-12-10T23:30:00,2025-12-11T00:30:00,4197.67457000,4203.279182620,4187.02295476,4203.529182620,11.76072018362711071419678246,65.91428076144522208292450012,-68.85446080735199976147369575,3.949414083175780240604669736,-72.80387489052778000207836549,-1.104523542538788345375420434,stop,4,6518.624201253994428290371647
scalp_vwap,XAUUSD,15min,LONG,2025-12-11T15:30:00,2025-12-11T15:45:00,2025-12-12T01:15:00,4212.39889000,4203.002152460,4230.74950508,4230.59950508,6.937114262801889886870642177,65.18624201253994428290371647,126.2597464632351601274773040,2.337751393634387939948489494,123.9219950696007721875288145,1.901045239665170003247744216,target,38,6642.546196323595200477900462
scalp_vwap,XAUUSD,15min,LONG,2025-12-13T03:15:00,2025-12-13T03:30:00,2025-12-13T03:30:00,4291.29887000,4270.799360370,4332.61363926,4270.549360370,3.240343947838909940051039388,66.42546196323595200477900462,-67.23554795019567948979176447,1.112422745741796253421823446,-68.34797069593747574321358792,-1.028942346441874375704273859,stop,0,6574.198225627657724734686874
scalp_vwap,XAUUSD,15min,LONG,2025-12-13T03:45:00,2025-12-13T04:00:00,2025-12-15T12:45:00,4280.11361000,4258.081679300,4324.29672140,4324.14672140,2.983941042274455649379237959,65.74198225627657724734686874,131.3922083255032149834753259,1.021728533318118638419957155,130.3704797921850963450553687,1.983062805803033866659720384,target,131,6704.568705419842821079742243
scalp_vwap,XAUUSD,15min,LONG,2025-12-16T02:00:00,2025-12-16T02:15:00,2025-12-16T02:15:00,4325.54113000,4315.444198435,4345.48470313,4315.194198435,6.640204167234882928593705134,67.04568705419842821079742243,-68.70573809600714894294584871,2.297798098957750758269353970,-71.00353619496489970121520268,-1.059032121448274865077784649,stop,0,6633.565169224877921378527040
scalp_vwap,XAUUSD,15min,SHORT,2025-12-16T02:45:00,2025-12-16T03:00:00,2025-12-16T03:15:00,4318.25946000,4329.822704185,4296.02400163,4296.17400163,5.736768214088248903807549438,66.33565169224877921378527040,126.6991555705852686712397676,1.981828288825110888296126430,124.7173272817601577829436412,1.880095003217299955341209462,target,1,6758.282496506638079161470681
scalp_vwap,XAUUSD,15min,SHORT,2025-12-16T06:15:00,2025-12-16T06:30:00,2025-12-16T13:45:00,4310.52908000,4321.035648565,4289.93702287,4290.08702287,6.432435532777240367403884811,67.58282496506638079161470681,131.4922146460743351542124031,2.218176033540927021267546366,129.2740386125334081329448567,1.912823837703666097000338759,target,29,6887.556535119171487294415538
scalp_vwap,XAUUSD,15min,LONG,2025-12-17T01:00:00,2025-12-17T01:15:00,2025-12-17T03:15:00,4319.60226000,4309.854199905,4339.00451019,4309.604199905,7.065566346530787864715575020,68.87556535119171487294415538,-70.64195693782441183912304913,2.441634908692346753600477768,-73.08359184651675859272352690,-1.061096071935941424866646762,stop,8,6814.472943272654728701692011
scalp_vwap,XAUUSD,15min,LONG,2025-12-17T04:00:00,2025-12-17T04:15:00,2025-12-17T16:15:00,4306.38108000,4290.840821140,4335.68205772,4335.53205772,4.385044679540592111283332903,68.14472943272654728701692011,127.8283397544923404716281981,1.510693875434261516802223946,126.3176458790580789548259742,1.853667142427510374174037409,target,48,6940.790589151712807656517985
scalp_vwap,XAUUSD,15min,SHORT,2025-12-24T02:00:00,2025-12-24T02:15:00,2025-12-24T02:30:00,4441.78641000,4454.372863690,4416.46161262,4454.622863690,5.514492612534859934527370422,69.40790589151712807656517985,-70.78652904465084306019702246,1.959535867552218920674973097,-72.74606491220306198087199556,-1.048094795222656557519976066,stop,1,6868.044524239509745675645989
scalp_vwap,XAUUSD,15min,LONG,2025-12-24T14:15:00,2025-12-24T14:30:00,2025-12-25T00:15:00,4492.32915000,4478.799109545,4519.20653091,4478.549109545,5.076144854911677162221497577,68.68044524239509745675645989,-69.94948145612301674731183428,1.824297080107379839298952986,-71.77377853623039658661078727,-1.045039505537827307257670724,stop,39,6796.270745703279349089035202
scalp_vwap,XAUUSD,15min,SHORT,2025-12-25T04:15:00,2025-12-25T04:30:00,2025-12-26T10:15:00,4477.03708000,4491.294856820,4450.16477636,4491.544856820,4.766711410554453712573286865,67.96270745703279349089035202,-69.15438530967140691903367373,1.707259498776911410426741401,-70.86164480844831832946041513,-1.042654824386569406267365041,stop,119,6725.409100894831030759574787
scalp_vwap,XAUUSD,15min,LONG,2025-12-30T23:00:00,2025-12-30T23:15:00,2025-12-31T00:30:00,4396.63574000,4385.466601095,4418.96000781,4385.216601095,6.021421309286538084074060306,67.25409100894831030759574787,-68.75944633626994482861426294,2.117919690720542979304891068,-70.87736602699048780791915401,-1.053874418101347804842256996,stop,5,6654.531734867840542951655633
scalp_vwap,XAUUSD,15min,LONG,2025-12-31T00:45:00,2025-12-31T01:00:00,2025-12-31T01:30:00,4388.20554000,4375.621003935,4413.14961213,4375.371003935,5.287864169562329068625586741,66.54531734867840542951655633,-67.86728339106898769667295301,1.856338787491272943539667194,-69.72362217856026064021262020,-1.047761509847919848605082447,stop,2,6584.808112689280282311443013
scalp_vwap,XAUUSD,15min,LONG,2025-12-31T03:15:00,2025-12-31T03:30:00,2025-12-31T06:45:00,4370.45057000,4355.087510830,4399.48735834,4354.837510830,4.286130802351964307582265865,65.84808112689280282311443013,-66.91961382748079390000999659,1.498585824658695979895405534,-68.41819965213948987990540212,-1.039031031447885779378925610,stop,13,6516.389913037140792431537611
scalp_vwap,XAUUSD,15min,SHORT,2025-12-31T07:30:00,2025-12-31T07:45:00,2025-12-31T12:30:00,4347.37761000,4361.047017730,4321.09749454,4361.297017730,4.767134057122122870814050706,65.16389913037140792431537611,-66.35568264465193864201888879,1.657962549104094240339674121,-68.01364519375603288235856291,-1.043731975854962664135851334,stop,19,6448.376267843384759549179048
scalp_vwap,XAUUSD,15min,SHORT,2025-12-31T13:45:00,2025-12-31T14:00:00,2025-12-31T16:45:00,4349.31800000,4364.165361500,4320.29674700,4320.44674700,4.343112591313537263539504341,64.48376267843384759549179048,125.3911024312987366605767053,1.511166221554128901118648795,123.8799362097446077594580565,1.921102787185453792581260987,target,11,6572.256204053129367308637104
scalp_vwap,XAUUSD,15min,SHORT,2026-01-02T09:45:00,2026-01-02T10:00:00,2026-01-02T10:00:00,4312.84577000,4315.686458785,4314.01903243,4315.936458785,23.13613599193735461348201543,65.72256204053129367308637104,-71.50659603851563232645687489,7.982606899757741915979671618,-79.48920293827337424243654651,-1.209465980484025461451596501,stop,0,6492.767001114855993066200557
scalp_vwap,XAUUSD,15min,SHORT,2026-01-03T02:15:00,2026-01-03T02:30:00,2026-01-05T10:00:00,4336.56737000,4351.968747315,4306.55178537,4352.218747315,4.215705432261112027087689434,64.92767001114855993066200557,-65.98159636921383793743392792,1.462535249526022698926642410,-67.44413161873986063636057033,-1.038757922579991022056198485,stop,126,6425.322869496116132429839987
scalp_vwap,XAUUSD,15min,LONG,2026-01-07T12:15:00,2026-01-07T12:30:00,2026-01-07T12:30:00,4476.54707000,4467.361236835,4494.34063633,4467.111236835,6.994817730827050278165856485,64.25322869496116132429839987,-66.00193312766792389383986399,2.505010465449430447957283986,-68.50694359311735434179714798,-1.066202352544032950548367596,stop,0,6356.815925902998778088042839
scalp_vwap,XAUUSD,15min,LONG,2026-01-07T13:00:00,2026-01-07T13:15:00,2026-01-07T16:00:00,4474.09246000,4463.343461475,4495.21575705,4463.093461475,5.913868079075765598440290826,63.56815925902998778088042839,-65.04662627879892918049050110,2.116735406562205330616727436,-67.16336168536113451110722854,-1.056556654593084521797345767,stop,11,6289.652564217637643576935610
scalp_vwap,XAUUSD,15min,SHORT,2026-01-07T19:45:00,2026-01-07T20:00:00,2026-01-07T22:45:00,4468.39207000,4478.591459685,4448.57043063,4448.72043063,6.166695026338370209625867050,62.89652564217637643576935610,121.3090006629010703573113592,2.204416892303905166513316960,119.1045837705971651907980422,1.893659189510612369547874569,target,11,6408.757147988234808767733652
scalp_vwap,XAUUSD,15min,SHORT,2026-01-08T03:45:00,2026-01-08T04:00:00,2026-01-08T13:30:00,4464.15342000,4478.847658340,4435.15371332,4435.30371332,4.361408192585662666451436946,64.08757147988234808767733652,125.8253470678453187005506324,1.557599623915784370832440121,124.2677474439295343297181923,1.939030370076330203311511008,target,38,6533.024895432164343097451844
scalp_vwap,XAUUSD,15min,LONG,2026-01-11T12:30:00,2026-01-11T12:45:00,2026-01-12T07:45:00,4509.96268000,4509.458848260,4510.61427348,4509.208848260,129.6667989879352250236845310,65.33024895432164343097451844,-97.74694870130544968689565121,46.78339394165197080913754808,-144.5303426429574204960331993,-2.212303564678160212772621273,stop,76,6388.494552789206922601418645
scalp_vwap,XAUUSD,15min,LONG,2026-01-12T09:45:00,2026-01-12T10:00:00,2026-01-12T10:00:00,4509.37139000,4509.362414075,4511.00205185,4509.112414075,7117.366235557011586662565301,63.88494552789206922601418645,-1843.226504417144965891655512,2567.587813981823101023574204,-4410.814318398968066915229716,-69.04309429947331333539440225,stop,0,1977.680234390238855686188929
scalp_vwap,XAUUSD,15min,SHORT,2026-01-13T12:45:00,2026-01-13T13:00:00,2026-01-13T13:45:00,4579.53385000,4591.327216645,4556.62661671,4591.577216645,1.676942889949673786035496337,19.77680234390238855686188929,-20.19603806638980700337076337,0.6143693383233084719685770222,-20.81040740471311547533934039,-1.052263507661005141250740788,stop,3,1956.869826985525740210849589
scalp_vwap,XAUUSD,15min,SHORT,2026-01-13T18:15:00,2026-01-13T18:30:00,2026-01-13T19:30:00,4584.21882000,4594.202843615,4565.09566277,4594.452843615,1.960001200363272318052153955,19.56869826985525740210849589,-20.05869856994607548162153438,0.7188059511942323037759767922,-20.77750452114030778539751117,-1.061772440589324467458203223,stop,4,1936.092322464385432425452078
scalp_vwap,XAUUSD,15min,SHORT,2026-01-14T07:15:00,2026-01-14T07:30:00,2026-01-14T11:00:00,4588.59194000,4602.800248210,4560.87252358,4603.050248210,1.362648032298269965826882973,19.36092322464385432425452078,-19.70158523271842181571124153,0.5002108622448560992909848516,-20.20179609496327791500222638,-1.043431444903882754384591155,stop,14,1915.890526369422154510449852
scalp_vwap,XAUUSD,15min,SHORT,2026-01-15T13:15:00,2026-01-15T13:30:00,2026-01-15T14:15:00,4611.30143000,4623.368542170,4587.01009566,4587.16009566,1.587695961866095883411722568,19.15890526369422154510449852,38.32909904567731103194005439,0.5857075727486682732554871646,37.74339147292864275868456723,1.970018169276701104867578272,target,3,1953.633917842350797269134419
scalp_vwap,XAUUSD,15min,SHORT,2026-01-16T17:00:00,2026-01-16T17:15:00,2026-01-16T22:30:00,4605.15243000,4613.735935925,4588.48686815,4613.985935925,2.276032584951411677704567343,19.53633917842350797269134419,-20.10534732466136089211748602,0.8385181591478539935609252096,-20.94386548380921488567841123,-1.072046573952822197183955459,stop,21,1932.690052358541582383456008
scalp_vwap,XAUUSD,15min,SHORT,2026-01-17T04:00:00,2026-01-17T04:15:00,2026-01-19T10:00:00,4590.35981000,4609.645271755,4552.29816649,4609.895271755,1.002148705025155661554682857,19.32690052358541582383456008,-19.57743769984170473922323079,0.3680178511352815670235662644,-19.94545555097698630624679705,-1.032004874585902804586490441,stop,215,1912.744596807564596077209211
scalp_vwap,XAUUSD,15min,SHORT,2026-01-22T06:15:00,2026-01-22T06:30:00,2026-01-22T06:45:00,4811.62029000,4834.804745995,4765.39999801,4765.54999801,0.8250116359081577821068081572,19.12744596807564596077209211,38.00852696143639784465144917,0.3175714181457427648725213660,37.69095554329065507977892780,1.970516900489387566499163829,target,1,1950.435552350855251156988139
scalp_vwap,XAUUSD,15min,LONG,2026-01-22T18:15:00,2026-01-22T18:30:00,2026-01-22T19:30:00,4836.65096000,4823.496055100,4862.64153980,4823.246055100,1.482667922860358535284423180,19.50435552350855251156988139,-19.87502250422364214539098718,0.5736917785971007244502079398,-20.44871428282074286984119512,-1.048417839706313650355617546,stop,4,1929.986838068034508287146944
scalp_vwap,XAUUSD,15min,LONG,2026-01-22T20:00:00,2026-01-22T20:15:00,2026-01-22T20:30:00,4833.85113000,4822.249785040,4856.71985992,4821.999785040,1.663588872430213908825228953,19.29986838068034508287146944,-19.71576559878789856007777667,0.6433232760681772279453239958,-20.35908887485607578802310067,-1.054882265167986178043963620,stop,1,1909.627749193178432499123843
scalp_vwap,XAUUSD,15min,LONG,2026-01-26T07:00:00,2026-01-26T07:15:00,2026-01-26T08:00:00,4982.61683000,4981.650228135,4984.42748373,4981.400228135,19.75609419285755705115594664,19.09627749193178432499123843,-24.03530104014617358778022509,7.874963793631786364461983254,-31.91026483377795995224220834,-1.671020168577887029009611935,stop,3,1877.717484359400472546881635
scalp_vwap,XAUUSD,15min,LONG,2026-01-26T09:45:00,2026-01-26T10:00:00,2026-01-26T10:00:00,4987.50633000,4982.271180535,4988.26475893,4988.11475893,3.586750477542288226811651566,18.77717484359400472546881635,2.182282755228043455590610474,1.431115256869814829912607032,0.751167498358228625678003442,0.04000428736565212852046049465,target,0,1878.468651857758701172559638
scalp_vwap,XAUUSD,15min,SHORT,2026-01-27T06:45:00,2026-01-27T07:00:00,2026-01-27T07:00:00,5029.08113000,5056.197806275,4975.09290745,5056.447806275,0.6927355819007942562358002845,18.78468651857758701172559638,-18.95787041405278557578454645,0.2787058754413483140838278432,-19.23657628949413388986837429,-1.024056284914291178187545037,stop,0,1859.232075568264567282691264
scalp_vwap,XAUUSD,15min,SHORT,2026-01-27T07:30:00,2026-01-27T07:45:00,2026-01-27T13:30:00,5048.23618000,5076.358799670,4992.63405066,5076.608799670,0.6611162464183993877845915711,18.59232075568264567282691264,-18.75759981728724551977306053,0.2669976763484127365683220172,-19.02459749363565825634138255,-1.023250284008836791270377409,stop,23,1840.207478074628909026349881
scalp_vwap,XAUUSD,15min,SHORT,2026-02-02T09:15:00,2026-02-02T09:30:00,2026-02-02T10:00:00,4865.21424000,4866.425894655,4863.14832069,4866.675894655,15.18755753118968464678865020,18.40207478074628909026349881,-22.19896416354371025196066137,5.911257693725063830773240898,-28.11022185726877408273390227,-1.527557201684666494348589781,stop,2,1812.097256217360134943615979
scalp_vwap,XAUUSD,15min,SHORT,2026-02-02T11:30:00,2026-02-02T11:45:00,2026-02-02T12:00:00,4809.41986000,4851.435628950,4725.87393210,4726.02393210,0.4312897994021742484243206928,18.12097256217360134943615979,35.96781301494918672483133710,0.1659402981328186366042001318,35.80187271681636808822713697,1.975714746765333209497288041,target,1,1847.899128934176503031843116
scalp_vwap,XAUUSD,15min,SHORT,2026-02-05T02:15:00,2026-02-05T02:30:00,2026-02-05T03:45:00,4958.96850000,4994.427382900,4888.01782420,4888.16782420,0.5211385632608794066188258615,18.47899128934176503031843116,36.89696246431131369091586400,0.2067447775476766607777159164,36.69021768676363703013814808,1.985509766862960028557470433,target,5,1884.589346620940140061981264
scalp_vwap,XAUUSD,15min,LONG,2026-02-05T11:15:00,2026-02-05T11:30:00,2026-02-05T12:00:00,5016.73131000,4991.228302845,5067.54463431,4990.978302845,0.7389675010350520132856000306,18.84589346620940140061981264,-19.03063534146816440394121265,0.2965761119612002274022724516,-19.32721145342936463134348510,-1.025539674629009451022914086,stop,2,1865.262135167510775430637779
scalp_vwap,XAUUSD,15min,SHORT,2026-02-06T04:00:00,2026-02-06T04:15:00,2026-02-06T08:30:00,4872.30498000,4913.997078630,4789.71269274,4789.86269274,0.4473898403918053801818509655,18.65262135167510775430637779,36.88384173878677010296566834,0.1743855797873918804040660612,36.70945615899937822256160228,1.968058830278172543026050114,target,17,1901.971591326510153653199381
scalp_vwap,XAUUSD,15min,SHORT,2026-02-06T15:00:00,2026-02-06T15:15:00,2026-02-06T16:30:00,4822.22323000,4862.423504385,4741.87161123,4862.673504385,0.4731240322171025285287239666,19.01971591326510153653199381,-19.13799692131937716866417480,0.1825207759062864173090360347,-19.32051769722566358597321083,-1.015815261664911146103362597,stop,5,1882.651073629284490067226170
scalp_vwap,XAUUSD,15min,LONG,2026-02-10T10:30:00,2026-02-10T10:45:00,2026-02-10T11:45:00,5036.99097000,5014.789835945,5081.09548811,5014.539835945,0.8479977054168931687337744738,18.82651073629284490067226170,-19.03851016264706819285570532,0.3417085427812488781093366688,-19.38021870542831707096504199,-1.029411077649564690221406800,stop,4,1863.270854923856172996261128
scalp_vwap,XAUUSD,15min,SHORT,2026-02-10T12:15:00,2026-02-10T12:30:00,2026-02-10T13:00:00,5016.27723000,5038.278930655,4972.10114869,5038.528930655,0.8468758320736530232536522655,18.63270854923856172996261128,-18.84442750725697498577602435,0.3398531162454695474774365100,-19.18428062350244453325346086,-1.029602356136592023822351200,stop,2,1844.086574300353728463007667
scalp_vwap,XAUUSD,15min,LONG,2026-02-12T00:45:00,2026-02-12T01:00:00,2026-02-12T01:30:00,5069.29117000,5044.450330660,5116.67289868,5044.200330660,0.7423608152124354621195370877,18.44086574300353728463007667,-18.62645594680664615015996094,0.3010594500408320609853951074,-18.92751539684747821114535605,-1.026389740081946844554568904,stop,2,1825.159058903506250251862311
scalp_vwap,XAUUSD,15min,LONG,2026-02-12T01:45:00,2026-02-12T02:00:00,2026-02-13T03:00:00,5062.03173000,5035.209043845,5114.74524231,5034.959043845,0.6804534968483309423607809838,18.25159058903506250251862311,-18.42170396324714523810881836,0.2755581753468564982216859558,-18.69726213859400173633050432,-1.024418230695284366458710482,stop,100,1806.461796764912248515531807
scalp_vwap,XAUUSD,15min,LONG,2026-02-18T14:45:00,2026-02-18T15:00:00,2026-02-18T22:45:00,4921.14417000,4908.689288215,4945.69999357,4908.439288215,1.450404610777212807175216242,18.06461796764912248515531807,-18.42721912034342568694912214,0.5710120155573919979903719662,-18.99823113590081768493949411,-1.051681866171963831288985615,stop,31,1787.463565629011430830592313
scalp_vwap,XAUUSD,15min,LONG,2026-02-22T13:00:00,2026-02-22T13:15:00,2026-02-23T09:30:00,5098.66348000,5098.176763300,5099.47554340,5099.32554340,36.72492777891145775007498845,17.87463565629011430830592313,24.31423055006056801697099711,14.97984384575786910270962487,9.33438670430269891426137224,0.5222140962083281711928109310,target,81,1796.797952333314129744853685
scalp_vwap,XAUUSD,15min,LONG,2026-02-24T12:30:00,2026-02-24T12:45:00,2026-02-24T23:15:00,5174.67926000,5153.818058000,5216.02789400,5153.568058000,0.8613108450478137020795128128,17.96797952333314129744853685,-18.18330723459509472296841505,0.3565605893025596217995739058,-18.53986782389765434476798896,-1.031828191913390225548844213,stop,42,1778.258084509416475400085696
scalp_vwap,XAUUSD,15min,SHORT,2026-02-26T08:45:00,2026-02-26T09:00:00,2026-02-26T10:00:00,5164.75948000,5179.601750625,5135.24365875,5179.851750625,1.198103800583016572910713718,17.78258084509416475400085696,-18.08210679523991889722853539,0.4950334369668131497550175896,-18.57714023220673204698355298,-1.044681893704522046470905121,stop,4,1759.680944277209743353102143
scalp_vwap,XAUUSD,15min,SHORT,2026-02-26T10:45:00,2026-02-26T11:00:00,2026-02-26T11:15:00,5165.85789000,5178.691924610,5139.16559078,5178.941924610,1.371105032634168456051173251,17.59680944277209743353102143,-17.93958570093063954754381475,0.5666347000681541281824857266,-18.50622040099879367572630048,-1.051680445889026630885795937,stop,1,1741.174723876210949677375843
scalp_vwap,XAUUSD,15min,SHORT,2026-02-27T03:00:00,2026-02-27T03:15:00,2026-02-27T07:00:00,5175.88984000,5195.841694510,5136.75104098,5196.091694510,0.8726881618966912513223693525,17.41174723876210949677375843,-17.62991927923628230960435077,0.3613550232519487501869070476,-17.99127430248823105979125782,-1.033283682319714349200113529,stop,15,1723.183449573722718617584585
scalp_vwap,XAUUSD,15min,SHORT,2026-02-27T21:30:00,2026-02-27T21:45:00,2026-02-27T22:45:00,5174.29746000,5183.148747270,5156.29500546,5183.398747270,1.946816770272695847795689705,17.23183449573722718617584585,-17.71853868830540114812476827,0.8058727255605930906081427072,-18.52441141386599423873291098,-1.075010987277560137306446274,stop,4,1704.659038159856724378851674
scalp_vwap,XAUUSD,15min,LONG,2026-03-02T08:30:00,2026-03-02T08:45:00,2026-03-02T10:00:00,5278.03597000,5277.275420315,5279.46115937,5279.31115937,22.41351317054133977294135194,17.04659038159856724378851674,28.58147373942931362401302563,9.463946298254874855486087056,19.11752744117443876852693857,1.121486878796090751125615153,target,5,1723.776565601031163147378613
scalp_vwap,XAUUSD,15min,SHORT,2026-03-03T02:45:00,2026-03-03T03:00:00,2026-03-03T10:45:00,5313.28102000,5347.579382935,5250.60908413,5347.829382935,0.5025827526718458999090939012,17.23776565601031163147378613,-17.36341134417827310645105961,0.2136290720600538486681446680,-17.57704041623832695511920428,-1.019682061294859290636286458,stop,31,1706.199525184792836192259409
scalp_vwap,XAUUSD,15min,LONG,2026-03-03T12:00:00,2026-03-03T12:15:00,2026-03-03T12:45:00,5365.42485000,5347.584060450,5402.96348910,5347.334060450,0.9563475430294467187368730601,17.06199525184792836192259409,-17.30108213760529004160681236,0.4104968698085310165169423462,-17.71157900741382105812375471,-1.038071969073812655337330629,stop,2,1688.487946177379015134135654
scalp_vwap,XAUUSD,15min,LONG,2026-03-03T13:00:00,2026-03-03T13:15:00,2026-03-03T16:45:00,5348.58790000,5327.002981560,5391.04787688,5326.752981560,0.7822535678654058491472046785,16.88487946177379015134135654,-17.08044285374014161362815771,0.3347161574253390842670371410,-17.41515901116548069789519485,-1.031405586909412477724423591,stop,14,1671.072787166213534436240459
scalp_vwap,XAUUSD,15min,LONG,2026-03-05T17:45:00,2026-03-05T18:00:00,2026-03-05T19:00:00,5166.19114000,5148.077533010,5200.95282398,5147.827533010,0.9225510899561664468001358900,16.71072787166213534436240459,-16.94136564415117695606243856,0.3812860213703112068659314708,-17.32265166552148816292837003,-1.036618620000212337609076059,stop,4,1653.750135500692046273312089
scalp_vwap,XAUUSD,15min,LONG,2026-03-06T14:00:00,2026-03-06T14:15:00,2026-03-06T17:00:00,5131.87705000,5113.566296965,5168.39352607,5113.316296965,0.9031579052700013908921753359,16.53750135500692046273312089,-16.76329083132442081045616472,0.3707916261264955353110106904,-17.13408245745091634576717541,-1.036074440124739523035132236,stop,11,1636.616053043241129927544914
scalp_vwap,XAUUSD,15min,SHORT,2026-03-07T00:45:00,2026-03-07T01:00:00,2026-03-07T01:45:00,5086.07674000,5111.266117015,5034.91039597,5111.516117015,0.6497247042150562412103167745,16.36616053043241129927544914,-16.52859170648617535957802833,0.2643639764409262004969297276,-16.79295568292710156007495806,-1.026077903348257936263216472,stop,3,1619.823097360314028367469956
scalp_vwap,XAUUSD,15min,LONG,2026-03-08T13:30:00,2026-03-08T13:45:00,2026-03-09T06:00:00,5171.22199000,5170.660694190,5171.98617162,5170.410694190,28.85863511719985988079030834,16.19823097360314028367469956,-23.41288975290310525387227664,11.93875268155601141123692969,-35.35164243445911666510920633,-2.182438470723663517103396870,stop,65,1584.471454925854911702360750
scalp_vwap,XAUUSD,15min,SHORT,2026-03-09T07:00:00,2026-03-09T07:15:00,2026-03-09T09:00:00,5170.54960000,5171.697488970,5168.50768206,5171.947488970,13.80335116318658338273222322,15.84471454925854911702360750,-19.29555234005519496270666330,5.709672946837913874796219494,-25.00522528689310883750288279,-1.578142995833473336711302313,stop,7,1559.466229638961802864857867
scalp_vwap,XAUUSD,15min,SHORT,2026-03-09T17:15:00,2026-03-09T17:30:00,2026-03-10T00:45:00,5127.03918000,5150.676887060,5079.95291588,5080.10291588,0.6597366765230408109071717496,15.59466229638961802864857867,30.96557489893644676627799004,0.2705996631213293128208032722,30.69497523581511745345718677,1.968300092200228832178445653,target,29,1590.161204874776920318315054
scalp_vwap,XAUUSD,15min,SHORT,2026-03-11T20:00:00,2026-03-11T20:15:00,2026-03-12T00:45:00,5186.98672000,5199.655363805,5162.36280239,5162.51280239,1.255194501756517670376095205,15.90161204874776920318315054,30.71952682051401374529369176,0.5208541769302459063748914588,30.19867264358376783891880030,1.899095044641204986503288936,target,18,1620.359877518360688157233854
scalp_vwap,XAUUSD,15min,SHORT,2026-03-12T01:30:00,2026-03-12T01:45:00,2026-03-12T09:45:00,5184.38951000,5200.597674105,5152.65010179,5152.80010179,0.9997183314663636225302358845,16.20359877518360688157233854,31.58051046771104835640197442,0.4146343384487134785993083662,31.16587612926233487780266605,1.923392239074321736699864194,target,32,1651.525753647623023035036520
scalp_vwap,XAUUSD,15min,SHORT,2026-03-13T23:30:00,2026-03-13T23:45:00,2026-03-13T23:45:00,5108.57542000,5123.385663215,5080.89302357,5123.635663215,1.115123992005031379246688840,16.51525753647623023035036520,-16.79403853447748807516203741,0.4557356012647343856278666180,-17.24977413574222246078990403,-1.044475031506091306279739580,stop,0,1634.275979511880800574246616
scalp_vwap,XAUUSD,15min,SHORT,2026-03-14T00:00:00,2026-03-14T00:15:00,2026-03-14T01:15:00,5109.59173000,5128.070703585,5082.39542283,5082.54542283,0.8843975949175430354803695208,16.34275979511880800574246616,23.91968901254909975929628256,0.3615128509618054340807674144,23.55817616158729432521551515,1.441505379564078206890298989,target,4,1657.834155673468094899462131
scalp_vwap,XAUUSD,15min,SHORT,2026-03-15T12:15:00,2026-03-15T12:30:00,2026-03-16T06:00:00,5019.53973000,5020.115607275,5018.81571545,5020.365607275,28.78797666870025553447064101,16.57834155673468094899462131,-23.77533572390974483261228156,11.56019141078831840931422137,-35.33552713469806324192650293,-2.131427140270468217381906588,stop,70,1622.498628538770031657535628
scalp_vwap,XAUUSD,15min,LONG,2026-03-16T09:00:00,2026-03-16T09:15:00,2026-03-16T09:15:00,5023.56150000,5019.256945035,5032.00932993,5019.006945035,3.769259869443367722585314062,16.22498628538770031657535628,-17.16730125274854224722168480,1.514808701090458281721781135,-18.68210995383900052894346594,-1.151440723907680430792222444,stop,0,1603.816518584931031128592162
scalp_vwap,XAUUSD,15min,SHORT,2026-03-16T11:15:00,2026-03-16T11:30:00,2026-03-16T17:15:00,5016.65536000,5034.054463810,4982.11851238,5034.304463810,0.9217811078655384096639815163,16.03816518584931031128592162,-16.26861046281569491370191700,0.3699406508416313137701350938,-16.63855111365732622747205209,-1.037434826294079108664160559,stop,23,1587.177967471273704901120110
scalp_vwap,XAUUSD,15min,LONG,2026-03-17T17:15:00,2026-03-17T17:30:00,2026-03-17T21:30:00,5011.53044000,4999.315155775,5035.66487845,4999.065155775,1.299337729876910584044244873,15.87177967471273704901120110,-16.19661410718196469502226232,0.5209336468094907876076729190,-16.71754775399145548262993524,-1.053287539054376771982151729,stop,16,1570.460419717282249418490175
scalp_vwap,XAUUSD,15min,LONG,2026-03-20T14:00:00,2026-03-20T14:15:00,2026-03-20T16:45:00,4717.45850000,4692.013204905,4768.29944019,4691.763204905,0.6171908849372620134742006516,15.70460419717282249418490175,-15.85890191840713799755345191,0.2329257909015846921752785916,-16.09182770930872268972873050,-1.024656687126544012281182782,stop,10,1554.368592007973526728761444
scalp_vwap,XAUUSD,15min,LONG,2026-03-20T18:30:00,2026-03-20T18:45:00,2026-03-20T20:30:00,4695.78147000,4674.237991910,4738.71521618,4673.987991910,0.7215030857665813081943081197,15.54368592007973526728761444,-15.72406169152138059433619147,0.2710416656552426601813752982,-15.99510335717662325451756677,-1.029041852712279477617070327,stop,7,1538.373488650796903474243877
scalp_vwap,XAUUSD,15min,SHORT,2026-03-22T12:30:00,2026-03-22T12:45:00,2026-03-23T08:00:00,4497.29230000,4497.812009090,4496.65404182,4498.062009090,29.60066541554616455668004339,15.38373488650796903474243877,-22.78390124039451017391244962,10.64982757185696529242320582,-33.43372881225147546633565544,-2.173316756880277002659314657,stop,77,1504.939759838545428007908222
scalp_vwap,XAUUSD,15min,LONG,2026-03-23T09:00:00,2026-03-23T09:15:00,2026-03-23T09:15:00,4503.28390000,4496.879757235,4515.05403553,4514.90403553,2.349947237377905999895222857,15.04939759838545428007908222,27.30670538668034954638265540,0.8465983647946721844033247024,26.46010702188567736197933070,1.758217021571973028930437968,target,0,1531.399866860431105369887553
scalp_vwap,XAUUSD,15min,SHORT,2026-03-23T22:15:00,2026-03-23T22:30:00,2026-03-23T23:45:00,4379.49591000,4455.710053910,4232.95953218,4455.960053910,0.2009338146825916509031725674,15.31399866860431105369887553,-15.36423212227495896642466867,0.07039910556664864666644736520,-15.43463122784160761309111604,-1.007877273718497115635973559,stop,5,1515.965235632589497756796437
scalp_vwap,XAUUSD,15min,LONG,2026-03-24T00:30:00,2026-03-24T00:45:00,2026-03-24T02:45:00,4434.49626000,4362.213692575,4580.79185485,4361.963692575,0.2097276410671973993951967648,15.15965235632589497756796437,-15.21208426659269432741676356,0.07440291519448874210397810524,-15.28648718178718306952074167,-1.008366605148986930855410190,stop,8,1500.678748450802314687275695
scalp_vwap,XAUUSD,15min,SHORT,2026-03-24T13:45:00,2026-03-24T14:00:00,2026-03-24T18:00:00,4364.10469000,4406.105627760,4280.66906448,4406.355627760,0.3572964863370237080838158160,15.00678748450802314687275695,-15.09611160609227907389371091,0.1247423417395140868071817213,-15.22085394783179316070089263,-1.014264642818775006322620736,stop,16,1485.457894502970521526574802
scalp_vwap,XAUUSD,15min,SHORT,2026-03-26T07:30:00,2026-03-26T07:45:00,2026-03-26T09:00:00,4505.09666000,4529.364592905,4456.95655419,4529.614592905,0.6121073023887077215102325181,14.85457894502970521526574802,-15.00760577062688214564330615,0.2206082050842381742313566938,-15.22821397571112031987466284,-1.025152852333551480123477785,stop,5,1470.229680527259401206700139
scalp_vwap,XAUUSD,15min,SHORT,2026-03-26T09:15:00,2026-03-26T09:30:00,2026-03-26T09:30:00,4511.74424000,4530.384152500,4474.86524500,4530.634152500,0.7887535311806101027602464008,14.70229680527259401206700139,-14.89948518806774653775706299,0.2846923360867022424651479840,-15.18417752415444878022221097,-1.032775880208665142607294964,stop,0,1455.045503003104952426477928
scalp_vwap,XAUUSD,15min,SHORT,2026-03-26T09:45:00,2026-03-26T10:00:00,2026-03-26T12:00:00,4517.97736000,4538.451788590,4477.07512282,4538.701788590,0.7106647673253112029469721714,14.55045503003104952426477928,-14.72812122186237732500152232,0.2568613863460339015895028440,-14.98498260820841122659102516,-1.029863504425155730316769734,stop,8,1440.060520394896541199886903
scalp_vwap,XAUUSD,15min,LONG,2026-03-27T15:45:00,2026-03-27T16:00:00,2026-03-27T19:15:00,4448.88589000,4432.057116465,4482.89602707,4431.807116465,0.8557132921183471979022545584,14.40060520394896541199886903,-14.61453352697855221147443267,0.3045576632952610447094702324,-14.91909119027381325618390290,-1.036004458075322243024051723,stop,13,1425.141429204622727943703000
scalp_vwap,XAUUSD,15min,LONG,2026-03-27T19:30:00,2026-03-27T19:45:00,2026-03-27T21:30:00,4436.90877000,4420.688096545,4468.79808691,4420.438096545,0.8785957211692248618438777393,14.25141429204622727943703000,-14.47106322233853349489799943,0.3118599248432166754893711610,-14.78292314718175017038737059,-1.037295165535406556891321131,stop,7,1410.358506057440977773315629
scalp_vwap,XAUUSD,15min,SHORT,2026-03-27T22:45:00,2026-03-27T23:00:00,2026-03-27T23:15:00,4415.81810000,4431.068142920,4388.11143416,4431.318142920,0.9248226470286163481652126583,14.10358506057440977773315629,-14.33479072233156386477445945,0.3267078867231100230547078278,-14.66149860905467388782916728,-1.039558278698929720782713705,stop,1,1395.697007448386303885486462
scalp_vwap,XAUUSD,15min,LONG,2026-03-29T12:30:00,2026-03-29T12:45:00,2026-03-30T08:00:00,4507.86270000,4507.421316265,4508.57881747,4507.171316265,31.62094333739747577888175834,13.95697007448386303885486462,-21.86220590883323198357530420,11.40342968075740769102196209,-33.26563558959063967459726629,-2.383442495904385783495171157,stop,77,1362.431371858795664210889196
scalp_vwap,XAUUSD,15min,SHORT,2026-03-30T09:30:00,2026-03-30T09:45:00,2026-03-30T10:00:00,4496.38244000,4505.461041580,4478.27524684,4478.42524684,1.500706204422725271980587561,13.62431371858795664210889196,26.94847118922932400256894660,0.5398199220132313799902190344,26.40865126721609262257872757,1.938347267443363232159814640,target,1,1388.840023126011756833467924
scalp_vwap,XAUUSD,15min,SHORT,2026-03-30T13:45:00,2026-03-30T14:00:00,2026-03-30T14:00:00,4482.45087000,4507.105808430,4433.81599314,4507.355808430,0.5633110896095682348185316170,13.88840023126011756833467924,-14.02922800366250962703931214,0.2020011426960845675589353072,-14.23122914635859419459824745,-1.024684550372247674682187393,stop,0,1374.608793979653162638869677
scalp_vwap,XAUUSD,15min,SHORT,2026-03-30T14:45:00,2026-03-30T15:00:00,2026-03-30T16:45:00,4496.60146000,4519.984581350,4449.84586730,4520.234581350,0.5878636874027312707928403566,13.74608793979653162638869677,-13.89305386164721444408690686,0.2114710972044884032187793044,-14.10452495885170284730568616,-1.026075565690035646160643989,stop,7,1360.504269020801459791563991
scalp_vwap,XAUUSD,15min,LONG,2026-03-31T01:30:00,2026-03-31T01:45:00,2026-03-31T05:45:00,4522.92401000,4500.796618425,4567.12446315,4500.546618425,0.6148507221962521173449988947,13.60504269020801459791563991,-13.75875537075707762725188963,0.2224738475189814906842426364,-13.98122921827605911793613227,-1.027650521695076930910235406,stop,16,1346.523039802525400673627859
scalp_vwap,XAUUSD,15min,SHORT,2026-03-31T06:00:00,2026-03-31T06:15:00,2026-03-31T06:45:00,4497.74114000,4517.046105555,4459.02782889,4517.296105555,0.6975008766352214300408410436,13.46523039802525400673627859,-13.63960561718405936424648885,0.2509742710422640159123458114,-13.89057988822632338015883466,-1.031588727235105393069425759,stop,2,1332.632459914299077293469024
scalp_vwap,XAUUSD,15min,SHORT,2026-03-31T07:00:00,2026-03-31T07:15:00,2026-03-31T11:30:00,4508.05167000,4527.329249260,4470.06093148,4527.579249260,0.6912862045285135439217325381,13.32632459914299077293469024,-13.49914615027511915891512337,0.2493083143018181635435187774,-13.74845446457693732245864215,-1.031676390762768416183391690,stop,17,1318.884005449722139971010382
scalp_vwap,XAUUSD,15min,SHORT,2026-04-03T01:45:00,2026-04-03T02:00:00,2026-04-06T08:00:00,4688.33348000,4718.901655120,4626.78507976,4626.93507976,0.4314565721611588765234116409,13.18884005449722139971010382,26.49074330372927448301316766,0.1618249833943357693123117440,26.32891832033493871370085592,1.996302799301681048469471082,target,312,1345.212923770057078684711238
scalp_vwap,XAUUSD,15min,SHORT,2026-04-06T12:30:00,2026-04-06T12:45:00,2026-04-06T15:00:00,4651.31428000,4673.826976825,4607.56553635,4674.076976825,0.5975352194483510434271178162,13.45212923770057078684711238,-13.60151304256265854770389183,0.2223459279218439144596362590,-13.82385897048450246216352809,-1.027633523750435883196326036,stop,9,1331.389064799572576222547710
scalp_vwap,XAUUSD,15min,SHORT,2026-04-06T15:30:00,2026-04-06T15:45:00,2026-04-06T17:45:00,4662.35336000,4680.741381150,4626.14407770,4680.991381150,0.7240523892912601833844136676,13.31389064799572576222547710,-13.49490374531854080807158052,0.2700630472022507947709229788,-13.76496679252079160284250350,-1.033880114870326870382134622,stop,8,1317.624098007051784619705206
scalp_vwap,XAUUSD,15min,SHORT,2026-04-07T07:15:00,2026-04-07T07:30:00,2026-04-07T08:00:00,4650.75503000,4661.669849955,4629.24285009,4661.919849955,1.207188119858502773277953906,13.17624098007051784619705206,-13.47803801003514353951654053,0.4491468976470539728873114972,-13.92718490768219751240385203,-1.056992273346207477592790031,stop,2,1303.696913099369587107301354
scalp_vwap,XAUUSD,15min,SHORT,2026-04-07T13:00:00,2026-04-07T13:15:00,2026-04-07T14:30:00,4644.17142000,4660.756721505,4611.09792699,4661.006721505,0.7860556003195611408978732063,13.03696913099369587107301354,-13.23348303107358615629748184,0.2920461562828038974000396706,-13.52552918735639005369752151,-1.037474972246517504596911456,stop,5,1290.171383912013197053603832
scalp_vwap,XAUUSD,15min,SHORT,2026-04-08T00:45:00,2026-04-08T01:00:00,2026-04-08T02:00:00,4633.33585000,4659.219440315,4582.70521937,4659.469440315,0.4984514776392268813630400841,12.90171383912013197053603832,-13.02632670852993869087679834,0.1847594480665042620562456390,-13.21108615659644295293304398,-1.023979164422190399670603039,stop,4,1276.960297755416754100670788
scalp_vwap,XAUUSD,15min,SHORT,2026-04-09T00:45:00,2026-04-09T01:00:00,2026-04-09T02:45:00,4739.65180000,4763.446851305,4692.43621739,4763.696851305,0.5366495248896950231226537748,12.76960297755416754100670788,-12.90376535877659129678737132,0.2034825509290070254235462068,-13.10724790970559832221091753,-1.026441302266399967318750860,stop,7,1263.853049845711155778459870
scalp_vwap,XAUUSD,15min,SHORT,2026-04-09T03:30:00,2026-04-09T03:45:00,2026-04-09T05:00:00,4741.31552000,4761.318787205,4702.06102559,4702.21102559,0.6318233101089603505991159758,12.63853049845711155778459870,24.70713109826353652091477083,0.2396538932893909281088183900,24.46747720497414559280595244,1.935943202254493905312004755,target,5,1288.320527050685301371265822
scalp_vwap,XAUUSD,15min,LONG,2026-04-11T01:00:00,2026-04-11T01:15:00,2026-04-11T01:30:00,4782.71295000,4766.548870110,4814.24640978,4766.298870110,0.7970268247979349113271833885,12.88320527050685301371265822,-13.08246197670633674154445407,0.3049560413166771546929297344,-13.38741801802301389623738380,-1.039137212900770932777170281,stop,1,1274.933109032662287475028438
scalp_vwap,XAUUSD,15min,SHORT,2026-04-12T11:30:00,2026-04-12T11:45:00,2026-04-13T05:15:00,4750.30391000,4750.843146425,4749.62674715,4751.093146425,23.64330467906841210652689937,12.74933109032662287475028438,-18.66015726009372590138200923,8.985030612983997854970085328,-27.64518787307772375635209456,-2.168363789222881225058192240,stop,70,1247.287921159584563718676343
scalp_vwap,XAUUSD,15min,LONG,2026-04-13T05:30:00,2026-04-13T05:45:00,2026-04-13T05:45:00,4751.40034000,4750.545564090,4752.80899182,4750.295564090,14.59198728658116445652611271,12.47287921159584563718676343,-16.12087603324113675131829161,5.546589868378993778906726972,-21.66746590162013053022501858,-1.737166337783197469849144438,stop,0,1225.620455257964433188451324
scalp_vwap,XAUUSD,15min,LONG,2026-04-13T07:00:00,2026-04-13T07:15:00,2026-04-13T07:15:00,4750.59018000,4749.144539695,4753.37241061,4748.894539695,8.478045686876200046099650798,12.25620455257964433188451324,-14.37571597429869434340942594,3.222057646853234465177323870,-17.59777362115192880858674981,-1.435825711431032631592268728,stop,0,1208.022681636812504379864574
scalp_vwap,XAUUSD,15min,SHORT,2026-04-15T20:15:00,2026-04-15T20:30:00,2026-04-15T21:30:00,4793.82182000,4807.417188170,4767.69524366,4807.667188170,0.8885545919252678130156622114,12.08022681636812504379864574,-12.30236546434944199705256129,0.3407657912826035721102529208,-12.64313125563204556916281421,-1.046597174690562278461635805,stop,4,1195.379550381180458810701760
scalp_vwap,XAUUSD,15min,SHORT,2026-04-16T02:45:00,2026-04-16T03:00:00,2026-04-16T09:30:00,4804.07266000,4816.810606695,4779.34274661,4817.060606695,0.9384397493596046633563823059,11.95379550381180458810701760,-12.18840544115170575394611318,0.3606666194364583417311120058,-12.54907206058816409567722519,-1.049798121156292058105523420,stop,26,1182.830478320592294715024535
scalp_vwap,XAUUSD,15min,LONG,2026-04-16T11:45:00,2026-04-16T12:00:00,2026-04-16T18:00:00,4818.34314000,4807.826955105,4838.92739979,4807.576955105,1.124771473809839566076804448,11.82830478320592294715024535,-12.10949765165838283866944646,0.4335627931919464110165397940,-12.54306044485032924968598625,-1.060427565466459022352516368,stop,24,1170.287417875741965465338549
scalp_vwap,XAUUSD,15min,SHORT,2026-04-18T23:00:00,2026-04-18T23:15:00,2026-04-20T04:00:00,4833.84342000,4834.495941280,4832.93179744,4833.08179744,17.93485444452849055689553219,11.70287417875741965465338549,13.65958975526916697087860088,6.935542251627343926478528312,6.724047503641823044400072568,0.5745637696290916366742859330,target,115,1177.011465379383788509738622
scalp_vwap,XAUUSD,15min,LONG,2026-04-20T05:00:00,2026-04-20T05:15:00,2026-04-20T06:15:00,4834.26532000,4833.292867385,4835.80084523,4833.042867385,12.10353540341278005108494281,11.77011465379383788509738622,-14.79599850464703289786862193,4.680936116008848979659821392,-19.47693462065588187752844332,-1.654778665590816473870040445,stop,4,1157.534530758727906632210179
scalp_vwap,XAUUSD,15min,LONG,2026-04-20T06:45:00,2026-04-20T07:00:00,2026-04-20T07:45:00,4834.14308000,4832.932563400,4836.43907320,4832.682563400,9.562318523832947905317532853,11.57534530758727906632210179,-13.96592493854551604265148500,3.698049273659428815399299732,-17.66397421220494485805078473,-1.525999764398109038736023942,stop,3,1139.870556546522961774159394
scalp_vwap,XAUUSD,15min,LONG,2026-04-21T00:15:00,2026-04-21T00:30:00,2026-04-21T00:45:00,4823.50237000,4809.758319765,4849.12726047,4809.508319765,0.8293556390268264773802024698,11.39870556546522961774159394,-11.60604447522193623708664456,0.3200319112335009605777726404,-11.92607638645543719766441720,-1.046265851675999785808408027,stop,1,1127.944480160067524576494977
scalp_vwap,XAUUSD,15min,SHORT,2026-04-21T13:30:00,2026-04-21T13:45:00,2026-04-21T16:45:00,4793.81178000,4802.873141650,4776.04368670,4776.19368670,1.244784750600995518787725437,11.27944480160067524576494977,21.93073387450557012288404964,0.4773811040796331518153447616,21.45335277042593697106870488,1.901986591341931485540034702,target,12,1149.397832930493461547563682
scalp_vwap,XAUUSD,15min,LONG,2026-04-22T15:15:00,2026-04-22T15:30:00,2026-04-22T18:15:00,4765.83601000,4755.114445335,4786.65486933,4754.864445335,1.072042998241333147383077115,11.49397832930493461547563682,-11.76198907886526790232140609,0.4087344900229529747363924944,-12.17072356888822087705779858,-1.058878242171195261825154509,stop,11,1137.227109361605240670505883
scalp_vwap,XAUUSD,15min,LONG,2026-04-22T18:45:00,2026-04-22T19:00:00,2026-04-22T20:00:00,4757.84478000,4749.408210475,4774.20737905,4749.158210475,1.347973374713112721809171463,11.37227109361605240670505883,-11.70926443729433058715735170,0.5130758467566213888809086880,-12.22234028405095197603826039,-1.074749290043929318534241559,stop,4,1125.004769077554288694467623
scalp_vwap,XAUUSD,15min,LONG,2026-04-22T20:15:00,2026-04-22T20:30:00,2026-04-22T22:45:00,4754.52151000,4745.370954985,4772.55829003,4745.120954985,1.229438834292997569278553344,11.25004769077554288694467623,-11.55740739934879227926431457,0.4676314706300306068410077644,-12.02503886997882288610532233,-1.068887812790227784888084190,stop,9,1112.979730207575465808362301
scalp_vwap,XAUUSD,15min,LONG,2026-04-22T23:30:00,2026-04-22T23:45:00,2026-04-23T00:00:00,4755.15413000,4744.453851710,4776.63154658,4744.203851710,1.040140919743850387099009087,11.12979730207575465808362301,-11.38983253201171725485837529,0.3956824312241574968252761424,-11.78551496323587475168365143,-1.058915507925542000085681884,stop,1,1101.194215244339591056678650
scalp_vwap,XAUUSD,15min,SHORT,2026-04-23T00:15:00,2026-04-23T00:30:00,2026-04-23T10:00:00,4743.78094000,4755.755230650,4720.76877870,4720.91877870,0.9196321080149658727856907749,11.01194215244339591056678650,21.02477759009717259762174283,0.3490026612650733073656979682,20.67577492883209929025604486,1.877577510180112422776375484,target,38,1121.869990173171690346934695
scalp_vwap,XAUUSD,15min,LONG,2026-04-23T23:30:00,2026-04-23T23:45:00,2026-04-24T00:00:00,4734.80645000,4720.009658750,4763.15812250,4719.759658750,0.7581846436964309342046943421,11.21869990173171690346934695,-11.40824606265582463702052054,0.2871886033011850423401529912,-11.69543466595700967936067353,-1.042494653426971878109046109,stop,1,1110.174555507214680667574021
scalp_vwap,XAUUSD,15min,LONG,2026-04-24T00:15:00,2026-04-24T00:30:00,2026-04-24T01:45:00,4732.00692000,4716.834378050,4761.96200390,4716.584378050,0.7316997765870172338970359683,11.10174555507214680667574021,-11.28467049921890111514999920,0.2769926724937775626368026216,-11.56166317171267867778680182,-1.041427504743198287878189059,stop,5,1098.612892335502001989787219
scalp_vwap,XAUUSD,15min,LONG,2026-04-24T02:30:00,2026-04-24T02:45:00,2026-04-24T03:00:00,4734.20901000,4719.956689565,4762.08200087,4719.706689565,0.7708308954642879540266154695,10.98612892335502001989787219,-11.17883664722109200840452606,0.2919419656394720132149814988,-11.47077861286056402161950756,-1.044114691615828801704878312,stop,1,1087.142113722641437968167711
scalp_vwap,XAUUSD,15min,SHORT,2026-04-24T04:15:00,2026-04-24T04:30:00,2026-04-24T12:45:00,4713.63382000,4733.884817555,4674.60677489,4674.75677489,0.5368338575766725670162512204,10.87142113722641437968167711,20.87051409758361467159029680,0.2024350581435573643963214594,20.66807903944005730719397534,1.901138662420820187591000872,target,33,1107.810192762081495275361686
scalp_vwap,XAUUSD,15min,SHORT,2026-04-27T07:15:00,2026-04-27T07:30:00,2026-04-27T08:00:00,4708.31003000,4709.453100570,4706.36699886,4706.51699886,9.691529305684788081591162705,11.07810192762081495275361686,17.37721383931540405459381548,3.650457970879569899438410378,13.72675586843583415515540510,1.239089147050649724977172669,target,2,1121.536948630517329430517091
scalp_vwap,XAUUSD,15min,SHORT,2026-04-27T12:00:00,2026-04-27T12:15:00,2026-04-27T12:15:00,4699.84523000,4709.056373725,4681.78975255,4709.306373725,1.217587068570594179313510919,11.21536948630517329430517091,-11.51976625344782183913354864,0.4577976621064951977529895174,-11.97756391555431703688653816,-1.067959814447472428294999816,stop,0,1109.559384714963012393630553
scalp_vwap,XAUUSD,15min,LONG,2026-04-27T16:00:00,2026-04-27T16:15:00,2026-04-27T18:30:00,4714.72295000,4705.898818515,4732.15119297,4705.648818515,1.257414836350846841890219809,11.09559384714963012393630553,-11.40994755623734183440886048,0.4742690069291065485915872572,-11.88421656316644838300044774,-1.071075304925604244891869945,stop,9,1097.675168151796564010630105
scalp_vwap,XAUUSD,15min,SHORT,2026-04-28T10:15:00,2026-04-28T10:30:00,2026-04-28T11:45:00,4694.36832000,4700.208585250,4683.48593950,4683.63593950,1.879495401603200409451659931,10.97675168151796564010630105,20.17145979800585681199101074,0.7058434936697392970192720760,19.46561630433611751497173866,1.773349426963098979108868386,target,5,1117.140784456132681525601844
scalp_vwap,XAUUSD,15min,LONG,2026-04-30T11:15:00,2026-04-30T11:30:00,2026-04-30T11:30:00,4580.06225000,4569.374786955,4601.02392609,4569.124786955,1.045281541327783539976302995,11.17140784456132681525601844,-11.43272822989327270025009418,0.3829963622445757014093464994,-11.81572459213784840165944068,-1.057675519195210466339441737,stop,0,1105.325059863994833123942403
scalp_vwap,XAUUSD,15min,LONG,2026-04-30T11:45:00,2026-04-30T12:00:00,2026-04-30T12:30:00,4579.71483000,4568.280592825,4601.86720435,4568.030592825,0.9666801929565492270138627792,11.05325059863994833123942403,-11.29492064687908563799288973,0.3541695692440296032464339188,-11.64909021612311524123932365,-1.053906279620266841281434238,stop,2,1093.675969647871717882703079
scalp_vwap,XAUUSD,15min,LONG,2026-05-02T01:00:00,2026-05-02T01:15:00,2026-05-02T05:45:00,4636.40359000,4611.840880365,4671.96336927,4611.590880365,0.4452586811063655346926479592,10.93675969647871717882703079,-11.04807436675530856250019278,0.1651519158048174669521010036,-11.21322628256012602945229378,-1.025278655996293138609176088,stop,18,1082.462743365311591853250785
scalp_vwap,XAUUSD,15min,LONG,2026-05-04T07:15:00,2026-05-04T07:30:00,2026-05-04T08:00:00,4613.39804000,4612.869336395,4614.26554721,4612.619336395,20.47390509783476115796961106,10.82462743365311591853250785,-15.94310370811180620802491061,7.556341891959751629603610724,-23.49944560007155783762852133,-2.170924195230331368744875495,stop,2,1058.963297765240034015622264
scalp_vwap,XAUUSD,15min,LONG,2026-05-04T09:15:00,2026-05-04T09:30:00,2026-05-04T10:00:00,4616.94043000,4610.598049085,4625.63498183,4610.348049085,1.669662090557738180277086470,10.58963297765240034015622264,-11.00704850029183488522549426,0.6166984328267474123100727300,-11.62374693311858229753556699,-1.097653427427419029435572777,stop,2,1047.339550832121451718086697
scalp_vwap,XAUUSD,15min,SHORT,2026-05-04T12:00:00,2026-05-04T12:15:00,2026-05-04T16:30:00,4605.79605000,4619.091996570,4587.87493686,4588.02493686,0.7877134172570019975028274328,10.47339550832121451718086697,13.99854425997021095482874378,0.2902437876587441307952505964,13.70830047231146682403349318,1.308868786767394478180427886,target,17,1061.047851304432918542120190
scalp_vwap,XAUUSD,15min,LONG,2026-05-05T17:30:00,2026-05-05T17:45:00,2026-05-05T20:45:00,4551.63509000,4542.811115495,4575.50212901,4542.561115495,1.202460241360854791524718022,10.61047851304432918542120190,-10.91109357338454288330238141,0.4378528183126348817198832920,-11.34894639169717776502226470,-1.069597980689088584351026522,stop,12,1049.698904912735740777097925
scalp_vwap,XAUUSD,15min,SHORT,2026-05-08T04:00:00,2026-05-08T04:15:00,2026-05-08T08:00:00,4708.58551000,4727.147634790,4671.99631042,4672.14631042,0.5655057903059899322964835671,10.49698904912735740777097925,20.60657835660559641242225243,0.2130185896044706129133682838,20.39355976700112579950888415,1.942800899529993947422438377,target,15,1070.092464679736866576606809
scalp_vwap,XAUUSD,15min,SHORT,2026-05-08T08:15:00,2026-05-08T08:30:00,2026-05-08T10:00:00,4694.67799000,4709.725857195,4663.47954561,4709.975857195,0.7111256703775932457494065550,10.70092464679736866576606809,-10.87870606439176697720341973,0.2670804826276545599993920008,-11.14578654701942153720281173,-1.041572286031861141767605825,stop,6,1058.946678132717445039403997
scalp_vwap,XAUUSD,15min,SHORT,2026-05-08T10:15:00,2026-05-08T10:30:00,2026-05-08T11:00:00,4698.41288000,4711.866486205,4669.92910759,4712.116486205,0.7871099109019279080641144699,10.58946678132717445039403997,-10.78624425905265642741006859,0.2958533874685816400063913032,-11.08209764652123806741645989,-1.046520837674540809112377316,stop,2,1047.864580486196206971987537
scalp_vwap,XAUUSD,15min,SHORT,2026-05-08T11:30:00,2026-05-08T11:45:00,2026-05-08T11:45:00,4707.80388000,4723.098584430,4679.84688114,4723.348584430,0.6851159401490939481803294560,10.47864580486196206971987537,-10.64992478989923555676495773,0.2580313185027001814182299162,-10.90795610840193573818318765,-1.040970017646820259605369831,stop,0,1036.956624377794271233804349
scalp_vwap,XAUUSD,15min,SHORT,2026-05-08T12:30:00,2026-05-08T12:45:00,2026-05-08T13:30:00,4713.58620000,4729.607446670,4682.91905666,4729.857446670,0.6472384114274387307924798021,10.36956624377794271233804349,-10.53137584663480239503616344,0.2440651235371438002247158288,-10.77544097017194619526087927,-1.039140955065265217591210085,stop,3,1026.181183407622325038543470
scalp_vwap,XAUUSD,15min,SHORT,2026-05-11T07:15:00,2026-05-11T07:30:00,2026-05-11T08:00:00,4715.21589000,4716.450590220,4713.15463956,4716.700590220,8.311176808631509963111073796,10.26181183407622325038543470,-12.33960603623410074116320315,3.135119436212702794620371920,-15.47472547244680353578357507,-1.507991544052693211636424589,stop,2,1010.706457935175521502759895
scalp_vwap,XAUUSD,15min,SHORT,2026-05-12T16:00:00,2026-05-12T16:15:00,2026-05-13T00:00:00,4704.86068000,4717.686483250,4677.95618350,4678.10618350,0.7880258555620487328953528856,10.10706457935175521502759895,21.08323499454433835707815364,0.2966041490125793906914534676,20.78663084553175896638670017,2.056643715129498809363070496,target,31,1031.493088780707280469146595
scalp_vwap,XAUUSD,15min,LONG,2026-05-13T06:30:00,2026-05-13T06:45:00,2026-05-13T11:30:00,4714.68842000,4703.490693400,4738.02974320,4703.240693400,0.9211629517554994426003815766,10.31493088780707280469146595,-10.54522162574594766534156134,0.3474397041259737514675578966,-10.89266132987192141680911924,-1.056009143284494908100363872,stop,19,1020.600427450835359052337476
scalp_vwap,XAUUSD,15min,SHORT,2026-05-13T13:45:00,2026-05-13T14:00:00,2026-05-13T15:00:00,4695.33954000,4706.002771625,4674.36782675,4706.252771625,0.9571211273869663869862129868,10.20600427450835359052337476,-10.44528455635509518726992801,0.3595206939191520125973845818,-10.80480525027424719986731259,-1.058671440816610789883315510,stop,4,1009.795622200561111852470163
scalp_vwap,XAUUSD,15min,SHORT,2026-05-18T06:45:00,2026-05-18T07:00:00,2026-05-18T07:30:00,4537.58389000,4538.160662585,4536.82448483,4538.410662585,17.50769104603959482319136515,10.09795622200561111852470163,-14.47487898351550982432254291,6.355409347328521101747242952,-20.83028833084403092606978586,-2.062822206086650252282708616,stop,2,988.9653338697170809264003771
scalp_vwap,XAUUSD,15min,LONG,2026-05-18T09:30:00,2026-05-18T09:45:00,2026-05-18T09:45:00,4539.02779000,4532.820272925,4553.12363415,4532.570272925,1.593173763230795592980951047,9.889653338697170809264003771,-10.28794677950486970750924154,0.5785167988482769104280052594,-10.86646357835314661793724680,-1.098770928181458123496180638,stop,0,978.0988702913639343084631303
scalp_vwap,XAUUSD,15min,SHORT,2026-05-18T12:45:00,2026-05-18T13:00:00,2026-05-18T15:30:00,4534.12315000,4551.501637695,4499.97229461,4551.751637695,0.5628216260571250669510360581,9.780988702913639343084631303,-9.921694109427920609822390318,0.2041522051221003190806394006,-10.12584631455002092890302972,-1.035257950102084530088911169,stop,10,967.9730239768139133795601006
scalp_vwap,XAUUSD,15min,LONG,2026-05-19T12:15:00,2026-05-19T12:30:00,2026-05-19T12:45:00,4561.05455000,4547.708525995,4587.89641801,4547.458525995,0.7252894372242768293893534778,9.679730239768139133795601006,-9.861052599074208341142939376,0.2646467750174981762516707520,-10.12569937409170651739461013,-1.046072475500541406376707623,stop,1,957.8473246027222068621654905
scalp_vwap,XAUUSD,15min,SHORT,2026-05-22T00:00:00,2026-05-22T00:15:00,2026-05-22T03:00:00,4505.61863000,4520.595519750,4474.86388050,4520.845519750,0.6395502274447351172242991843,9.578473246027222068621654905,-9.738360802888405847927729700,0.2305255535676588671664829034,-9.968886356456064715094212603,-1.040759430067915135717681303,stop,11,947.8784382462661421470712779
scalp_vwap,XAUUSD,15min,LONG,2026-05-22T05:00:00,2026-05-22T05:15:00,2026-05-22T11:30:00,4536.52525000,4521.407047430,4566.85411514,4521.157047430,0.6269782626985042059448150905,9.478784382462661421470712779,-9.635528948137287472956916552,0.2275442175946317973999883012,-9.863073165731919270356904853,-1.040541990171256185251657201,stop,25,938.0153650805342228767143730
scalp_vwap,XAUUSD,15min,SHORT,2026-05-22T13:15:00,2026-05-22T13:30:00,2026-05-22T14:15:00,4521.19944000,4531.141145045,4502.04076991,4531.391145045,0.9435155849371049439303843006,9.380153650805342228767143730,-9.616032547039618464749739805,0.3412657707399129046175427920,-9.957298317779531369367282597,-1.061528274318261068466450364,stop,3,928.0580667627546915073470904
scalp_vwap,XAUUSD,15min,SHORT,2026-05-27T10:45:00,2026-05-27T11:00:00,2026-05-27T15:30:00,4517.50738000,4527.080666930,4494.86487614,4495.01487614,0.9694246851146607088139863060,9.280580667627546915073470904,21.80478847192079053558892301,0.3503506535487724718610571348,21.45443781837201806372786588,2.311755975917458477346609730,target,18,949.5125045811267095710749563
scalp_vwap,XAUUSD,15min,SHORT,2026-05-31T11:15:00,2026-05-31T11:30:00,2026-06-01T06:00:00,4542.31890000,4542.841976755,4541.62062649,4543.091976755,18.15245077333108999598108611,9.495125045811267095710749563,-14.03323773914403959470602109,6.596337618321714083707664918,-20.62957535746575367841368601,-2.172649149740940027052052810,stop,74,928.8829292236609558926612703
scalp_vwap,XAUUSD,15min,SHORT,2026-06-01T07:00:00,2026-06-01T07:15:00,2026-06-01T07:30:00,4542.24417000,4542.858630295,4541.35493941,4541.50493941,15.11705372637073247983681794,9.288829292236609558926612703,11.17498854520673512980193403,5.493227932494738789213474308,5.681760612711996340588459722,0.6116767176958114112157564225,target,1,934.5646898363729522332497300
scalp_vwap,XAUUSD,15min,SHORT,2026-06-01T09:30:00,2026-06-01T09:45:00,2026-06-01T11:00:00,4542.02263000,4547.840023500,4530.43353300,4530.58353300,1.606500728954252367891650668,9.345646898363729522332497300,18.37691766907840139879227748,0.5837410132817368391755970178,17.79317665579666455961668046,1.903899949281409277196050086,target,5,952.3578664921696167928664105
scalp_vwap,XAUUSD,15min,SHORT,2026-06-01T12:15:00,2026-06-01T12:30:00,2026-06-01T13:30:00,4530.01034000,4539.063821030,4511.50791794,4511.65791794,1.051924517582127873297003430,9.523578664921696167928664105,19.30536272192910144363681068,0.3812183153237240852190108344,18.92414440660537735841779985,1.987083329957559981765378484,target,4,971.2820108987749941512842104
scalp_vwap,XAUUSD,15min,LONG,2026-06-03T00:30:00,2026-06-03T00:45:00,2026-06-03T02:30:00,4501.93494000,4489.991977625,4525.31557475,4489.741977625,0.8132672450948544448975409339,9.712820108987749941512842104,-9.916136920261463552737227337,0.2929020981000055071758835400,-10.20903901836146905991311088,-1.051089066183213191274915994,stop,7,961.0729718804135250913710995
scalp_vwap,XAUUSD,15min,SHORT,2026-06-03T03:00:00,2026-06-03T03:15:00,2026-06-03T09:15:00,4488.25476000,4498.603453650,4469.14947270,4469.29947270,0.9286901365375846497218236811,9.610729718804135250913710995,17.60358835074614428354703296,0.3334558340703891378413526250,17.27013251667575514570568034,1.796963708477349699109123789,target,24,978.3431043970892802370767798
scalp_vwap,XAUUSD,15min,SHORT,2026-06-03T10:45:00,2026-06-03T11:00:00,2026-06-03T11:15:00,4487.08764000,4496.745864950,4466.40415010,4466.55415010,1.012963675480647487131759941,9.783431043970892802370767798,20.79967939954875282248037272,0.3636205430414547518964783266,20.43605885650729807058389439,2.088843756823038171211781519,target,1,998.7791632535965783076606742
scalp_vwap,XAUUSD,15min,LONG,2026-06-04T11:45:00,2026-06-04T12:00:00,2026-06-04T21:30:00,4465.60440000,4452.299559980,4491.04351004,4490.89351004,0.7506885928370573360021961949,9.987791632535965783076606742,18.98424643002909875994879325,0.2681822626562377378162948590,18.71606416737286102213249839,1.873894135556843771805081802,target,38,1017.495227420969439329793173
scalp_vwap,XAUUSD,15min,LONG,2026-06-05T01:00:00,2026-06-05T01:15:00,2026-06-05T10:00:00,4472.25695000,4455.595995490,4504.34357902,4455.345995490,0.6107064435055404513734508558,10.17495227420969439329793173,-10.32762888508607950614129444,0.2184988909101948517728842108,-10.54612777599627435791417865,-1.036479335900905715875458566,stop,35,1006.949099644973164971878994
scalp_vwap,XAUUSD,15min,SHORT,2026-06-05T11:15:00,2026-06-05T11:30:00,2026-06-05T13:15:00,4455.60107000,4468.198098830,4435.95335234,4436.10335234,0.7993544455871291079452733093,10.06949099644973164971878994,15.58558729032367627668460172,0.2849283618453815385271284206,15.30065892847829473815747330,1.519506689451626824608926453,target,7,1022.249758573451459710036467
scalp_vwap,XAUUSD,15min,SHORT,2026-06-05T17:30:00,2026-06-05T17:45:00,2026-06-05T22:45:00,4463.54780000,4477.242973470,4440.17148306,4440.32148306,0.7464306756046160981632578525,10.22249758573451459710036467,17.33683544533113962296597875,0.2665383199957998283840954902,17.07029712533533979458188326,1.669875388296195126617844878,target,20,1039.320055698786799504618350
scalp_vwap,XAUUSD,15min,SHORT,2026-06-08T06:00:00,2026-06-08T06:15:00,2026-06-08T07:45:00,4329.99404000,4330.811222455,4328.73620509,4331.061222455,12.71833541383101280000704800,10.39320055698786799504618350,-13.57278441044562119504794550,4.405625323248737519295538384,-17.97840973369435871434348388,-1.729824189874463224984437533,stop,6,1021.341645965092440790274866
scalp_vwap,XAUUSD,15min,SHORT,2026-06-08T08:00:00,2026-06-08T08:15:00,2026-06-08T08:15:00,4323.04927000,4329.767168685,4319.96821263,4330.017168685,1.520329040158920528272710719,10.21341645965092440790274866,-10.59349871969065453997092634,0.5257965877775057658989885148,-11.11929530746816030586991485,-1.088694987754195343301757460,stop,0,1010.222350657624280484404951
scalp_vwap,XAUUSD,15min,SHORT,2026-06-08T12:00:00,2026-06-08T12:15:00,2026-06-08T15:30:00,4316.24093000,4330.444098685,4287.46295263,4287.61295263,0.7112654739674552280968033515,10.10222350657624280484404951,20.36209189280263238644347452,0.2455994520667343794763126902,20.11649244073589800696716183,1.991293543212607419652004225,target,13,1030.338843098360178491372113
scalp_vwap,XAUUSD,15min,SHORT,2026-06-08T17:30:00,2026-06-08T17:45:00,2026-06-08T21:15:00,4303.94522000,4322.242235615,4268.42038877,4322.492235615,0.5631185242328166305668707891,10.30338843098360178491372113,-10.44416806204180594255543883,0.1938905024532228243411831538,-10.63805856449502876689662198,-1.032481560386972430312373650,stop,14,1019.700784533865149724475491
scalp_vwap,XAUUSD,15min,LONG,2026-06-14T06:00:00,2026-06-14T06:15:00,2026-06-15T07:15:00,4215.44537000,4214.947954585,4216.11644083,4215.96644083,20.49998359085564627554768263,10.19700784533865149724475491,10.68194346467353201498603969,6.913324873051872674449217836,3.768618591621659340536821854,0.3695808269231061124231543967,target,100,1023.469403125486809065012313
scalp_vwap,XAUUSD,15min,SHORT,2026-06-16T10:15:00,2026-06-16T10:30:00,2026-06-16T10:45:00,4309.45470000,4317.139652425,4295.16941515,4317.389652425,1.331783655284615257803645171,10.23469403125486809065012313,-10.56763994507602190510103442,0.4591409066119572048346904288,-11.02678085168797910993572485,-1.077392330245948139360147047,stop,1,1012.442622273798829955076588
scalp_vwap,XAUUSD,15min,LONG,2026-06-18T15:15:00,2026-06-18T15:30:00,2026-06-18T15:45:00,4321.07095000,4307.187004585,4348.30316083,4306.937004585,0.7292182387723675950184341660,10.12442622273798829955076588,-10.30673078243108019830537442,0.2520802998215553022044416472,-10.55881108225263550050981607,-1.042904639725566077501032872,stop,1,1001.883811191546194454566772
scalp_vwap,XAUUSD,15min,SHORT,2026-06-22T07:45:00,2026-06-22T08:00:00,2026-06-22T08:00:00,4156.40584000,4157.203014305,4155.17800139,4157.453014305,12.56793909321432775551598809,10.01883811191546194454566772,-13.16082288521904388342466474,4.178996435504026900376059608,-17.33981932072307078380072435,-1.730721579391598679287586922,stop,0,984.5439918708231236707660476
scalp_vwap,XAUUSD,15min,LONG,2026-06-28T11:45:00,2026-06-28T12:00:00,2026-06-28T23:00:00,4080.97315000,4080.524252965,4081.62245407,4080.75800000,21.93251269460541488474670027,9.845439918708231236707660476,-4.718780106244355012453252563,7.160479633497507839140930268,-11.87925973974186285159418283,-1.206574803952536688062553142,eod,44,972.6647321310812608191718648
scalp_vwap,XAUUSD,60min,LONG,2025-03-12T02:00:00,2025-03-12T03:00:00,2025-03-13T04:00:00,2916.72007000,2905.594655240,2939.27089952,2939.12089952,8.988428940153957909610553701,100.000,201.3482643410230936864415830,2.097338487001270233991707828,199.2509258540218234524498752,1.992509258540218234524498752,target,24,10199.25092585402182345244988
scalp_vwap,XAUUSD,60min,SHORT,2025-03-22T02:00:00,2025-03-22T03:00:00,2025-03-22T07:00:00,3011.04995000,3023.913797590,2985.80228482,3024.163797590,7.928616111545536294287244334,101.9925092585402182345244988,-103.9746632864266023080963099,1.909876731699070518530943387,-105.8845400181256728266272533,-1.038159966725787366079949024,stop,4,10093.36638583589615062582263
scalp_vwap,XAUUSD,60min,SHORT,2025-03-24T11:00:00,2025-03-24T12:00:00,2025-03-24T20:00:00,3018.43008000,3029.331729340,2997.04675132,3029.581729340,9.258568195549661800648068387,100.9336638583589615062582263,-103.2483059072463769564202434,2.235707259134273705032247448,-105.4840131663806506614524908,-1.045082573386092787313960696,stop,8,9987.882372669515499964370139
scalp_vwap,XAUUSD,60min,SHORT,2025-03-24T22:00:00,2025-03-24T23:00:00,2025-03-25T05:00:00,3024.46011000,3035.224909325,3003.55994135,3003.70994135,9.278280134283427991319633949,99.87882372669515499964370139,192.5258775683257777200131405,2.244943052443653711504292732,190.2809345158821240085088478,1.905117896027290782775460610,target,6,10178.16330718539762397287899
scalp_vwap,XAUUSD,60min,LONG,2025-04-09T23:00:00,2025-04-10T00:00:00,2025-04-10T13:00:00,3075.73008000,3048.768853680,3128.51259264,3128.36259264,3.775111408651013328229381144,101.7816330718539762397287899,198.6935989332326643468413719,0.9288978971951275132892816576,197.7647010360375368335520902,1.943029356744778810936519745,target,12,10375.92800822143516080643108
scalp_vwap,XAUUSD,60min,LONG,2025-04-23T09:00:00,2025-04-23T10:00:00,2025-04-23T23:00:00,3345.55000000,3307.208946520,3419.98210696,3306.958946520,2.706218808941666868566813068,103.7592800822143516080643108,-104.4358347844497683252060141,0.7243032269003834873706961168,-105.1601380113501518125767102,-1.013501037478535135962570844,stop,13,10270.76787021008500899385437
scalp_vwap,XAUUSD,60min,SHORT,2025-04-24T12:00:00,2025-04-24T13:00:00,2025-04-25T23:00:00,3352.85000000,3386.606977060,3280.08604588,3280.23604588,3.042561498310324416529331957,102.7076787021008500899385437,220.9324210455843547041766804,0.8161001855687816975968296520,220.1163208600155730065798507,2.143134025046495084474249425,target,34,10490.88419107010058200043422
scalp_vwap,XAUUSD,60min,SHORT,2025-04-29T01:00:00,2025-04-29T02:00:00,2025-04-29T04:00:00,3326.25000000,3343.808980055,3287.86203989,3344.058980055,5.974654654319043579550574425,104.9088419107010058200043422,-106.4025055742807667148919858,1.589855603514297496518407854,-107.9923611777950642114103937,-1.029392367801741318169063779,stop,2,10382.89182989230551778902383
scalp_vwap,XAUUSD,60min,SHORT,2025-05-09T05:00:00,2025-05-09T06:00:00,2025-05-09T17:00:00,3306.50000000,3331.251519270,3256.48696146,3331.501519270,4.194850310654205558101494200,103.8289182989230551778902383,-104.8776308765866065674156119,1.109621804174250454229007246,-105.9872526807608570216446191,-1.020787410840821489500430169,stop,11,10276.90457721154466076737921
scalp_vwap,XAUUSD,60min,SHORT,2025-05-09T19:00:00,2025-05-09T20:00:00,2025-05-12T08:00:00,3324.94000000,3348.103386545,3279.27322691,3279.42322691,4.436702101934181861561374384,102.7690457721154466076737921,201.9443628416642059074828709,1.180141462944403091102390091,200.7642213787198028163804808,1.953547586925182921260963656,target,28,10477.66879859026446358375969
scalp_vwap,XAUUSD,60min,SHORT,2025-05-16T07:00:00,2025-05-16T08:00:00,2025-05-16T18:00:00,3238.95000000,3261.718665620,3203.46266876,3203.61266876,4.601793084170324981734155614,104.7766879859026446358375969,162.6150865132679744579868066,1.192398216797877927967027466,161.4226882964700965300197791,1.540635530664883996833890875,target,10,10639.09148688673456011377947
scalp_vwap,XAUUSD,60min,LONG,2025-05-26T20:00:00,2025-05-26T21:00:00,2025-05-27T15:00:00,3331.69000000,3320.159772275,3354.06045545,3319.909772275,9.227130409418461472853329504,106.3909148688673456011377947,-108.6976974712219609693511271,2.459355049100431512359256750,-111.1570525203223924817103838,-1.044798351977042153345674705,stop,18,10527.93443436641216763206909
scalp_vwap,XAUUSD,60min,SHORT,2025-05-28T20:00:00,2025-05-28T21:00:00,2025-05-29T02:00:00,3316.05000000,3329.939518335,3288.72096333,3288.87096333,7.579769276690624828374992811,105.2793443436641216763206909,206.0108271213138684556163861,2.010791512797595716970631592,204.0000356085162727386457545,1.937702375335825495348251758,target,5,10731.93446997492844037071484
scalp_vwap,XAUUSD,60min,SHORT,2025-05-30T02:00:00,2025-05-30T03:00:00,2025-05-30T23:00:00,3322.65000000,3340.175531560,3287.44893688,3287.59893688,6.123599979397673938724580882,107.3193446997492844037071484,214.6386893994985688074142968,1.627726357723654505000258294,213.0109630417749143024140385,1.984832870883831839677449418,target,20,10944.94543301670335467312888
scalp_vwap,XAUUSD,60min,SHORT,2025-06-17T04:00:00,2025-06-17T05:00:00,2025-06-17T09:00:00,3384.85000000,3401.849126480,3352.95174704,3402.099126480,6.438534030494903026730776392,109.4494543301670335467312888,-111.0590878377907593034139829,1.743477753049653800802373478,-112.8025655908404131042163564,-1.030636162429447374757105755,stop,4,10832.14286742586294156891252
scalp_vwap,XAUUSD,60min,SHORT,2025-06-17T13:00:00,2025-06-17T14:00:00,2025-06-19T16:00:00,3387.46011000,3403.313757685,3354.22248463,3354.37248463,6.832587100869375060525014133,108.3214286742586294156891252,226.0740823014602833086727431,1.851609300183644347052585682,224.2224730012766389616201574,2.069973372263696801081018850,target,50,11056.36534042713958053053268
scalp_vwap,XAUUSD,60min,SHORT,2025-06-23T15:00:00,2025-06-23T16:00:00,2025-06-23T21:00:00,3356.80000000,3375.407082890,3319.52583422,3375.657082890,5.942019716787073215714864094,110.5636534042713958053053268,-112.0491583334681641092340428,1.595693742824867789640932463,-113.6448520762930318988749753,-1.027868097490911967448111906,stop,5,10942.72048835084654863165770
scalp_vwap,XAUUSD,60min,SHORT,2025-06-26T19:00:00,2025-06-26T20:00:00,2025-06-26T23:00:00,3340.55996000,3352.370851050,3317.44823790,3317.59823790,9.264940673845980950464916616,109.4272048835084654863165770,212.7389930258381527864692811,2.476007187746024253603667506,210.2629858380921285328656136,1.921487312610507909138658933,target,3,11152.98347418893867716452331
scalp_vwap,XAUUSD,60min,LONG,2025-07-01T13:00:00,2025-07-01T14:00:00,2025-07-01T18:00:00,3318.75000000,3305.306904940,3341.88619012,3341.73619012,8.296440235236228908407736358,111.5298347418893867716452331,190.7035525663574808005002944,2.202704882455218775182254004,188.5008476839022620253180404,1.690138321464789225406251051,target,4,11341.48432187284093918984135
scalp_vwap,XAUUSD,60min,LONG,2025-07-03T23:00:00,2025-07-04T00:00:00,2025-07-07T11:00:00,3331.75000000,3312.841475860,3369.74704828,3312.591475860,5.998080145176703854153813059,113.4148432187284093918984135,-114.9143632550225853554368668,1.598728281895398645286157333,-116.5130915369179840007230241,-1.027317838038310270787744305,stop,57,11224.97123033592295518911833
scalp_vwap,XAUUSD,60min,LONG,2025-07-08T11:00:00,2025-07-08T12:00:00,2025-07-08T19:00:00,3334.91000000,3323.188342640,3357.90331472,3322.938342640,9.576266295448106286557687206,112.2497123033592295518911833,-114.6437788772212561235306051,2.554878898508227530888327732,-117.1986577757294836544189328,-1.044088714089489474720492939,stop,7,11107.77257256019347153469940
scalp_vwap,XAUUSD,60min,SHORT,2025-07-16T03:00:00,2025-07-16T04:00:00,2025-07-16T18:00:00,3327.92000000,3341.909630250,3300.90070950,3342.159630250,7.940004399015616207250866691,111.0777257256019347153469940,-113.0627268253558387671597107,2.113895955165763959074744342,-115.1766227805216027262344550,-1.036901161129687469759967387,stop,14,10992.59594977967186880846494
scalp_vwap,XAUUSD,60min,SHORT,2025-07-17T05:00:00,2025-07-17T06:00:00,2025-07-17T22:00:00,3347.00991000,3360.624070115,3310.75185977,3310.90185977,8.074384212411381551324192679,109.9259594977967186880846494,291.5502707180691544789092723,2.162003518087075123925859722,289.3882671999820793549834126,2.632574403007893520723441264,target,16,11281.98421697965394816344835
scalp_vwap,XAUUSD,60min,SHORT,2025-07-18T15:00:00,2025-07-18T16:00:00,2025-07-18T17:00:00,3333.24000000,3345.948573825,3308.45285235,3346.198573825,8.877458928385816689516259194,112.8198421697965394816344835,-115.0392069018929936540135483,2.367256095876219169773054064,-117.4064629977692128237866024,-1.040654380823097590968276883,stop,1,11164.57775398188473533966175
scalp_vwap,XAUUSD,60min,SHORT,2025-07-24T15:00:00,2025-07-24T16:00:00,2025-07-25T14:00:00,3379.43000000,3389.959685920,3358.79062816,3358.94062816,10.60295419901934238826722929,111.6457775398188473533966175,217.2478711861966695454809142,2.866555320703354899774553814,214.3813158654933146457063604,1.920191883558099518318776216,target,22,11378.95906984737804998536811
scalp_vwap,XAUUSD,60min,LONG,2025-08-18T18:00:00,2025-08-18T19:00:00,2025-08-18T23:00:00,3346.50000000,3334.783073160,3369.48385368,3334.533073160,9.711555961074327276404986164,113.7895906984737804998536811,-116.2174796887423623189549276,2.599977761898818898439142896,-118.8174574506411812173940705,-1.044185647573779678904268041,stop,4,11260.14161239673686876797404
scalp_vwap,XAUUSD,60min,SHORT,2025-08-19T08:00:00,2025-08-19T09:00:00,2025-08-19T23:00:00,3331.67000000,3339.980685780,3315.79862844,3340.230685780,13.54899211746727460651023921,112.6014161239673686876797404,-115.9886641533341873393073002,3.611261645440175583061757494,-119.5999257987743629223690577,-1.062152945457649103898619543,stop,14,11140.54168659796250584560498
scalp_vwap,XAUUSD,60min,SHORT,2025-08-21T01:00:00,2025-08-21T02:00:00,2025-08-21T06:00:00,3330.86000000,3339.480465305,3314.06906939,3339.730465305,12.92336468210860980414978305,111.4054168659796250584560498,-114.6362580365067775094934956,3.443673478803862724180027710,-118.0799315153106402336735233,-1.059911939985471584703512707,stop,4,11022.46175508265186561193146
scalp_vwap,XAUUSD,60min,LONG,2025-08-21T11:00:00,2025-08-21T12:00:00,2025-08-21T16:00:00,3337.02000000,3330.537117510,3349.53576498,3330.287117510,17.00240868484823001259109890,110.2246175508265186561193146,-114.4752197220385761592670893,4.538990226360979241329339908,-119.0142099483995554005964292,-1.079742552914914859115393282,stop,4,10903.44754513425231021133503
scalp_vwap,XAUUSD,60min,SHORT,2025-09-11T21:00:00,2025-09-11T22:00:00,2025-09-11T22:00:00,3615.58000000,3627.700449880,3591.78910024,3627.950449880,8.995909931632217854780927513,109.0344754513425231021133503,-111.2834529342505775658085822,2.602034562448865138511106072,-113.8854874966994427043196883,-1.044490625788553650617463715,stop,0,10789.56205763755286750701534
scalp_vwap,XAUUSD,60min,LONG,2025-09-12T19:00:00,2025-09-12T20:00:00,2025-09-13T08:00:00,3647.61000000,3636.204270480,3669.97145904,3635.954270480,9.459773738030527018412948776,107.8956205763755286750701534,-110.2605640108831604296733906,2.760445222766202452610660486,-113.0210092336493628822840511,-1.047503213104425783367165102,stop,12,10676.54104840390350462473129
scalp_vwap,XAUUSD,60min,SHORT,2025-09-18T13:00:00,2025-09-18T14:00:00,2025-09-19T15:00:00,3662.73000000,3677.937097050,3632.76580590,3678.187097050,7.020762091081613439578023401,106.7654104840390350462473129,-108.5206010068094384061418188,2.057212474709388639483649092,-110.5778134815188270456254679,-1.035708222168543338125142037,stop,25,10565.96323492238467757910582
scalp_vwap,XAUUSD,60min,SHORT,2025-09-19T16:00:00,2025-09-19T17:00:00,2025-09-20T00:00:00,3652.67000000,3667.913201540,3622.63359692,3668.163201540,6.931590589546442930242268397,105.6596323492238467757910582,-107.3925299966104575083516253,2.025505039897488455840642120,-109.4180350365079459641922674,-1.035570847671151371524803706,stop,7,10456.54519988587673161491355
scalp_vwap,XAUUSD,60min,LONG,2025-09-20T04:00:00,2025-09-20T05:00:00,2025-09-22T16:00:00,3685.15000000,3671.469858955,3712.06028209,3711.91028209,7.643594583922564178222559803,104.5654519988587673161491355,204.5447472473639961253647351,2.253423406475378990510149300,202.2913238408886171348545858,1.934590440474511935121645524,target,28,10658.83652372676534874976814
scalp_vwap,XAUUSD,60min,LONG,2025-10-10T06:00:00,2025-10-10T07:00:00,2025-10-10T15:00:00,3989.34000000,3958.249435700,4051.04112860,3957.999435700,3.428318772498691941963166021,106.5883652372676534874976814,-107.4454449303923264729884729,1.094138336950394536940106938,-108.5395832673427210099285798,-1.018306107104012904648372689,stop,8,10550.29694045942262773983956
scalp_vwap,XAUUSD,60min,SHORT,2025-10-10T17:00:00,2025-10-10T18:00:00,2025-10-10T19:00:00,3975.23000000,4000.993110105,3924.54377979,4001.243110105,4.095117746832849871772047671,105.5029694045942262773983956,-106.5267488413024387453414075,1.302322793659387983661151765,-107.8290716349618267290025593,-1.022047741817078260707142213,stop,1,10442.46786882446080101083700
scalp_vwap,XAUUSD,60min,SHORT,2025-10-11T00:00:00,2025-10-11T01:00:00,2025-10-11T02:00:00,3990.32000000,4015.706121660,3940.02775668,4015.956121660,4.113455378762437082329352155,104.4246786882446080101083700,-105.4530425329352172806907080,1.313120261358666235068836839,-106.7661627942938835157595448,-1.022422708266497766402022355,stop,1,10335.70170603016691749507746
scalp_vwap,XAUUSD,60min,SHORT,2025-10-11T08:00:00,2025-10-11T09:00:00,2025-10-13T09:00:00,3963.95000000,4038.175943985,3822.81811203,4038.425943985,1.392464837916896573840869214,103.3570170603016691749507746,-103.7051332697808933184109919,0.4415728795408545739101210816,-104.1467061493217478923211130,-1.007640401314594342103872942,stop,16,10231.55499988084516960275635
scalp_vwap,XAUUSD,60min,LONG,2025-10-13T11:00:00,2025-10-13T12:00:00,2025-10-14T09:00:00,4045.19000000,4004.765379775,4125.91924045,4125.76924045,2.531020685644758007025347719,102.3155499988084516960275635,203.9477244124928187301582831,0.8190767653890654913951093072,203.1286476471037532387631738,1.985315503356717063629507480,target,21,10434.68364752794892284151952
scalp_vwap,XAUUSD,60min,LONG,2025-10-18T04:00:00,2025-10-18T05:00:00,2025-10-21T06:00:00,4226.65000000,4152.529691245,4374.44061751,4374.29061751,1.407803586196481828570807000,104.3468364752794892284151952,207.8489907988410893596879062,0.4760234422077887936583041126,207.3729673566333005660296021,1.987343118023146178676492212,target,41,10642.05661488458222340754912
scalp_vwap,XAUUSD,60min,LONG,2025-10-31T09:00:00,2025-10-31T10:00:00,2025-10-31T13:00:00,4033.53000000,4001.526321015,4097.08735797,4001.276321015,3.325260392679376896770716412,106.4205661488458222340754912,-107.2518812470156664582681703,1.073003004134723767554527022,-108.3248842511503902258226973,-1.017894267726795223008639986,stop,3,10533.73173063343183318172642
scalp_vwap,XAUUSD,60min,SHORT,2025-11-05T20:00:00,2025-11-05T21:00:00,2025-11-06T18:00:00,3965.93000000,3988.718818120,3920.77236376,3988.968818120,4.622324718713158009609726272,105.3373173063343183318172642,-106.4928984860126078342196958,1.466545301734885979604120137,-107.9594437877474938138238159,-1.024892664332695108630758601,stop,21,10425.77228684568433936790260
scalp_vwap,XAUUSD,60min,SHORT,2025-11-14T23:00:00,2025-11-15T00:00:00,2025-11-15T00:00:00,4113.89142000,4142.302349735,4057.97808053,4058.12808053,3.669634321752576865949544611,104.2577228684568433936790260,204.6310644146521491232131400,1.207718172063635626537625738,203.4233462425885134966755143,1.951158539106499254449688990,target,0,10629.19563308827285286457811
scalp_vwap,XAUUSD,60min,SHORT,2025-11-15T04:00:00,2025-11-15T05:00:00,2025-11-18T06:00:00,4099.83586000,4135.609080170,4028.38394966,4028.53394966,2.971271689430432634397245572,106.2919563308827285286457811,211.8573475955490333652024037,0.9745380977703736551852877504,210.8828094977786597100171159,1.983995937014355730559326943,target,49,10840.07844258605151257459523
scalp_vwap,XAUUSD,60min,SHORT,2025-11-20T22:00:00,2025-11-20T23:00:00,2025-11-21T00:00:00,4059.20385000,4086.219396050,4005.31807790,4086.469396050,4.012533532553213564444904207,108.4007844258605151257459523,-109.4039178089988185168571783,1.303015325087528386453358262,-110.7069331340863469033105366,-1.021274280628505008507869860,stop,1,10729.37150945196516567128469
scalp_vwap,XAUUSD,60min,LONG,2025-12-02T15:00:00,2025-12-02T16:00:00,2025-12-02T20:00:00,4218.57439000,4200.673367550,4253.89643490,4200.423367550,5.993719933830910963228966114,107.2937150945196516567128469,-108.7921450779773793975200884,2.022796273095326046387835852,-110.8149413510727054439079243,-1.032818569600754844034062423,stop,4,10618.55656810089246022737677
scalp_vwap,XAUUSD,60min,SHORT,2025-12-02T21:00:00,2025-12-02T22:00:00,2025-12-02T22:00:00,4185.01922000,4204.713622730,4146.45733454,4204.963622730,5.391662145674469235466566886,106.1855656810089246022737677,-107.5334812174275419111404094,1.805136776591527489098103047,-109.3386179940190694002385124,-1.029693793999103419370362393,stop,0,10509.21795010687339082713826
scalp_vwap,XAUUSD,60min,SHORT,2025-12-03T02:00:00,2025-12-03T03:00:00,2025-12-03T04:00:00,4168.76173000,4193.493806300,4119.74454740,4193.743806300,4.249225913194709572696546412,105.0921795010687339082713826,-106.1544859793674113014455192,1.417120829524032584409761247,-107.5716068088914438858552804,-1.023592881217174637294807310,stop,1,10401.64634329798194694128298
scalp_vwap,XAUUSD,60min,SHORT,2025-12-03T05:00:00,2025-12-03T06:00:00,2025-12-03T10:00:00,4188.77401000,4213.344203665,4139.78239267,4213.594203665,4.233440926481188135535716780,104.0164634329798194694128298,-105.0748236646001165032967590,1.418634186057177729284189430,-106.4934578506572942325809484,-1.023813484288219996820281473,stop,4,10295.15288544732465270870203
scalp_vwap,XAUUSD,60min,LONG,2025-12-08T19:00:00,2025-12-08T20:00:00,2025-12-08T22:00:00,4209.52710000,4200.242126170,4227.54978766,4199.992126170,11.08797189302075249113405636,102.9515288544732465270870203,-105.7235218277284346498705344,3.734009453416732677905705598,-109.4575312811451673277762400,-1.063194811180205555840538110,stop,2,10185.69535416617948538092579
scalp_vwap,XAUUSD,60min,SHORT,2025-12-09T15:00:00,2025-12-09T16:00:00,2025-12-09T20:00:00,4187.12707000,4200.313160420,4161.67885916,4200.563160420,7.724575692820237376607437059,101.8569535416617948538092579,-103.7880974648668541979611172,2.587502399013729645073502758,-106.3755998638805838430346200,-1.044362669067758447844770657,stop,4,10079.31975430229890153789117
scalp_vwap,XAUUSD,60min,SHORT,2025-12-09T22:00:00,2025-12-09T23:00:00,2025-12-10T03:00:00,4202.81736000,4216.696675590,4175.86125882,4216.946675590,7.262115836291246765675634565,100.7931975430229890153789117,-102.6087265020958007067978203,2.441707720567661593826032726,-105.0504342226634623006238530,-1.042237341243423660777209836,stop,4,9974.269320079635439237267317
scalp_vwap,XAUUSD,60min,SHORT,2025-12-16T20:00:00,2025-12-16T21:00:00,2025-12-17T00:00:00,4279.43899000,4296.714748065,4245.86529387,4296.964748065,5.773563905300983062381909617,99.74269320079635439237267317,-101.1860841771216001579681506,1.976609159008135568198939703,-103.1626933361297357261670903,-1.034288227293486353879429603,stop,3,9871.106626743505703511100227
scalp_vwap,XAUUSD,60min,LONG,2025-12-29T13:00:00,2025-12-29T14:00:00,2025-12-29T17:00:00,4512.09568000,4498.425365790,4539.25663842,4498.175365790,7.220833753420731141710238880,98.71106626743505703511100227,-100.5162747057902398205385620,2.606487422784629296556178932,-103.1227621285748691170947409,-1.044693022048686326427898543,stop,3,9767.983864614930834394005486
scalp_vwap,XAUUSD,60min,LONG,2026-01-02T18:00:00,2026-01-02T19:00:00,2026-01-03T00:00:00,4383.31958000,4370.047575610,4409.25443878,4369.797575610,7.359840742649822793190023565,97.67983864614930834394005486,-99.51979883181176404223756075,2.580842722635096746633609676,-102.1006415544468607888711704,-1.045258089791816290983008031,stop,5,9665.883223060483973605134316
scalp_vwap,XAUUSD,60min,SHORT,2026-01-17T02:00:00,2026-01-17T03:00:00,2026-01-19T10:00:00,4571.56865000,4600.262482820,4515.09808436,4600.512482820,3.368627427257898121957878723,96.65883223060483973605134316,-97.50098908741931426654081284,1.231992923198589001538921199,-98.73298201061790326807973404,-1.021458460982278769685812925,stop,55,9567.150241049866070337054582
scalp_vwap,XAUUSD,60min,LONG,2026-01-30T03:00:00,2026-01-30T04:00:00,2026-01-30T13:00:00,5251.90738000,5145.898754655,5469.47742069,5145.648754655,0.9024879069900239984417519457,95.67150241049866070337054582,-95.89712438724616670298098380,0.3791826319265328499034676436,-96.27630701917269955288445144,-1.006321679846512681896903433,stop,9,9470.873934030693370784170131
scalp_vwap,XAUUSD,60min,LONG,2026-01-30T15:00:00,2026-01-30T16:00:00,2026-01-30T19:00:00,5215.61014000,5102.375494125,5440.23170175,5102.125494125,0.8363936550378418685352885271,94.70873934030693370784170131,-94.91783775406639417497552344,0.3489842582597624106599358232,-95.26682201232615658563545926,-1.005892620637826496845570675,stop,3,9375.607112018367214198534672
scalp_vwap,XAUUSD,60min,SHORT,2026-01-30T23:00:00,2026-01-31T00:00:00,2026-01-31T04:00:00,5068.55874000,5191.916864025,4821.67032195,4821.82032195,0.7600315898220281170653555318,93.75607112018367214198534672,187.5289921407136986473260324,0.3081811805814828525821880746,187.2208109601322157947438443,1.996892667570704004145948263,target,4,9562.827922978499429993278516
scalp_vwap,XAUUSD,60min,LONG,2026-02-03T23:00:00,2026-02-04T00:00:00,2026-02-04T16:00:00,4915.05680000,4829.452753125,5085.98151375,5085.83151375,1.117099982077044699295155667,95.62827922978499429993278516,190.7724296693374389680850358,0.4392487890550125338539688054,190.3331808802824264342310670,1.990344095002809994197485188,target,16,9753.161103858781856427509583
scalp_vwap,XAUUSD,60min,LONG,2026-02-05T05:00:00,2026-02-05T06:00:00,2026-02-05T13:00:00,4929.01985000,4857.389360100,5071.18033980,4857.139360100,1.361593522182344009967117310,97.53161103858781856427509583,-97.87200941913340456676687513,0.5369057198774551155725215254,-98.40891513901085968233939666,-1.008995074428494171167186168,stop,7,9654.752188719770996745170186
scalp_vwap,XAUUSD,60min,LONG,2026-02-05T14:00:00,2026-02-05T15:00:00,2026-02-06T07:00:00,4878.14108000,4797.988514215,5034.59202157,4797.738514215,1.204546865613451303285084249,96.54752188719770996745170186,-96.84865860360107279327297294,0.4700759638347372962507606740,-97.31873456743581008952373361,-1.007987907562652456141831792,stop,16,9557.433454152335186655646452
scalp_vwap,XAUUSD,60min,SHORT,2026-02-06T08:00:00,2026-02-06T09:00:00,2026-02-06T16:00:00,4779.04919000,4855.921942365,4624.95973527,4856.171942365,1.243279726576280912464457256,95.57433454152335186655646452,-95.88515447316742209467257882,0.4753355976190237414340580282,-96.36049007078644583610663685,-1.008225592498596365302654010,stop,7,9461.072964081548740819539815
scalp_vwap,XAUUSD,60min,SHORT,2026-02-06T17:00:00,2026-02-06T18:00:00,2026-02-07T00:00:00,4842.35250000,4928.493737110,4670.70788578,4928.743737110,1.098320999499927978317786643,94.61072964081548740819539815,-94.88530989069046940277484481,0.4254765950184779996501663956,-95.31078648570894740242501121,-1.007399338822892370694442654,stop,6,9365.762177595839793417114804
scalp_vwap,XAUUSD,60min,SHORT,2026-02-14T02:00:00,2026-02-14T03:00:00,2026-02-14T03:00:00,4977.78562000,5022.683185395,4888.51542921,5022.933185395,2.086028962861949364151511317,93.65762177595839793417114804,-94.17912901667388527520902587,0.8307043979390180472033229232,-95.00983341461290332241234879,-1.014437817371544807346229157,stop,0,9270.752344181226890094702455
scalp_vwap,XAUUSD,60min,LONG,2026-02-19T16:00:00,2026-02-19T17:00:00,2026-02-20T01:00:00,4997.80668000,4974.370505425,5044.03114915,4974.120505425,3.955744703348723408327274954,92.70752344181226890094702455,-93.69645961764944975302884329,1.581603784221669457568833791,-95.27806340187111921059767708,-1.027727414827042010972048752,stop,8,9175.474280779355770884104778
scalp_vwap,XAUUSD,60min,LONG,2026-02-20T02:00:00,2026-02-20T03:00:00,2026-02-20T05:00:00,5011.60948000,4984.376418995,5065.02695201,4984.126418995,3.369240894034914152274930718,91.75474280779355770884104778,-92.59705303130228624690978045,1.350825568395924097322176508,-93.94787859969821034423195696,-1.023902151810275357623170719,stop,2,9081.526402179657560539872821
scalp_vwap,XAUUSD,60min,LONG,2026-02-25T01:00:00,2026-02-25T02:00:00,2026-02-25T16:00:00,5129.22400000,5095.434458370,5196.35800326,5196.20800326,2.687673748766285812602150064,90.81526402179657560539872821,180.0311471491773098494341690,1.102854455707360286468676045,178.9282926934699495629654930,1.970244700830527365754029024,target,14,9260.454694873127510102838314
scalp_vwap,XAUUSD,60min,LONG,2026-02-27T12:00:00,2026-02-27T13:00:00,2026-02-28T03:00:00,5192.73012000,5163.393258775,5252.28218245,5252.13218245,3.156593550976627190321666156,92.60454694873127510102838314,187.5081672443808668498556486,1.311307072700326994175543067,186.1968601716805398556801055,2.010666498641420355288877704,target,14,9446.651555044808049958518420
scalp_vwap,XAUUSD,60min,LONG,2026-03-03T04:00:00,2026-03-03T05:00:00,2026-03-03T20:00:00,5308.51524000,5267.261675605,5390.08252879,5267.011675605,2.289899477435156557932748400,94.46651555044808049958518420,-95.03899041980686963906837130,0.9724773019226051759657550224,-96.01146772172947481503412632,-1.016354495159253983779308775,stop,15,9350.640087323078575143484294
scalp_vwap,XAUUSD,60min,SHORT,2026-03-09T17:00:00,2026-03-09T18:00:00,2026-03-10T06:00:00,5101.33570000,5137.868300300,5026.18549940,5138.118300300,2.559533132198935911809016314,93.50640087323078575143484294,-94.14628415628051972938709701,1.044563019409540101513870920,-95.19084717569005983090096793,-1.018014235247305952103278014,stop,12,9255.449240147388515312583326
scalp_vwap,XAUUSD,60min,SHORT,2026-03-10T07:00:00,2026-03-10T08:00:00,2026-03-10T12:00:00,5137.89418000,5175.457631645,5063.65794671,5175.707631645,2.463950684728772484271149126,92.55449240147388515312583326,-93.17048007265607827419362054,1.012761430629998002038470291,-94.18324150328607627623209083,-1.017597731450432049346885838,stop,4,9161.265998644102439036351235
scalp_vwap,XAUUSD,60min,LONG,2026-03-10T15:00:00,2026-03-10T16:00:00,2026-03-11T02:00:00,5163.81505000,5128.281892450,5235.04183510,5234.89183510,2.578230202523643283436923616,91.61265998644102439036351235,183.2523140431024713259046093,1.065080313772490973427440151,182.1872337293299803524771691,1.988668746833617661428459233,target,10,9343.453232373432419388828404
scalp_vwap,XAUUSD,60min,SHORT,2026-03-12T13:00:00,2026-03-12T14:00:00,2026-03-12T18:00:00,5151.33712000,5183.157554665,5088.97794067,5183.407554665,2.936305971536744380103466573,93.43453232373432419388828404,-94.16860881661851028891415067,1.210072155748391581534270144,-95.37868097236690187044842081,-1.020807602930963922456525626,stop,4,9248.074551401065517518379983
scalp_vwap,XAUUSD,60min,SHORT,2026-03-13T03:00:00,2026-03-13T04:00:00,2026-03-13T07:00:00,5122.99251000,5153.156098320,5063.99544336,5064.14544336,3.065972938395104550849532342,92.48074551401065517518379983,180.4235138221733321536096983,1.256556511940864962773525466,179.1669573102324671908361728,1.937343349844525394318204910,target,3,9427.241508711297984709216156
scalp_vwap,XAUUSD,60min,LONG,2026-03-31T06:00:00,2026-03-31T07:00:00,2026-03-31T12:00:00,4513.73330000,4477.074033680,4586.07515264,4585.92515264,2.571584882910798522688278437,94.27241508711297984709216156,185.6474769183480212146418936,0.9285958655816857777159110320,184.7188810527663354369259826,1.959416027287258595632472549,target,5,9611.960389764064320146142139
scalp_vwap,XAUUSD,60min,LONG,2026-04-02T17:00:00,2026-04-02T18:00:00,2026-04-08T05:00:00,4598.56400000,4542.250163800,4710.46759240,4710.31759240,1.706855905825159238600431583,96.11960389764064320146142139,190.7472791851176312156469776,0.6279268897371974055116284050,190.1193522953804338101353492,1.977945648817297231119907261,target,131,9802.079742059444753956277488
scalp_vwap,XAUUSD,60min,LONG,2026-04-09T11:00:00,2026-04-09T12:00:00,2026-04-13T08:00:00,4727.67838000,4687.457702410,4807.63121518,4687.207702410,2.437074741002503521959257347,98.02079742059444753956277488,-98.63006610584507342005258921,0.9217364450785308341312508960,-99.55180255092360425418384011,-1.015619186648317229406477535,stop,92,9702.527939508521149702093648
scalp_vwap,XAUUSD,60min,LONG,2026-04-14T14:00:00,2026-04-14T15:00:00,2026-04-15T03:00:00,4774.41035000,4751.825590365,4819.33878927,4819.18878927,4.296051007986971276748809927,97.02527939508521149702093648,192.3704591619668782671309484,1.640888831732874266308978598,190.7295703302340040008219698,1.965771925825501485351539806,target,12,9893.257509838755153702915618
scalp_vwap,XAUUSD,60min,SHORT,2026-04-30T21:00:00,2026-04-30T22:00:00,2026-05-01T18:00:00,4629.82002000,4658.474527475,4573.13575505,4573.28575505,3.452600788364712645860235857,98.93257509838755153702915618,195.1902477359895419516780946,1.278793620083098373548071207,193.9114541159064435781300234,1.960036458396673244511943927,target,20,10087.16896395466159728104564
scalp_vwap,XAUUSD,60min,SHORT,2026-05-06T01:00:00,2026-05-06T02:00:00,2026-05-06T09:00:00,4569.25731000,4593.468139510,4523.36198098,4593.718139510,4.166387178013985195867436283,100.8716896395466159728104564,-101.9132864340501122717773155,1.522983605554453851075925202,-103.4362700396045661228532407,-1.025424184022515963766331937,stop,7,9983.732693915057031158192399
scalp_vwap,XAUUSD,60min,LONG,2026-05-12T04:00:00,2026-05-12T05:00:00,2026-05-12T16:00:00,4727.65254000,4702.452443245,4774.94407351,4702.202443245,3.961783476856756628416442125,99.83732693915057031158192399,-100.8277728083647594686860345,1.498394857383350135239586303,-102.3261676657481096039256208,-1.024928959968193582437695684,stop,11,9881.406526249308921554266778
scalp_vwap,XAUUSD,60min,SHORT,2026-05-12T23:00:00,2026-05-13T00:00:00,2026-05-13T05:00:00,4681.89966000,4706.686351405,4627.02017719,4706.936351405,3.986577459973548624391028028,98.81406526249308921554266778,-99.81070962748647637164042479,1.493180452353105673082385746,-101.3038900798395820447228105,-1.025197068967180293177979314,stop,5,9780.102636169469339509543968
scalp_vwap,XAUUSD,60min,LONG,2026-05-21T07:00:00,2026-05-21T08:00:00,2026-05-21T17:00:00,4544.56759000,4519.502221215,4594.61360757,4519.252221215,3.901838716221972131462315514,97.80102636169469339509543968,-98.77648604075018642796101857,1.418573581691966543562148671,-100.1950596224421529715231672,-1.024478610806124630493841744,stop,9,9679.907576547027186538020801
scalp_vwap,XAUUSD,60min,LONG,2026-05-21T18:00:00,2026-05-21T19:00:00,2026-05-21T20:00:00,4533.93052000,4508.135885305,4585.79527939,4507.885885305,3.752682560154018566742885521,96.79907576547027186538020801,-97.73724640550877650706592938,1.361152159308323254432178053,-99.09839856481709976149810743,-1.023753561500088536144318519,stop,1,9580.809177982210086776522694
scalp_vwap,XAUUSD,60min,LONG,2026-05-26T13:00:00,2026-05-26T14:00:00,2026-05-26T14:00:00,4542.64782000,4526.106038120,4574.29036376,4525.856038120,5.791884603173240540139755908,95.80809177982210086776522694,-97.25606293061541100280016592,2.104839357303718897760118774,-99.36090228791912990056028469,-1.037082572485232165327040330,stop,0,9481.448275694290956875962409
scalp_vwap,XAUUSD,60min,LONG,2026-05-26T15:00:00,2026-05-26T16:00:00,2026-05-26T21:00:00,4528.00815000,4511.035967385,4562.06780523,4510.785967385,5.586463739386468389632020471,94.81448275694290956875962409,-96.21109869178952666616762920,2.023644267329712389437693136,-98.23474295911923905560532234,-1.036073183154351771626869217,stop,5,9383.213532735171717820357087
scalp_vwap,XAUUSD,60min,SHORT,2026-05-26T23:00:00,2026-05-27T00:00:00,2026-05-27T20:00:00,4514.01659000,4535.861436075,4468.58452785,4468.73452785,4.295390089048806317954500436,93.83213532735171717820357087,194.5041209708020820729283496,1.551156969799031123115474386,192.9529640010030509498128752,2.056363348524990693943353867,target,20,9576.166496736174768770169962
scalp_vwap,XAUUSD,60min,SHORT,2026-05-29T05:00:00,2026-05-29T06:00:00,2026-05-29T19:00:00,4498.53202000,4530.362458690,4435.61418262,4530.612458690,3.008493407835019307039958978,95.76166496736174768770169962,-96.51378831932050251446168937,1.082704314168380258402997350,-97.59649263348888277286468672,-1.019160356774837777141550291,stop,13,9478.570004102685885997305275
scalp_vwap,XAUUSD,60min,SHORT,2026-06-01T16:00:00,2026-06-01T17:00:00,2026-06-01T23:00:00,4502.48206000,4514.309718725,4478.98031255,4479.13031255,8.013902180038328664236383160,94.78570004102685885997305275,187.1386197972594822873438667,2.886596063697397193848646302,184.2520237335620850934952204,1.943879969803575812929959222,target,6,9662.822027836247971090800495
scalp_vwap,XAUUSD,60min,SHORT,2026-06-02T04:00:00,2026-06-02T05:00:00,2026-06-02T14:00:00,4487.64165000,4509.353206800,4443.82388640,4509.603206800,4.450543144762538617723995036,96.62822027836247971090800495,-97.74085606455311436533900371,1.597795422524667812850530266,-99.33865148707778217818953398,-1.028050099659366665038040939,stop,9,9563.483376349170188912610961
scalp_vwap,XAUUSD,60min,SHORT,2026-06-02T22:00:00,2026-06-02T23:00:00,2026-06-03T09:00:00,4516.18656000,4537.135493420,4470.23029316,4470.38029316,4.565140947566756927958488381,95.63483376349170188912610961,209.1120644064533165554851752,1.649362255352532187266641077,207.4627021511007843682185341,2.169321511701095472764169012,target,10,9770.946078500270973280829495
scalp_vwap,XAUUSD,60min,SHORT,2026-06-05T00:00:00,2026-06-05T01:00:00,2026-06-05T23:00:00,4463.37178000,4493.917005125,4405.38707975,4405.53707975,3.198845658696146530129995071,97.70946078500270973280829495,185.0042798167054404001458585,1.142210995327991361386171178,183.8620688213774490387596873,1.881722274836237600000337205,target,22,9954.808147321648422319589182
scalp_vwap,XAUUSD,60min,SHORT,2026-06-22T12:00:00,2026-06-22T13:00:00,2026-06-22T16:00:00,4188.84311000,4203.877598690,4158.62320262,4204.127598690,6.621314733465437474960506410,99.54808147321648422319589182,-101.2034101565828435919360184,2.218851888033454735209929184,-103.4222620446162983271459476,-1.038917681928829200509378946,stop,3,9851.385885277032123992443234
scalp_vwap,XAUUSD,60min,LONG,2026-06-22T19:00:00,2026-06-22T20:00:00,2026-06-22T23:00:00,4209.10892000,4191.026505460,4244.11226908,4190.776505460,5.448047805499006176413232054,98.51385885277032123992443234,-99.87587080414507278402774036,1.834514129176983355862082291,-101.7103849333220561398898227,-1.032447476099063040283557176,stop,3,9749.675500343710067852553411
scalp_vwap,XAUUSD,60min,LONG,2026-06-27T01:00:00,2026-06-27T02:00:00,2026-06-28T22:00:00,4090.29560000,4059.525962845,4150.82324431,4080.64624000,3.168602688172879127944514564,97.49675500343710067852553411,-30.57498803514785294202268105,1.036841730686535962909062798,-31.61182976583438890493174385,-0.3242346862182229720869128006,eod,44,9718.063670577875678947621667
scalp_vwap,EURUSD,15min,SHORT,2025-06-18T13:45:00,2025-06-18T14:00:00,2025-06-18T16:15:00,1.14995000,1.151025900,1.14791820,1.151115900,92945.44102611766892833906497,100.000,-108.3650896923505902035505158,8.550608792638721070731480624,-116.9156984849893112742819964,-1.169156984849893112742819964,stop,9,9883.084301515010688725718004
scalp_vwap,EURUSD,15min,LONG,2025-06-18T17:15:00,2025-06-18T17:30:00,2025-06-18T18:15:00,1.15195000,1.150805740,1.15414852,1.150715740,86370.96727592514541035881709,98.83084301515010688725718004,-106.6042300699833699741894736,7.959602860280157700437027148,-114.5638329302635276746265007,-1.159191092933424221767780050,stop,3,9768.520468584747161051091503
scalp_vwap,EURUSD,15min,LONG,2025-06-18T19:15:00,2025-06-18T19:30:00,2025-06-18T20:45:00,1.15085000,1.149668110,1.15318378,1.149578110,82651.68897769460069085186864,97.68520468584747161051091503,-105.1238566938399856726875832,7.609575700798386496405349842,-112.7334323946383721690929330,-1.154048177072316374620311534,stop,5,9655.787036190108788881998570
scalp_vwap,EURUSD,15min,LONG,2025-06-26T01:30:00,2025-06-26T01:45:00,2025-06-26T04:30:00,1.16283000,1.161530050,1.16527990,1.16521990,74278.14174537565897828376914,96.55787036190108788881998570,177.5173309572732873922003799,6.909828125262014202377417222,170.6075028320112731898229627,1.766893803607831070425785608,target,11,9826.394539022120062071821533
scalp_vwap,EURUSD,15min,SHORT,2025-06-27T08:30:00,2025-06-27T08:45:00,2025-06-27T09:45:00,1.16811000,1.169868090,1.16477382,1.169958090,55892.44315718831266927075140,98.26394539022120062071821533,-103.2942652743681487609525830,5.223081742107459192968148594,-108.5173470164756079539207316,-1.104345511321945975462007065,stop,4,9717.877192005644454117900801
scalp_vwap,EURUSD,15min,SHORT,2025-06-27T10:15:00,2025-06-27T10:30:00,2025-06-27T13:15:00,1.16922000,1.170706005,1.16633799,1.170796005,65395.99255726356542621256861,97.17877192005644454117900801,-103.0644112502101654295381392,6.116984193424296477410900758,-109.1813954436344619069490400,-1.123510755347391159518305794,stop,11,9608.695796562009992210951761
scalp_vwap,EURUSD,15min,SHORT,2025-07-02T02:00:00,2025-07-02T02:15:00,2025-07-02T05:00:00,1.17697000,1.178702510,1.17353498,1.178792510,55461.12747725560021131740516,96.08695796562009992210951761,-101.0784594385731039411280841,5.222086656552441902457139708,-106.3005460951255458435852238,-1.106295259479021766108132132,stop,11,9502.395250466884446367366537
scalp_vwap,EURUSD,15min,LONG,2025-07-02T07:15:00,2025-07-02T07:30:00,2025-07-02T12:00:00,1.18026000,1.178970340,1.18268932,1.178880340,73681.39858929395690621843383,95.02395250466884446367366537,-101.6552783777053005852333244,6.957056599920006846250669496,-108.6123349776253074314839939,-1.142999550269063163934680458,stop,18,9393.782915489259138935882543
scalp_vwap,EURUSD,15min,SHORT,2025-07-03T02:30:00,2025-07-03T02:45:00,2025-07-03T05:45:00,1.17859000,1.180353515,1.17527297,1.180443515,53267.38312681921695554550170,93.93782915489259138935882543,-98.73189363630632091535792058,5.022432406355028872930909828,-103.7543260426613497882888304,-1.104499933371703671360890041,stop,12,9290.028589446597789147593713
scalp_vwap,EURUSD,15min,LONG,2025-07-03T07:45:00,2025-07-03T08:00:00,2025-07-03T21:45:00,1.17966000,1.178552195,1.18175561,1.178462195,83859.78208661811229546349505,92.90028589446597789147593713,-100.4476662822616079980676517,7.914082442903993788037317326,-108.3617487251656017861049690,-1.166430734650953913369230144,stop,55,9181.666840721432187361488744
scalp_vwap,EURUSD,15min,SHORT,2025-07-04T00:00:00,2025-07-04T00:15:00,2025-07-04T15:00:00,1.17606000,1.178341375,1.17179725,1.178431375,40246.19731837787381452627799,91.81666840721432187361488744,-95.43882616586833051692225247,3.786555425460118582264941960,-99.22538159132844909918719443,-1.080690285463810202180702427,stop,59,9082.441459130103738262301550
scalp_vwap,EURUSD,15min,LONG,2025-07-04T15:30:00,2025-07-04T15:45:00,2025-07-04T16:00:00,1.17840000,1.177564900,1.18001020,1.177474900,108758.7290040726109239887624,90.82441459130103738262301550,-100.6127002016675723657820041,10.25290290067193317702626861,-110.8656031023395055428082727,-1.220658603760028739073164890,stop,1,8971.575856027764232719493277
scalp_vwap,EURUSD,15min,LONG,2025-07-04T16:30:00,2025-07-04T16:45:00,2025-07-04T17:15:00,1.17828000,1.177240140,1.17990972,1.177150140,86276.76664193030054737650527,89.71575856027764232719493277,-97.48066755805136937645881824,8.132655087908290762317023088,-105.6133226459596601387758413,-1.177199238359009866712826726,stop,2,8865.962533381804572580717436
scalp_vwap,EURUSD,15min,LONG,2025-07-08T10:30:00,2025-07-08T10:45:00,2025-07-08T11:00:00,1.17464000,1.173548670,1.17667266,1.173458670,81239.97813110429084310627799,88.65962533381804572580717436,-95.97122336561743190168673938,7.634218232953627535675708670,-103.6054415985710594373624480,-1.168575224725793298085821886,stop,1,8762.357091783233513143354988
scalp_vwap,EURUSD,15min,LONG,2025-07-08T12:15:00,2025-07-08T12:30:00,2025-07-08T15:15:00,1.17483000,1.173660090,1.17689982,1.173570090,74897.70231712895447635591616,87.62357091783233513143354988,-94.36436412637394103430558233,7.039365409058608766996577678,-101.4037295354325498013021600,-1.157265430674154422135036028,stop,11,8660.953362247800963342052828
scalp_vwap,EURUSD,15min,SHORT,2025-07-10T21:45:00,2025-07-10T22:00:00,2025-07-10T23:30:00,1.17112000,1.171939600,1.16957080,1.16963080,105672.9302372840527494149930,86.60953362247800963342052828,157.3681277093634113544288076,9.900454564759047988471590928,147.4676731446043633659572167,1.702672523182040019521717911,target,6,8808.421035392405326708010045
scalp_vwap,EURUSD,15min,LONG,2025-07-15T15:45:00,2025-07-15T16:00:00,2025-07-15T16:45:00,1.16860000,1.167863375,1.17001325,1.167773375,119578.0897389092866344206353,88.08421035392405326708010045,-98.84623843042588906417795765,11.17911645351115138887871635,-110.0253548839370404530566740,-1.249092821992194128627184796,stop,3,8698.395680508468286254953371
scalp_vwap,EURUSD,15min,LONG,2025-07-15T17:15:00,2025-07-15T17:30:00,2025-07-15T21:00:00,1.16848000,1.167472970,1.17016406,1.167382970,86376.72840440173863991095966,86.98395680508468286254953371,-94.75786236148083934014152008,8.074358368478027485277052648,-102.8322207299588668254185727,-1.182197551214958839359304092,stop,14,8595.563459778509419429534798
scalp_vwap,EURUSD,15min,LONG,2025-07-17T02:00:00,2025-07-17T02:15:00,2025-07-17T16:00:00,1.16467000,1.160818700,1.17240260,1.160728700,22318.60270500482803061183184,85.95563459778509419429534798,-87.96430884123552871705041283,2.079504560995037844993014576,-90.04381340223056656204342741,-1.047561498714719705034663620,stop,55,8505.519646376278852867491371
scalp_vwap,EURUSD,15min,LONG,2025-07-19T03:45:00,2025-07-19T04:00:00,2025-07-21T21:00:00,1.16274000,1.161352400,1.16530520,1.16524520,61296.62472165089977563772968,85.05519646376278852867491371,153.5603042526798341179276404,5.701762994308189376410001104,147.8585412583716447415176393,1.738383395791294321130008648,target,62,8653.378187634650497609009010
scalp_vwap,EURUSD,15min,SHORT,2025-07-24T19:15:00,2025-07-24T19:30:00,2025-07-24T22:30:00,1.17518000,1.176155120,1.17340976,1.17346976,88741.67474397664387571795276,86.53378187634650497609009010,151.7695618141386154220078715,8.342995306050117787989297896,143.4265665080884976340185736,1.657463286569858068750512757,target,12,8796.804754142738995243027584
scalp_vwap,EURUSD,15min,SHORT,2025-07-25T17:45:00,2025-07-25T18:00:00,2025-07-25T20:15:00,1.17519000,1.176306870,1.17322626,1.17328626,78763.01408528064139284811647,87.96804754142738995243027584,149.9443004347121682452206732,7.404920521830476556676894240,142.5393799128816916885437790,1.620354025087969056380778425,target,9,8939.344134055620686931571363
scalp_vwap,EURUSD,15min,LONG,2025-07-28T12:15:00,2025-07-28T12:30:00,2025-07-28T15:15:00,1.17512000,1.174069280,1.17704144,1.173979280,85078.27141441697775745747072,89.39344134055620686931571363,-97.05048576785373486748688600,7.998174264360774312187473840,-105.0486600322145091796743598,-1.175127150906045378407187452,stop,11,8834.295474023406177751897003
scalp_vwap,EURUSD,15min,LONG,2025-07-30T11:00:00,2025-07-30T11:15:00,2025-07-30T11:15:00,1.15705000,1.156275580,1.15832884,1.156185580,114076.2825601534849016282767,88.34295474023406177751897003,-98.60982017064787541866551495,10.55935701889804717643431981,-109.1691771895459225950998348,-1.235742878541359985537563597,stop,0,8725.126296833860255156797168
scalp_vwap,EURUSD,15min,LONG,2025-07-30T12:00:00,2025-07-30T12:15:00,2025-07-30T13:30:00,1.15674000,1.155923785,1.15822243,1.155833785,106897.4019937621858843172101,87.25126296833860255156797168,-96.87202914777719928115652055,9.892200062581157671986007168,-106.7642292103583569531425277,-1.223641074961866665033110148,stop,5,8618.362067623501898203654640
scalp_vwap,EURUSD,15min,LONG,2025-08-07T21:45:00,2025-08-07T22:00:00,2025-08-08T00:00:00,1.16450000,1.163094275,1.16740145,1.163004275,61309.01895906739866050368771,86.18362067623501898203654640,-91.70143238255108486148187830,5.711548206226718859212523548,-97.41298058877780372069440185,-1.130295754859592025467285565,stop,8,8520.949087034724094482960238
scalp_vwap,EURUSD,15min,SHORT,2025-08-08T00:15:00,2025-08-08T00:30:00,2025-08-08T02:15:00,1.16235000,1.164338205,1.15846359,1.164428205,42857.49752683814845291587255,85.20949087034724094482960238,-89.06666564776267430559203091,3.985232980025625748339741156,-93.05189862778830005393177207,-1.092036786951043780696658544,stop,7,8427.897188406935794429028466
scalp_vwap,EURUSD,15min,SHORT,2025-08-08T02:30:00,2025-08-08T02:45:00,2025-08-08T05:30:00,1.16355000,1.165274165,1.16025167,1.165364165,48881.03626049093789996333568,84.27897188406935794429028466,-88.67826514751354235528698487,4.550042379271538463480187138,-93.22830752678508081876717201,-1.106187052863270046660267434,stop,11,8334.668880880150713610261294
scalp_vwap,EURUSD,15min,LONG,2025-08-08T07:00:00,2025-08-08T07:15:00,2025-08-08T15:15:00,1.16678000,1.165165290,1.16985942,1.165075290,51617.12555740752651318355181,83.34668880880150713610261294,-87.99223010896818452228913261,4.818066380629756302804184366,-92.81029648959794082509331698,-1.113545094784822042348161590,stop,32,8241.858584390552772785167977
scalp_vwap,EURUSD,15min,LONG,2025-08-11T18:15:00,2025-08-11T18:30:00,2025-08-11T19:15:00,1.16558000,1.164637820,1.16719436,1.164547820,87476.47566696971675035734124,82.41858584390552772785167977,-90.29146865393280223538384048,8.156866440632524995990520784,-98.44833509456532723137436126,-1.194491922987114988643359018,stop,3,8143.410249295987445553793616
scalp_vwap,EURUSD,15min,SHORT,2025-08-11T20:15:00,2025-08-11T20:30:00,2025-08-11T21:45:00,1.16437000,1.165359040,1.16266192,1.16272192,82336.51064968037132526281663,81.43410249295987445553793616,135.6971564715252263737391428,7.669613032413466716799701264,128.0275434391117596569394415,1.572161287713338186524306397,target,5,8271.437792735099205210733058
scalp_vwap,EURUSD,15min,SHORT,2025-08-14T15:45:00,2025-08-14T16:00:00,2025-08-14T16:45:00,1.17005000,1.170872090,1.16876582,1.16882582,100614.7476886362710312828651,82.71437792735099205210733058,123.1705618254747502710758578,9.417942842647109513612201304,113.7526189828276407574636565,1.375246019292291598243501320,target,3,8385.190411717926845968196714
scalp_vwap,EURUSD,15min,LONG,2025-08-15T15:45:00,2025-08-15T16:00:00,2025-08-15T18:00:00,1.16716000,1.166378245,1.16854351,1.16848351,107261.1036925625911694609784,83.85190411717926845968196714,141.9611433481435150386932995,10.01526958286490831274784604,131.9458737652786067259454535,1.573558467806409936616970791,target,8,8517.136285483205452694142168
scalp_vwap,EURUSD,15min,SHORT,2025-08-18T20:15:00,2025-08-18T20:30:00,2025-08-19T10:45:00,1.16782000,1.169017630,1.16560474,1.16566474,71116.59097954464611519536224,85.17136285483205452694142168,153.2747438745733939862359564,6.644110182218546290099795834,146.6306336923548476961361606,1.721595484415053063133021050,target,57,8663.766919175560300390278329
scalp_vwap,EURUSD,15min,LONG,2025-08-19T20:00:00,2025-08-19T20:15:00,2025-08-19T22:30:00,1.16829000,1.167315470,1.17011906,1.167225470,88902.00321360615168738036109,86.63766919175560300390278329,-94.63884948098015665576701579,8.309065706753914476387968168,-102.9479151877340711321549840,-1.188258134690568787005017804,stop,9,8560.819003987826229258123345
scalp_vwap,EURUSD,15min,LONG,2025-08-19T23:15:00,2025-08-19T23:30:00,2025-08-20T01:30:00,1.16744000,1.166250685,1.16951863,1.166160685,71981.08998867269166922239562,85.60819003987826229258123345,-92.08648813885880454281124905,6.722688295710083772985359484,-98.80917643456888831579660853,-1.154202376998524360661389119,stop,8,8462.009827553257340942326736
scalp_vwap,EURUSD,15min,SHORT,2025-08-20T03:15:00,2025-08-20T03:30:00,2025-08-20T10:00:00,1.16561000,1.166749905,1.16354019,1.16360019,74234.34257726088876654042868,84.62009827553257340942326736,149.1969240552047068518806190,6.922263364118485164413375126,142.2746606910862216874672439,1.681334146266574846149459824,target,26,8604.284488244343562629793980
scalp_vwap,EURUSD,15min,LONG,2025-08-22T23:00:00,2025-08-22T23:15:00,2025-08-22T23:30:00,1.16170000,1.160662775,1.16353445,1.160572775,82954.85056997607619012069686,86.04284488244343562629793980,-93.50878143374128248340880252,7.709491992571296616805057084,-101.2182734263125791002138596,-1.176370604256549928896816024,stop,1,8503.066214818030983529580120
scalp_vwap,EURUSD,15min,LONG,2025-08-28T02:45:00,2025-08-28T03:00:00,2025-08-28T20:30:00,1.16392000,1.162389735,1.16677053,1.16671053,55565.97200365969935618719712,85.03066214818030983529580120,155.0585118553725008444210592,5.173947690759967781972272198,149.8845641646125330624487870,1.762711948584068772402165638,target,70,8652.950778982643516592028907
scalp_vwap,EURUSD,15min,SHORT,2025-08-29T12:15:00,2025-08-29T12:30:00,2025-08-29T15:45:00,1.16602000,1.166989165,1.16408167,1.167079165,89282.53474880586398179906318,86.52950778982643516592028907,-94.56493591721896292428220475,8.328417693424209081604587488,-102.8933536106431720058867922,-1.189112896152873865647232411,stop,13,8550.057425372000344586142115
scalp_vwap,EURUSD,15min,SHORT,2025-09-02T12:45:00,2025-09-02T13:00:00,2025-09-02T17:00:00,1.16973000,1.170688555,1.16811289,1.170778555,89197.35878871843915671132189,85.50057425372000344586142115,-93.52833654470466296996544012,8.346946119674209586782394768,-101.8752826643788725567478349,-1.191515771134676674786527638,stop,16,8448.182142707621472029394280
scalp_vwap,EURUSD,15min,SHORT,2025-09-03T00:30:00,2025-09-03T00:45:00,2025-09-03T11:15:00,1.16682000,1.168773305,1.16288339,1.16294339,43250.70658554409819270105938,84.48182142707621472029394280,167.6661216565861064948068538,4.037263156651565172256596008,163.6288584999345413225502578,1.936852872439275996324178764,target,42,8611.811001207556013351944538
scalp_vwap,EURUSD,15min,LONG,2025-09-09T18:15:00,2025-09-09T18:30:00,2025-09-09T21:45:00,1.17561000,1.174420570,1.17792886,1.174330570,72402.84002595828265094998897,86.11811001207556013351944538,-92.63436561441180557210494439,6.809400221033345333382665322,-99.44376583544515090548760971,-1.154736974853501256904567734,stop,13,8512.367235372110862446456928
scalp_vwap,EURUSD,15min,SHORT,2025-09-09T22:15:00,2025-09-09T22:30:00,2025-09-10T00:00:00,1.17373000,1.175011700,1.17137660,1.175101700,66414.66205330507031634904368,85.12367235372110862446456928,-91.10099193851856495293598322,6.236230503346060814592669044,-97.33722244186462576752865226,-1.143480065537957400327689787,stop,6,8415.030012930246236678928276
scalp_vwap,EURUSD,15min,SHORT,2025-09-10T00:15:00,2025-09-10T00:30:00,2025-09-10T04:15:00,1.17360000,1.175273355,1.17043329,1.17049329,50288.37283738505120956956698,84.15030012930246236678928276,156.2313907776325124432818694,4.721474748956407687964067504,151.5099160286761047553178019,1.800467922228098640157049759,target,15,8566.539928958922341434246078
scalp_vwap,EURUSD,15min,LONG,2025-09-11T00:00:00,2025-09-11T00:15:00,2025-09-11T02:00:00,1.17269000,1.171130965,1.17559807,1.171040965,54947.70758167021485363860387,85.66539928958922341434246078,-90.61069297193954275116993513,5.154930176315907540537076350,-95.76562314825545029170701148,-1.117903190114397688313604249,stop,7,8470.774305810666891142539067
scalp_vwap,EURUSD,15min,SHORT,2025-09-18T17:45:00,2025-09-18T18:00:00,2025-09-18T19:30:00,1.18312000,1.184511105,1.18048779,1.184601105,60892.41506436010862690119773,84.70774305810666891142539067,-90.18806041389907868784649846,5.763442728875658537492747604,-95.95150314277473722533924606,-1.132735918568332368872227474,stop,6,8374.822802667892153917199821
scalp_vwap,EURUSD,15min,LONG,2025-09-18T20:15:00,2025-09-18T20:30:00,2025-09-18T21:30:00,1.18363000,1.182287540,1.18616492,1.182197540,62384.15150297135224823979725,83.74822802667892153917199821,-89.36280166194634324151357997,5.907180259476958532926725698,-95.26998192142330177444030567,-1.137576091652637694977876436,stop,4,8279.552820746468852142759515
scalp_vwap,EURUSD,15min,SHORT,2025-09-22T17:30:00,2025-09-22T17:45:00,2025-09-22T18:00:00,1.17505000,1.175983895,1.17339221,1.176073895,88656.14250795291603598648151,82.79552820746468852142759515,-90.77458103318045096466637849,8.334032020317605919046873208,-99.10861305349805688371325170,-1.197028573876078145830098673,stop,1,8180.444207692970795259046263
scalp_vwap,EURUSD,15min,LONG,2025-09-22T18:15:00,2025-09-22T18:30:00,2025-09-22T20:15:00,1.17645000,1.175415840,1.17833832,1.17827832,79102.30726089745102555742112,81.80444207692970795259046263,144.6243304112440276590471442,7.444792750166624500721362246,137.1795376610774031583257820,1.676920399164539336272917151,target,7,8317.623745354048198417372045
scalp_vwap,EURUSD,15min,SHORT,2025-09-24T14:30:00,2025-09-24T14:45:00,2025-09-24T17:00:00,1.17982000,1.180539915,1.17853017,1.17859017,115536.1917081050984965915705,83.17623745354048198417372045,142.0898746483788932840632111,10.90495277608452458465989334,131.1849218722943686994033178,1.577192307425182139558142281,target,9,8448.808667226342567116775363
scalp_vwap,EURUSD,15min,LONG,2025-09-27T01:15:00,2025-09-27T01:30:00,2025-09-29T12:00:00,1.16989000,1.168403000,1.17253400,1.17247400,56817.81215350600246884179800,84.48808667226342567116775363,146.8172266046595103794872060,5.317647220821210978261866484,141.4995793838382994012253395,1.674787357094821788836583725,target,42,8590.308246610180866518000702
scalp_vwap,EURUSD,15min,LONG,2025-10-01T17:45:00,2025-10-01T18:00:00,2025-10-01T19:45:00,1.17506000,1.173657290,1.17759542,1.173567290,61240.79992735619526857298160,85.90308246610180866518000702,-91.41475445956386623935157536,5.756929149011133664983149420,-97.17168360857499990433472478,-1.131178076722914928958943759,stop,7,8493.136563001605866613665977
scalp_vwap,EURUSD,15min,SHORT,2025-10-02T23:45:00,2025-10-03T00:00:00,2025-10-03T01:15:00,1.17206000,1.173493065,1.16967387,1.16973387,59265.53619690387991203236404,84.93136563001605866613665977,137.8593417137040221797758430,5.557021148395452919175732208,132.3023205653085692606001108,1.557755719384675503204669712,target,5,8625.438883566914435874266088
scalp_vwap,EURUSD,15min,LONG,2025-10-03T19:30:00,2025-10-03T19:45:00,2025-10-03T22:30:00,1.17373000,1.172904490,1.17538102,1.172814490,104486.1828877532002746697931,86.25438883566914435874266088,-95.65814529556693238346294228,9.811085395267405100671054104,-105.4692306908343374841339964,-1.222769439498007292461629781,stop,11,8519.969652876080098390132092
scalp_vwap,EURUSD,15min,LONG,2025-10-03T22:45:00,2025-10-03T23:00:00,2025-10-04T00:00:00,1.17401000,1.173000405,1.17578919,1.17572919,84389.97472130983313497127157,85.19969652876080098390132092,145.0824006411286520273112604,7.925973937805196575903009804,137.1564267033234554514082506,1.609822948806204468128308877,target,4,8657.126079579403553841540343
scalp_vwap,EURUSD,15min,LONG,2025-10-04T00:45:00,2025-10-04T01:00:00,2025-10-04T04:00:00,1.17417000,1.172863380,1.17660324,1.172773380,66255.88219665551999695045494,86.57126079579403553841540343,-92.53429019349303233814094438,6.223653535907760953185545254,-98.75794372940079329132648963,-1.140770537723286035725765716,stop,12,8558.368135850002760550213853
scalp_vwap,EURUSD,15min,LONG,2025-10-04T04:15:00,2025-10-04T04:30:00,2025-10-06T09:00:00,1.17344000,1.172427535,1.17525493,1.172337535,84530.01472495348244680274235,85.58368135850002760550213853,-93.19138268374584102571438534,7.935272038307953155390096798,-101.1266547220537941811044821,-1.181611413727881951474865797,stop,14,8457.241481127948966369109371
scalp_vwap,EURUSD,15min,SHORT,2025-10-07T02:00:00,2025-10-07T02:15:00,2025-10-07T16:30:00,1.17147000,1.172924840,1.16880032,1.16886032,58131.76350064576837569154939,84.57241481127948966369109371,151.7053005723652488146747226,5.447969359048119862325710348,146.2573312133171289523490123,1.729373951774765609963982294,target,57,8603.498812341266095321458383
scalp_vwap,EURUSD,15min,SHORT,2025-10-09T21:00:00,2025-10-09T21:15:00,2025-10-10T00:30:00,1.16243000,1.163481835,1.16047633,1.16053633,81795.13718730852363081147122,86.03498812341266095321458383,154.8929974374905319439587587,7.606489705651443769933134280,147.2865077318390881740256244,1.711937328573397918875108738,target,13,8750.785320073105183495484007
scalp_vwap,EURUSD,15min,SHORT,2025-10-13T19:30:00,2025-10-13T19:45:00,2025-10-13T20:30:00,1.15834000,1.159614650,1.15600070,1.159704650,68652.45612578437362017403999,87.50785320073105183495484007,-93.68657425205164546077050367,6.361830882299285707135391798,-100.0484051343509311679058955,-1.143307731534146628486251128,stop,3,8650.736914938754252327578112
scalp_vwap,EURUSD,15min,SHORT,2025-10-13T21:00:00,2025-10-13T21:15:00,2025-10-13T22:45:00,1.15877000,1.159943075,1.15660385,1.15666385,73744.10770785119666114765136,86.50736914938754252327578112,155.3161524488907978478761259,6.836196775090138492403045118,148.4799556738006593554730808,1.716385056368944867122732988,target,6,8799.216870612554911683051193
scalp_vwap,EURUSD,15min,LONG,2025-10-14T15:45:00,2025-10-14T16:00:00,2025-10-14T16:00:00,1.15927000,1.158530290,1.16047942,1.158440290,118954.9535711637656876755917,87.99216870612554911683051193,-98.69811452753028802872131519,11.03207272211544149190013466,-109.7301872496457295206214498,-1.247044923010368928363818253,stop,0,8689.486683362909182162429743
scalp_vwap,EURUSD,15min,LONG,2025-10-14T16:30:00,2025-10-14T16:45:00,2025-10-14T17:00:00,1.15891000,1.158125965,1.16029807,1.158035965,110830.3415455038254945561071,86.89486683362909182162429743,-96.86959757272443611613434707,10.27539128963998707231168145,-107.1449888623644231884460285,-1.233041637171809931954568355,stop,1,8582.341694500544758973983714
scalp_vwap,EURUSD,15min,SHORT,2025-10-17T23:15:00,2025-10-17T23:30:00,2025-10-20T22:30:00,1.16711000,1.168442790,1.16474442,1.16480442,64393.80318355138288082881560,85.82341694500544758973983714,148.4650647439323973423813007,6.012372130684372357923529518,142.4526926132480249844577712,1.659834782673939630399387751,target,90,8724.794387113792783958441485
scalp_vwap,EURUSD,15min,LONG,2025-10-23T02:15:00,2025-10-23T02:30:00,2025-10-23T06:00:00,1.16150000,1.160688425,1.16375315,1.160598425,107504.4744738784805342505805,87.24794387113792783958441485,-96.92334657378699108766696711,9.989315768112788411242563944,-106.9126623418997794989095311,-1.225388904291039029048455165,stop,14,8617.881724771893004459531954
scalp_vwap,EURUSD,15min,LONG,2025-10-24T01:00:00,2025-10-24T01:15:00,2025-10-24T16:30:00,1.16119000,1.160292870,1.16277426,1.160202870,96060.56786387583744228296851,86.17881724771893004459531954,-94.82426835546775541440078671,8.923565663828318694368364816,-103.7478340192960741087691515,-1.203866998093921728177633119,stop,61,8514.133890752596930350762802
scalp_vwap,EURUSD,15min,SHORT,2025-10-24T17:00:00,2025-10-24T17:15:00,2025-10-24T17:15:00,1.16010000,1.160556150,1.15936770,1.160646150,186652.0638113032320585500998,85.14133890752596930350762802,-101.9400246505432601887771370,17.32280473819943036088991766,-119.2628293887426905496670547,-1.400762906938507070042749096,stop,0,8394.871061363854239801095747
scalp_vwap,EURUSD,15min,SHORT,2025-10-29T22:00:00,2025-10-29T22:15:00,2025-10-30T02:00:00,1.16424000,1.165139070,1.16262186,1.165229070,93372.83038432885359094504040,83.94871061363854239801095747,-92.35226534822813922119601111,8.696670723732081960377748304,-101.0489360719602211815737594,-1.203698488438052654409556542,stop,15,8293.822125291894018619521988
scalp_vwap,EURUSD,15min,LONG,2025-10-30T04:00:00,2025-10-30T04:15:00,2025-10-30T04:30:00,1.16582000,1.164898150,1.16745370,1.164808150,89969.32391703524454758932568,82.93822125291894018619521988,-91.03546040545211219547825919,8.391042976716642303877647016,-99.42650338216875449935590621,-1.198801974290828225850192548,stop,1,8194.395621909725264120166082
scalp_vwap,EURUSD,15min,SHORT,2025-11-04T03:45:00,2025-11-04T04:00:00,2025-11-04T11:00:00,1.15299000,1.154026175,1.15106765,1.15112765,79083.12420112167601148614937,81.94395621909725264120166082,147.2804563559589533199912303,7.294564109812102497958673228,139.9858922461468508220325571,1.708312591984944628079233721,target,28,8334.381514155872114942198639
scalp_vwap,EURUSD,15min,LONG,2025-11-04T19:15:00,2025-11-04T19:30:00,2025-11-04T19:45:00,1.15274000,1.151916240,1.15405752,1.151826240,101174.8751354262420479532708,83.34381514155872114942198639,-92.44955390374708293373778073,9.330266045088899700668612272,-101.7798199488359826344063930,-1.221204234242983393221326599,stop,1,8232.601694207036132307792246
scalp_vwap,EURUSD,15min,SHORT,2025-11-10T10:15:00,2025-11-10T10:30:00,2025-11-10T11:00:00,1.15474000,1.155622895,1.15318421,1.155712895,93245.53536045663563966034745,82.32601694207036132307792246,-90.71811512451145853064735373,8.613947960170695635083311168,-99.33206308468215416573066490,-1.206569524122347504516392096,stop,2,8133.269631122353978142061581
scalp_vwap,EURUSD,15min,SHORT,2025-11-12T15:15:00,2025-11-12T15:30:00,2025-11-12T16:30:00,1.15733000,1.157865370,1.15640926,1.157955370,151918.6661770804112696277636,81.33269631122353978142061581,-95.00537626716077679568711452,14.06560239413763778997426397,-109.0709786612984145856613785,-1.341047126286493453125875563,stop,4,8024.198652461055563556400202
scalp_vwap,EURUSD,15min,LONG,2025-11-13T03:30:00,2025-11-13T03:45:00,2025-11-13T06:15:00,1.15938000,1.158526515,1.16117697,1.158436515,94016.86792926712904803716764,80.24198652461055563556400202,-88.70350463824459724988734711,8.720102107186697926057066512,-97.42360674543129517594441362,-1.214122568059192604439445333,stop,10,7926.775045715624268380455788
scalp_vwap,EURUSD,15min,LONG,2025-11-13T06:30:00,2025-11-13T06:45:00,2025-11-13T12:15:00,1.15873000,1.158006340,1.15999732,1.157916340,109537.2833335492395376344663,79.26775045715624268380455788,-89.12610595717567424219165985,10.15393090536668082635545481,-99.28003686254235506854711466,-1.252464416991404803360694249,stop,22,7827.495008853081913311908673
scalp_vwap,EURUSD,15min,LONG,2025-11-21T03:00:00,2025-11-21T03:15:00,2025-11-21T04:45:00,1.15376000,1.152499420,1.15616116,1.152409420,62094.39312739438919633746905,78.27495008853081913311908673,-83.86344546999631416078945895,5.731362161173004038333305464,-89.59480763116931819912276441,-1.144616605054816037062304653,stop,6,7737.900201221912595112785909
scalp_vwap,EURUSD,15min,SHORT,2025-11-21T22:00:00,2025-11-21T22:15:00,2025-11-21T23:15:00,1.15170000,1.152888365,1.15001327,1.15007327,65113.83456448071590052539337,77.37900201221912595112785909,105.9226281010777149768616732,5.999328261432995240210807644,99.92329983964471973665086556,1.291349038384671376218586041,target,4,7837.823501061557314849436775
scalp_vwap,EURUSD,15min,SHORT,2025-11-22T00:00:00,2025-11-22T00:15:00,2025-11-22T03:00:00,1.15173000,1.152980765,1.14937847,1.14943847,62664.23749514542951593174397,78.37823501061557314849436775,143.5969801472506060986430693,5.773782580022707642910725398,137.8231975672278984557323439,1.758437116484711356649730365,target,11,7975.646698628785213305169119
scalp_vwap,EURUSD,15min,LONG,2025-11-24T17:30:00,2025-11-24T17:45:00,2025-11-24T18:00:00,1.15250000,1.151936915,1.15344617,1.151846915,141641.9669966130373443648671,79.75646698628785213305169119,-92.50424401598302549404452923,13.05938935708772204315044074,-105.5636333730707475371949700,-1.323574593533835921752488523,stop,1,7870.083065255714465767974149
scalp_vwap,EURUSD,15min,LONG,2025-11-25T02:30:00,2025-11-25T02:45:00,2025-11-25T04:00:00,1.15263000,1.151598625,1.15445275,1.151508625,76306.70769851619891666924396,78.70083065255714465767974149,-85.56843434542360256017997345,7.036272039563258108585637654,-92.60470638498686066876561110,-1.176667458489880014543691674,stop,5,7777.478358870727605099208538
scalp_vwap,EURUSD,15min,SHORT,2025-11-29T02:00:00,2025-11-29T02:15:00,2025-11-29T02:45:00,1.15822000,1.159215530,1.15643894,1.159305530,78123.99785913762121783581146,77.77478358870727605099208538,-84.80594339602966196059730841,7.238782144032830051753743484,-92.04472554006249201235105189,-1.183477745522485510230731369,stop,2,7685.433633330665113086857486
scalp_vwap,EURUSD,15min,LONG,2025-11-29T04:15:00,2025-11-29T04:30:00,2025-12-01T19:15:00,1.15966000,1.158583990,1.16163202,1.16157202,71425.29933114622645781040591,76.85433633330665113086857486,136.5666008271382079118626523,6.626325009788562637925153226,129.9402758173496452739374991,1.690734472727948625012778692,target,59,7815.373909148014758360794985
scalp_vwap,EURUSD,15min,SHORT,2025-12-02T06:15:00,2025-12-02T06:30:00,2025-12-02T18:15:00,1.16072000,1.161572735,1.15919453,1.161662735,91650.67587407594104101268254,78.15373909148014758360794985,-86.40229992014698227729909127,8.510461800044594102809939272,-94.91276172019157638010903054,-1.214436606917741150533284080,stop,47,7720.461147427823181980685954
scalp_vwap,EURUSD,15min,SHORT,2025-12-05T17:00:00,2025-12-05T17:15:00,2025-12-05T18:00:00,1.16570000,1.166165345,1.16494931,1.166255345,165908.3292487901058780192321,77.20461147427823181980685954,-92.13636110666934134882859045,15.47194715242517011376056151,-107.6083082590945114625891520,-1.393806745532884204192588296,stop,3,7612.852839168728670518096802
scalp_vwap,EURUSD,15min,LONG,2025-12-08T15:00:00,2025-12-08T15:15:00,2025-12-08T17:00:00,1.16540000,1.164817030,1.16635594,1.16629594,130587.3859575746379833970325,76.12852839168728670518096802,116.9984625748294211548447373,12.17492316759659864846807214,104.8235394072328225063766652,1.376928486886117638986568778,target,7,7717.676378575961493024473467
scalp_vwap,EURUSD,15min,LONG,2025-12-08T19:45:00,2025-12-08T20:00:00,2025-12-08T21:00:00,1.16567000,1.164988910,1.16694218,1.164898910,113313.6058167931035990026790,77.17676378575961493024473467,-87.37498830927099425415497575,10.56690167139689736577995622,-97.94188998066789161993493197,-1.269059302001203952487923769,stop,4,7619.734488595293601404538535
scalp_vwap,EURUSD,15min,LONG,2025-12-10T21:45:00,2025-12-10T22:00:00,2025-12-11T00:15:00,1.16360000,1.162823575,1.16503285,1.162733575,98138.70610291133852470668171,76.19734488595293601404538535,-85.02982843521495648126898670,9.135535873707810680587895584,-94.16536430892276716185688228,-1.235808996361528801880413433,stop,9,7525.569124286370834242681653
scalp_vwap,EURUSD,15min,LONG,2025-12-15T21:45:00,2025-12-15T22:00:00,2025-12-15T23:45:00,1.17436000,1.173660630,1.17563874,1.17557874,107604.9748242900157891056473,75.25569124286370834242681653,131.1424870173552138428146166,10.10935825877225783536752864,121.0331287585829560074470880,1.608292034259404892975106168,target,7,7646.602253044953790250128741
scalp_vwap,EURUSD,15min,LONG,2025-12-16T05:30:00,2025-12-16T05:45:00,2025-12-16T11:00:00,1.17429000,1.173500745,1.17568851,1.17562851,96883.79868413825430627780300,76.46602253044953790250128741,129.6799333767058947714959021,9.101574076543736851945516904,120.5783593001621579195503852,1.576888077997605336678259878,target,21,7767.180612345115948169679126
scalp_vwap,EURUSD,15min,LONG,2025-12-18T02:00:00,2025-12-18T02:15:00,2025-12-18T08:00:00,1.17494000,1.173910095,1.17693981,1.173820095,75416.47639680471449473183571,77.67180612345115948169679126,-84.45928899916358378622265647,7.088786782212938499875217844,-91.54807578137652228609787431,-1.178652594171307062301862793,stop,23,7675.632536563739425883581252
scalp_vwap,EURUSD,15min,LONG,2025-12-18T08:45:00,2025-12-18T09:00:00,2025-12-18T18:45:00,1.17414000,1.173481035,1.17527793,1.173391035,116480.1246889248962522073441,76.75632536563739425883581252,-87.23953658764063492153447347,10.94111788818034221484533848,-98.18065447582097713637981195,-1.279121349388814276934283308,stop,39,7577.451882087918448747201440
scalp_vwap,EURUSD,15min,SHORT,2025-12-19T01:45:00,2025-12-19T02:00:00,2025-12-19T18:15:00,1.17345000,1.174721445,1.17108711,1.17114711,59597.16607551186601659687552,75.77451882087918448747201440,137.2457177836355211309607787,5.594743562504751934174048286,131.6509742211307691967867304,1.737404291967013909370833973,target,65,7709.102856309049217943988170
scalp_vwap,EURUSD,15min,LONG,2025-12-24T02:00:00,2025-12-24T02:15:00,2025-12-24T02:30:00,1.17776000,1.176786085,1.17958783,1.176696085,79155.80780980936958506633710,77.09102856309049217943988170,-84.21505126597333544209585204,7.458123536486486649800618334,-91.67317480245982209189647037,-1.189154905715591196356971604,stop,1,7617.429681506589395852091700
scalp_vwap,EURUSD,15min,LONG,2025-12-24T02:45:00,2025-12-24T03:00:00,2025-12-24T06:00:00,1.17706000,1.176061285,1.17878743,1.17872743,76272.30672921293257688221064,76.17429681506589395852091700,127.1787324094915201666707045,7.182166508694989953515597988,119.9965659007965302131551065,1.575289446939317022373750269,target,12,7737.426247407385926065246806
scalp_vwap,EURUSD,15min,SHORT,2025-12-26T01:00:00,2025-12-26T01:15:00,2025-12-26T08:00:00,1.17836000,1.179138445,1.17704311,1.179228445,99395.92710348689921658237648,77.37426247407385926065246806,-86.31989591338768019014488194,9.369934772933185804868160728,-95.68983068632086599501304267,-1.236713961808477156382274920,stop,27,7641.736416721065060070233763
scalp_vwap,EURUSD,15min,SHORT,2025-12-26T08:30:00,2025-12-26T08:45:00,2025-12-27T00:45:00,1.17829000,1.179634735,1.17587053,1.179724735,56827.08055283059532227713091,76.41736416721065060070233763,-81.53180141696540417970727942,5.356702459567580972982873646,-86.88850387653298515269015307,-1.137025659330648789538459250,stop,64,7554.847912844532074917543610
scalp_vwap,EURUSD,15min,SHORT,2026-01-02T18:15:00,2026-01-02T18:30:00,2026-01-02T18:45:00,1.17419000,1.174783110,1.17330378,1.17336378,127376.8426235358040653090255,75.54847912844532074917543610,105.2412949124177520348396230,11.96516918721036046203561638,93.27612572520739157280400662,1.234652593953903997572119842,target,1,7648.124038569739466490347617
scalp_vwap,EURUSD,15min,SHORT,2026-01-03T03:30:00,2026-01-03T03:45:00,2026-01-03T05:30:00,1.17373000,1.174753845,1.17192231,1.17198231,74700.01844585595931503643244,76.48124038569739466490347617,130.5524752376380015352960226,7.014212212036361210147016948,123.5382630256016403251490057,1.615275359063139440051960991,target,7,7771.662301595341106815496623
scalp_vwap,EURUSD,15min,LONG,2026-01-06T03:15:00,2026-01-06T03:30:00,2026-01-06T13:45:00,1.17110000,1.170107075,1.17299585,1.17293585,78270.38599688134659531683282,77.71662301595341106815496623,143.6926881323746201470124075,7.332995923275819599822043434,136.3596922090988005471903641,1.754575622529395472971271748,target,41,7908.021993804439907362686987
scalp_vwap,EURUSD,15min,LONG,2026-01-06T20:30:00,2026-01-06T20:45:00,2026-01-06T23:30:00,1.17147000,1.170546625,1.17307675,1.170456625,85642.58284883649554474278583,79.08021993804439907362686987,-86.78805239443968367265372059,8.026217322394119154863986504,-94.81426971683380282751770709,-1.198963151482333829700825775,stop,11,7813.207724087606104535169280
scalp_vwap,EURUSD,15min,SHORT,2026-01-07T00:15:00,2026-01-07T00:30:00,2026-01-07T01:00:00,1.17073000,1.171667250,1.16909550,1.171757250,83363.11255361542922950300646,78.13207724087606104535169280,-85.63475737070144967600696339,7.807655740791535316948484380,-93.44241311149298499295544777,-1.195954547879434515870898906,stop,2,7719.765310976113119542213832
scalp_vwap,EURUSD,15min,SHORT,2026-01-07T01:15:00,2026-01-07T01:30:00,2026-01-07T01:45:00,1.17032000,1.171336400,1.16855720,1.171426400,75952.03965934782683532284368,77.19765310976113119542213832,-84.03333667910243561060119425,7.111055284330235896153202434,-91.14439196343267150675439668,-1.180662731208185753640299095,stop,1,7628.620919012680448035459435
scalp_vwap,EURUSD,15min,SHORT,2026-01-10T00:45:00,2026-01-10T01:00:00,2026-01-10T02:00:00,1.16446000,1.165408775,1.16277245,1.16283245,80404.95290256046426218502211,76.28620919012680448035459435,130.8630810965622836099192327,7.490268116553244657179517668,123.3728129800090389527397150,1.617236120260335696029090142,target,4,7751.993731992689486988199150
scalp_vwap,EURUSD,15min,LONG,2026-01-10T21:30:00,2026-01-10T21:45:00,2026-01-10T22:45:00,1.16416000,1.163772560,1.16478488,1.163682560,200082.4316537448246693216795,77.51993731992689486988199150,-95.52735616876392909012094266,18.63423709072188600696300211,-114.1615932594858150970839448,-1.472673962419987610984926699,stop,4,7637.832138733203671891115205
scalp_vwap,EURUSD,15min,SHORT,2026-01-10T23:00:00,2026-01-10T23:15:00,2026-01-12T02:45:00,1.16360000,1.164008160,1.16299368,1.164098160,187128.3844260388982725185027,76.37832138733203671891115205,-93.21987598567553756343781731,17.41940704945110896239220238,-110.6392830351266465258300197,-1.448569188553508428067424540,stop,110,7527.192855698077025365285185
scalp_vwap,EURUSD,15min,LONG,2026-01-12T05:15:00,2026-01-12T05:30:00,2026-01-12T10:00:00,1.16390000,1.163098005,1.16535399,1.163008005,93855.85765120826221317196722,75.27192855698077025365285185,-83.71895574558951385283832890,8.739106617619303711192868208,-92.45806236320881756403119711,-1.228320625440308231348075736,stop,18,7434.734793334868207801253988
scalp_vwap,EURUSD,15min,SHORT,2026-01-13T11:15:00,2026-01-13T11:30:00,2026-01-13T19:00:00,1.16628000,1.166830570,1.16529886,1.166920570,135037.0487555600233903273696,74.34734793334868207801253988,-86.50068232134908418314200314,12.59928073781076352637368037,-99.09996305915984770951568351,-1.332932052236772799099115462,stop,30,7335.634830275708360091738304
scalp_vwap,EURUSD,15min,SHORT,2026-01-18T00:00:00,2026-01-18T00:15:00,2026-01-18T00:45:00,1.15980000,1.160333960,1.15888208,1.160423960,137381.7295354653599537744083,73.35634830275708360091738304,-85.72070396094896599675707980,12.74682639321861795795100470,-98.46753035416758395470808450,-1.342317776612480335605663346,stop,2,7237.167299921540776137030220
scalp_vwap,EURUSD,15min,LONG,2026-01-18T01:00:00,2026-01-18T01:15:00,2026-01-18T01:30:00,1.16032000,1.159815070,1.16114986,1.159725070,143330.1111029556725909934094,72.37167299921540776137030220,-85.27138299848141829455970905,13.30470356119852208166251782,-98.57608655967994037622222687,-1.362081080545818232230210128,stop,1,7138.591213361860835760807993
scalp_vwap,EURUSD,15min,LONG,2026-01-18T02:00:00,2026-01-18T02:15:00,2026-01-18T23:45:00,1.16036000,1.159853755,1.16116249,1.159763755,141010.6018501291042037117995,71.38591213361860835760807993,-84.07686630013022773594214189,13.08984495702526458830552190,-97.16671125715549232424766379,-1.361146875524696540212742842,stop,86,7041.424502104705343436560329
scalp_vwap,EURUSD,15min,SHORT,2026-01-21T22:30:00,2026-01-21T22:45:00,2026-01-21T23:15:00,1.17135000,1.172235885,1.16984823,1.172325885,79484.63403381596193000852626,70.41424502104705343436560329,-77.56786208409049000806637065,7.448346086040826160537238978,-85.01620817013131616860360963,-1.207372288728220931610762119,stop,2,6956.408293934574027267956719
scalp_vwap,EURUSD,15min,LONG,2026-01-22T23:45:00,2026-01-23T00:00:00,2026-01-23T01:00:00,1.17052000,1.169732525,1.17194495,1.17188495,88338.14780068667611375544264,69.56408293934574027267956719,120.5771548405472785614704914,8.272125501092781449973841656,112.3050293394544971114966497,1.614411124162671830851773071,target,4,7068.713323274028524379453369
scalp_vwap,EURUSD,15min,SHORT,2026-01-30T04:45:00,2026-01-30T05:00:00,2026-01-30T10:15:00,1.19539000,1.197319280,1.19183144,1.197409280,36639.12611582574081719321907,70.68713323274028524379453369,-73.98465458316460191734192340,3.503843597407754585237168172,-77.48849818057235650257909157,-1.096217863658981588986564936,stop,21,6991.224825093456167876874277
scalp_vwap,EURUSD,15min,SHORT,2026-02-01T12:00:00,2026-02-01T12:15:00,2026-02-01T22:30:00,1.18551000,1.185762660,1.18527468,1.18533468,276704.8533639458627355685220,69.91224825093456167876874277,48.51189489176698865479987328,26.24290965691931677853150708,22.26898523484767187626836620,0.3185276656376157682260745667,target,41,7013.493810328303839753142643
scalp_vwap,EURUSD,15min,SHORT,2026-02-02T02:00:00,2026-02-02T02:15:00,2026-02-02T04:15:00,1.18513000,1.185469840,1.18463032,1.185559840,206376.3479969486770172181804,70.13493810328303839753142643,-88.70880942300841932908106266,19.56662410412990284747326257,-108.2754335271383221765543252,-1.543815913370998116760828625,stop,8,6905.218376801165517576588318
scalp_vwap,EURUSD,15min,LONG,2026-02-02T06:15:00,2026-02-02T06:30:00,2026-02-02T06:45:00,1.18575000,1.184775205,1.18781959,1.184685205,70837.64665187209123535295440,69.05218376801165517576588318,-75.42757196668014338694764908,6.719659161396586574585581254,-82.14723112807672996153323033,-1.189639872998938238296257162,stop,1,6823.071145673088787615055088
scalp_vwap,EURUSD,15min,LONG,2026-02-02T07:00:00,2026-02-02T07:15:00,2026-02-02T08:00:00,1.18570000,1.184301865,1.18840627,1.184211865,48801.23268263142534601490620,68.23071145673088787615055088,-72.62282239816771615729189244,4.629089727343686482621589942,-77.25191212551140263991348238,-1.132216130774209929656292132,stop,3,6745.819233547577384975141606
scalp_vwap,EURUSD,15min,SHORT,2026-02-05T19:15:00,2026-02-05T19:30:00,2026-02-05T20:15:00,1.18022000,1.181047515,1.17877497,1.17883497,81518.99643568488045503878003,67.45819233547577384975141606,112.9062556333166299766423615,7.696827997865920768851669518,105.2094276354507092077906920,1.559624175996809725503465194,target,3,6851.028661183028094182932298
scalp_vwap,EURUSD,15min,SHORT,2026-02-07T23:15:00,2026-02-07T23:30:00,2026-02-08T00:15:00,1.18078000,1.181328070,1.17986386,1.181418070,125002.8036780525862423218256,68.51028661183028094182932298,-79.76053894285501370363828726,11.80806484215767462265670122,-91.56860378501268832629498848,-1.336567226814093090298684474,stop,3,6759.460057398015405856637310
scalp_vwap,EURUSD,15min,LONG,2026-02-09T09:00:00,2026-02-09T09:15:00,2026-02-09T10:00:00,1.18155000,1.181248755,1.18197249,1.181158755,224384.1410611965478549565075,67.59460057398015405856637310,-87.78917326948784336551245878,21.20968654966854248944190892,-108.9988598191563858549543677,-1.612537967435144151770153862,stop,3,6650.461197578859020001682942
scalp_vwap,EURUSD,15min,LONG,2026-02-09T13:15:00,2026-02-09T13:30:00,2026-02-09T16:30:00,1.18225000,1.181547595,1.18347481,1.18341481,94681.29067388271752054274873,66.50461197578859020001682942,110.2857141898453281951033991,8.954956471935827423092933176,101.3307577179095007720104659,1.523665121973790049899986474,target,12,6751.791955296768520773693408
scalp_vwap,EURUSD,15min,SHORT,2026-02-12T04:45:00,2026-02-12T05:00:00,2026-02-12T16:30:00,1.18853000,1.189967335,1.18589533,1.18595533,46974.37935691240052439892863,67.51791955296768520773693408,120.9435252988616502581541896,4.466436727765687631621108692,116.4770885710959626265330809,1.725128519099583604378937409,target,46,6868.269043867864483400226489
scalp_vwap,EURUSD,15min,LONG,2026-02-14T02:00:00,2026-02-14T02:15:00,2026-02-14T02:45:00,1.18699000,1.185815465,1.18918907,1.185725465,58476.49532681328767044171940,68.68269043867864483400226489,-73.94557501809184072434201964,5.552881215037928346555009320,-79.49845623312976907089702896,-1.157474404764438692759262176,stop,2,6788.770587634734714329329460
scalp_vwap,EURUSD,15min,LONG,2026-02-14T05:15:00,2026-02-14T05:30:00,2026-02-14T07:00:00,1.18775000,1.186594155,1.18991169,1.186504155,58734.26443541075762173413788,67.88770587634734714329329460,-73.17378967553431532924936701,5.580929806652730189217177782,-78.75471948218704551846654479,-1.160073366238552747124398168,stop,6,6710.015868152547668810862915
scalp_vwap,EURUSD,15min,SHORT,2026-02-14T15:15:00,2026-02-14T15:30:00,2026-02-14T17:30:00,1.18618000,1.186813425,1.18515315,1.186903425,105932.2866661806475717071937,67.10015868152547668810862915,-76.63406448148173496956227660,10.05238078381521284292861112,-86.68644526529694781249088772,-1.291896278170264830090381656,stop,8,6623.329422887250720998372027
scalp_vwap,EURUSD,15min,SHORT,2026-02-14T17:45:00,2026-02-14T18:00:00,2026-02-14T19:15:00,1.18619000,1.186752645,1.18527471,1.186842645,117717.7336133307986563174298,66.23329422887250720998372027,-76.82789025407227908905228897,11.17084787478374880465097377,-87.99873812885602789370326274,-1.328617867394182832869749132,stop,5,6535.330684758394693104668764
scalp_vwap,EURUSD,15min,SHORT,2026-02-14T19:30:00,2026-02-14T19:45:00,2026-02-14T21:00:00,1.18618000,1.186715695,1.18537861,1.186805695,121997.2313491519370743551604,65.35330684758394693104668764,-76.33305766900762126773865209,11.57685407053896357750868834,-87.90991173954658484524734043,-1.345148638684325969068219790,stop,5,6447.420773018848108259421424
scalp_vwap,EURUSD,15min,SHORT,2026-02-14T21:30:00,2026-02-14T21:45:00,2026-02-15T00:15:00,1.18604000,1.186543165,1.18527367,1.186633165,128137.3063114256378774243325,64.47420773018848108259421424,-76.00656529821678849156240419,12.15807766220826108385122842,-88.16464296042504957541363261,-1.367440501624715550564924031,stop,10,6359.256130058423058684007791
scalp_vwap,EURUSD,15min,LONG,2026-02-15T01:00:00,2026-02-15T01:15:00,2026-02-15T01:45:00,1.18686000,1.186461350,1.18753730,1.186371350,159519.7825174569938212469031,63.59256130058423058684007791,-77.94934172715536003075229920,15.14621192629352061493480795,-93.09555365344888064568710715,-1.463937790041389690204439985,stop,2,6266.160576404974178038320684
scalp_vwap,EURUSD,15min,LONG,2026-02-15T02:00:00,2026-02-15T02:15:00,2026-02-15T02:30:00,1.18685000,1.186280140,1.18786972,1.186190140,109959.6493244827532734061117,62.66160576404974178038320684,-72.55797420325318957498975687,10.44044878406098845780336350,-82.99842298731417803279312037,-1.324549889446530726845190046,stop,1,6183.162153417660000005527564
scalp_vwap,EURUSD,15min,SHORT,2026-02-15T03:15:00,2026-02-15T03:30:00,2026-02-15T03:30:00,1.18554000,1.186453665,1.18389267,1.186543665,67674.28054503193183503283549,61.83162153417660000005527564,-67.92230678322947386520823083,6.418445324588572517416386224,-74.34075210781804638262461705,-1.202309599251366748206399501,stop,0,6108.821401309841953622902947
scalp_vwap,EURUSD,15min,SHORT,2026-02-15T03:45:00,2026-02-15T04:00:00,2026-02-15T08:45:00,1.18555000,1.186536570,1.18381686,1.186626570,61919.79688526756290605738008,61.08821401309841953622902947,-66.66099573277250019777419367,5.872721215786316736262106156,-72.53371694855881693403629983,-1.187360248132418378827655412,stop,19,6036.287684361283136688866647
scalp_vwap,EURUSD,15min,LONG,2026-02-15T11:15:00,2026-02-15T11:30:00,2026-02-16T04:30:00,1.18691000,1.186079675,1.18848065,1.185989675,72697.89160101506201413743591,60.36287684361283136688866647,-66.90568708770418694816103570,6.902868361612862980415989124,-73.80855544931704992857702482,-1.222747478397013217715954596,stop,68,5962.479128911966086760289622
scalp_vwap,EURUSD,15min,SHORT,2026-02-16T06:15:00,2026-02-16T06:30:00,2026-02-16T06:30:00,1.18656000,1.187153605,1.18558279,1.187243605,100445.2309012216218994161037,59.62479128911966086760289622,-68.66486207022960683855034557,9.534743454252282214477693760,-78.19960552448188905302803933,-1.311528373244834528011051120,stop,0,5884.279523387484197707261583
scalp_vwap,EURUSD,15min,LONG,2026-02-16T06:45:00,2026-02-16T07:00:00,2026-02-16T10:45:00,1.18716000,1.186400380,1.18852924,1.186310380,77463.46230203896945455966908,58.84279523387484197707261583,-65.81450684105834922798298604,7.356921912519086638214004540,-73.17142875357743586619699058,-1.243507016666227850767489008,stop,15,5811.108094633906761841064592
scalp_vwap,EURUSD,15min,SHORT,2026-02-17T20:45:00,2026-02-17T21:00:00,2026-02-17T22:45:00,1.18459000,1.185229895,1.18352021,1.18358021,90813.46306243847446598370970,58.11108094633906761841064592,91.70252686581974713100569022,8.606137616730719397412771416,83.09638924908902773359291880,1.429957727439658068901929223,target,7,5894.204483882995789574657511
scalp_vwap,EURUSD,15min,SHORT,2026-02-18T04:30:00,2026-02-18T04:45:00,2026-02-18T05:15:00,1.18349000,1.184527210,1.18156558,1.184617210,56827.49379472812438729531639,58.94204483882995789574657511,-64.05651928035548909060315359,5.380381650489823034489610720,-69.43690093084531212509276431,-1.178053817452589157451239383,stop,2,5824.767582952150477449564747
scalp_vwap,EURUSD,15min,LONG,2026-02-18T06:30:00,2026-02-18T06:45:00,2026-02-18T18:15:00,1.18458000,1.183658165,1.18612367,1.183568165,63186.66120240770286927231822,58.24767582952150477449564747,-63.93447533773819803273015611,5.987972410171849333190608218,-69.92244774791004736592076433,-1.200433266256976573898799677,stop,46,5754.845135204240430083643983
scalp_vwap,EURUSD,15min,SHORT,2026-02-18T20:15:00,2026-02-18T20:30:00,2026-02-18T21:00:00,1.18341000,1.184044745,1.18229051,1.184134745,90663.89077825332109876633897,57.54845135204240430083643983,-65.70820152208520319972541034,8.583404398871421017719285856,-74.29160592095662421744469620,-1.290940141316591702179615436,stop,2,5680.553529283283805866199287
scalp_vwap,EURUSD,15min,LONG,2026-02-22T05:15:00,2026-02-22T05:30:00,2026-02-23T05:00:00,1.17841000,1.178236715,1.17860657,1.178146715,327815.6522078243244289003253,56.80553529283283805866199287,-86.30894399153702725726302215,30.90409941745778097202083458,-117.2130434089948082292838567,-2.063408835155956949534004674,stop,94,5563.340485874288997636915430
scalp_vwap,EURUSD,15min,LONG,2026-02-23T06:15:00,2026-02-23T06:30:00,2026-02-23T07:00:00,1.17884000,1.178242270,1.17991546,1.178152270,93074.47318813325410531369398,55.63340485874288997636915430,-64.01010744567488284584738676,8.777592957847920421560639600,-72.78770040352280326740802636,-1.308345239489401569270406371,stop,2,5490.552785470766194369507404
scalp_vwap,EURUSD,15min,LONG,2026-02-23T07:15:00,2026-02-23T07:30:00,2026-02-23T10:00:00,1.17877000,1.178046775,1.18012645,1.18006645,75917.62985890651172691081481,54.90552785470766194369507404,98.42341123057934712835352586,7.159153963902658306266452894,91.26425726667668882208707297,1.662205261156624840125825297,target,10,5581.817042737442883191594477
scalp_vwap,EURUSD,15min,SHORT,2026-02-23T21:15:00,2026-02-23T21:30:00,2026-02-23T22:30:00,1.17975000,1.180566480,1.17820704,1.17826704,68364.40626515582602380455709,55.81817042737442883191594477,101.3816799149754837602612060,6.452232663305406860126674098,94.92944725167007690013453190,1.700690770135214579659024104,target,4,5676.746489989112960091729009
scalp_vwap,EURUSD,15min,SHORT,2026-02-24T00:45:00,2026-02-24T01:00:00,2026-02-24T01:45:00,1.17941000,1.180345250,1.17789950,1.180435250,60697.63688841607014265414605,56.76746489989112960091729009,-62.23025221984857591375616324,5.726991993805343782955818112,-67.95724421365391969671198135,-1.197116065223202352312215985,stop,3,5608.789245775459040395017028
scalp_vwap,EURUSD,15min,SHORT,2026-02-24T02:45:00,2026-02-24T03:00:00,2026-02-24T03:45:00,1.17947000,1.180470785,1.17764843,1.180560785,56043.89799782629676099279094,56.08789245775459040395017028,-61.13184327755895711243952147,5.288167709719694579255053370,-66.42001098727865169169457484,-1.184212992800651488581463551,stop,3,5542.369234788180388703322453
scalp_vwap,EURUSD,15min,LONG,2026-02-25T20:45:00,2026-02-25T21:00:00,2026-02-25T21:30:00,1.17888000,1.178222490,1.18010502,1.178132490,84293.30709476936303179149295,55.42369234788180388703322453,-63.01008998641104655989445890,7.949735509430536535273468416,-70.95982549584158309516792732,-1.280315736642788702833416982,stop,2,5471.409409292338805608154526
scalp_vwap,EURUSD,15min,SHORT,2026-02-26T20:30:00,2026-02-26T20:45:00,2026-02-26T23:15:00,1.17989000,1.180671380,1.17850724,1.180761380,70022.38871346001696496140835,54.71409409292338805608154526,-61.01610907713478958292807201,6.609497297529947153343065288,-67.62560637466473673627113730,-1.235981468683611047121758939,stop,10,5403.783802917674068871883389
scalp_vwap,EURUSD,15min,SHORT,2026-02-28T16:30:00,2026-02-28T16:45:00,2026-02-28T17:30:00,1.18049000,1.181126675,1.17948665,1.181216675,84875.07445584755281535922392,54.03783802917674068871883389,-61.67659473020302044210116404,8.015534131550678209840272816,-69.69212886175369865194143686,-1.289691286763262260965170613,stop,3,5334.091674055920370219941952
scalp_vwap,EURUSD,15min,SHORT,2026-02-28T17:45:00,2026-02-28T18:00:00,2026-02-28T20:00:00,1.18052000,1.181153245,1.17949351,1.181243245,84234.24857765825818158756803,53.34091674055920370219941952,-60.92199911254844693854230064,7.955217210471770155882220464,-68.87721632302021709442452110,-1.291264202638789094268411120,stop,8,5265.214457732900153125517431
scalp_vwap,EURUSD,15min,SHORT,2026-02-28T20:15:00,2026-02-28T20:30:00,2026-03-01T00:45:00,1.18075000,1.181363770,1.17970246,1.181453770,85784.81284085080980050372992,52.65214457732900153125517431,-60.37277773300557441330051001,8.103233420946767493755582328,-68.47601115395234190705609234,-1.300536031412418332600159669,stop,17,5196.738446578947811218461339
scalp_vwap,EURUSD,15min,LONG,2026-03-01T01:00:00,2026-03-01T01:15:00,2026-03-02T03:30:00,1.18146000,1.181024355,1.18224129,1.180934355,119288.3757779602155704406418,51.96738446578947811218461339,-62.70333828580589751352427116,11.27475555573031010302822406,-73.97809384153620761655249522,-1.423548531487793960678993217,stop,105,5122.760352737411603601908844
scalp_vwap,EURUSD,15min,SHORT,2026-03-02T07:45:00,2026-03-02T08:00:00,2026-03-02T18:45:00,1.17738000,1.180655985,1.17100803,1.17106803,15637.31321339203813082754910,51.22760352737411603601908844,98.70225188353414292063956509,1.472884786494681428357899181,97.22936709703946149228166591,1.897987811299502287098384150,target,43,5219.989719834451065094190510
scalp_vwap,EURUSD,15min,SHORT,2026-03-05T14:45:00,2026-03-05T15:00:00,2026-03-05T16:45:00,1.16116000,1.162082835,1.15955433,1.15961433,56564.71330015063435060645197,52.19989719834451065094190510,87.43038040664383099670187462,5.254454599648232846604015022,82.17592580699559815009785960,1.574254552547313441731187049,target,7,5302.165645641446663244288370
scalp_vwap,EURUSD,15min,SHORT,2026-03-05T20:30:00,2026-03-05T20:45:00,2026-03-06T02:15:00,1.16205000,1.163893395,1.15854321,1.15860321,28763.04669179121492270668180,53.02165645641446663244288370,99.14018170679904168343616376,2.673927872655678504074503968,96.46625383414336317936165979,1.819374577884826637806872645,target,22,5398.631899475590026423650030
scalp_vwap,EURUSD,15min,SHORT,2026-03-07T02:30:00,2026-03-07T02:45:00,2026-03-07T03:00:00,1.15774000,1.159669810,1.15415038,1.159759810,27974.94001728455146581088309,53.98631899475590026423650030,-56.50406359631150989615947977,2.591016564448881329122231344,-59.09508016076039122528171111,-1.094630663122276286266523647,stop,1,5339.536819314829635198368319
scalp_vwap,EURUSD,15min,LONG,2026-03-07T06:00:00,2026-03-07T06:15:00,2026-03-09T05:00:00,1.16064000,1.158842745,1.16405451,1.158752745,29709.40027605893228951021596,53.39536819314829635198368319,-56.06921421799360025803960262,2.758553466912403133799770964,-58.82776768490600339183937358,-1.101739152207115851673802549,stop,187,5280.709051629923631806528945
scalp_vwap,EURUSD,15min,SHORT,2026-03-11T06:45:00,2026-03-11T07:00:00,2026-03-11T14:00:00,1.16139000,1.162938805,1.15850239,1.163028805,34095.37709156364830825396964,52.80709051629923631806528945,-55.87567445453996466580814672,3.167842400029688440697846224,-59.04351685456965310650599294,-1.118098275767446515216570194,stop,28,5221.665534775353978700022952
scalp_vwap,EURUSD,15min,SHORT,2026-03-14T10:15:00,2026-03-14T10:30:00,2026-03-14T16:45:00,1.14655000,1.148298890,1.14326222,1.14332222,29857.02665562358969803717187,52.21665534775353978700022952,96.37191349848871035553042262,2.738605912960418141462761552,93.63330758552829221406766107,1.793169381722120888106170199,target,25,5315.298842360882270914090613
scalp_vwap,EURUSD,15min,SHORT,2026-03-15T01:00:00,2026-03-15T01:15:00,2026-03-15T02:00:00,1.14443000,1.146330490,1.14086902,1.146420490,27968.04425364449310921967815,53.15298842360882270914090613,-55.67011240643682708897067716,2.560597510815869379918742102,-58.23070991725269646888941926,-1.095530310604107361785644755,stop,3,5257.068132443629574445201194
scalp_vwap,EURUSD,15min,LONG,2026-03-15T02:15:00,2026-03-15T02:30:00,2026-03-15T04:00:00,1.14608000,1.144443140,1.14926372,1.144353140,32116.78538447777802894078415,52.57068132443629574445201194,-55.46119200903929576705668252,2.944672431475383347472676312,-58.40586444051467911452935883,-1.110996908715467419327248512,stop,6,5198.662268003114895330671835
scalp_vwap,EURUSD,15min,LONG,2026-03-15T04:15:00,2026-03-15T04:30:00,2026-03-15T04:30:00,1.14502000,1.143624555,1.14769089,1.143534555,37254.51213056132556518294763,51.98662268003114895330671835,-55.33952877178166825417318364,3.412572918378826319891662296,-58.75210169016049457406484594,-1.130138844597959790604430845,stop,0,5139.910166312954400756606989
scalp_vwap,EURUSD,15min,LONG,2026-03-15T05:45:00,2026-03-15T06:00:00,2026-03-16T00:15:00,1.14485000,1.143316750,1.14770650,1.143226750,33522.97515938662579981481812,51.39910166312954400756606989,-54.41616942747434032954940351,3.070302248897902283753439562,-57.48647167637224261330284307,-1.118433393119191260394586662,stop,73,5082.423694636582158143304146
scalp_vwap,EURUSD,15min,LONG,2026-03-16T11:30:00,2026-03-16T11:45:00,2026-03-16T12:30:00,1.14522000,1.144137220,1.14723556,1.144047220,46938.65507893184357065428015,50.82423694636582158143304146,-55.04871590346968750279192667,4.300406925559546071518775576,-59.34912282902923357431070225,-1.167732688080681209479303275,stop,3,5023.074571807552924568993444
scalp_vwap,EURUSD,15min,LONG,2026-03-16T12:45:00,2026-03-16T13:00:00,2026-03-16T16:15:00,1.14496000,1.143941320,1.14690736,1.143851320,49309.64161274937099549410457,50.23074571807552924568993444,-54.66861346322297263528440385,4.516605380874681585200074398,-59.18521884409765422048447825,-1.178266776612871559272784388,stop,13,4963.889352963455270348508966
scalp_vwap,EURUSD,15min,SHORT,2026-03-16T19:30:00,2026-03-16T19:45:00,2026-03-16T20:45:00,1.14390000,1.145012990,1.14182402,1.145102990,44599.58627627791148481575725,49.63889352963455270348508966,-53.65285629449956473711850781,4.081397339314744235798459578,-57.73425363381430897291696739,-1.163085023225725298520202338,stop,4,4906.155099329640961375591999
scalp_vwap,EURUSD,15min,LONG,2026-03-18T19:00:00,2026-03-18T19:15:00,2026-03-18T19:15:00,1.15295000,1.152270700,1.15418860,1.152180700,72223.68760974004065031049608,49.06155099329640961375591999,-55.56168287817301327228386463,6.661624050371982389422038916,-62.22330692854499566170590355,-1.268270278227587222140438687,stop,0,4843.931792401095965713886095
scalp_vwap,EURUSD,15min,SHORT,2026-03-22T07:45:00,2026-03-22T08:00:00,2026-03-22T08:30:00,1.15832000,1.158785295,1.15759941,1.158875295,104104.5313704444699752605572,48.43931792401095965713886095,-57.80872574735096195491231111,9.646908862161059076939504688,-67.45563460951202103185181580,-1.392580191061584586122782321,stop,2,4776.476157791583944682034279
scalp_vwap,EURUSD,15min,SHORT,2026-03-22T09:45:00,2026-03-22T10:00:00,2026-03-22T10:15:00,1.15856000,1.159021255,1.15787749,1.159111255,103553.9161156320027898241597,47.76476157791583944682034279,-57.08461402832271969790451716,9.597874004394129052174294280,-66.68248803271684875007881144,-1.396060313709336484157353308,stop,1,4709.793669758867095931955468
scalp_vwap,EURUSD,15min,LONG,2026-03-22T10:45:00,2026-03-22T11:00:00,2026-03-22T11:30:00,1.15911000,1.158720260,1.15976948,1.158630260,120844.5032523956251842755547,47.09793669758867095931955468,-57.97394199030427722590435461,11.20576577319074344858765106,-69.17970776349502067449200567,-1.468847949915328167496279571,stop,2,4640.613961995372075257463462
scalp_vwap,EURUSD,15min,LONG,2026-03-22T23:15:00,2026-03-22T23:30:00,2026-03-23T00:15:00,1.15922000,1.158984710,1.15960058,1.158894710,197229.5449018390953826113928,46.40613961995372075257463462,-64.15679866111923933700965996,18.29059464328879329195446230,-82.44739330440803262896412226,-1.776648391346848569849972374,stop,3,4558.166568690964042628499340
scalp_vwap,EURUSD,15min,SHORT,2026-03-23T22:15:00,2026-03-23T22:30:00,2026-03-23T22:30:00,1.15531000,1.158321405,1.14970719,1.158411405,15136.34522321296551818337069,45.58166568690964042628499340,-46.94393675699880732292149677,1.398973679986413695424994399,-48.34291043698522101834649117,-1.060577969419589859218537527,stop,0,4509.823658253978821610152849
scalp_vwap,EURUSD,15min,SHORT,2026-03-23T22:45:00,2026-03-23T23:00:00,2026-03-23T23:30:00,1.15579000,1.159033205,1.14951359,1.159123205,13905.45358142324898244222258,45.09823658253978821610152849,-46.34972740486788062452132851,1.285742735589854155313351715,-47.63547014045773477983468022,-1.056260150067602880483965706,stop,2,4462.188188113521086830318169
scalp_vwap,EURUSD,15min,LONG,2026-03-25T08:30:00,2026-03-25T08:45:00,2026-03-25T16:15:00,1.16094000,1.159465045,1.16373991,1.159375045,30253.04628353760682075262072,44.62188188113521086830318169,-47.34465604665359548217091756,2.809757724192811940998763800,-50.15441377084640742316968136,-1.123986969093972358478733250,stop,30,4412.033774342674679407148488
scalp_vwap,EURUSD,15min,SHORT,2026-03-25T17:00:00,2026-03-25T17:15:00,2026-03-25T17:45:00,1.15889000,1.159784285,1.15737143,1.159874285,49335.88033280972709379167142,44.12033774342674679407148488,-48.56056697337962223251273530,4.573988668711189170537938408,-53.13455564209081140305067371,-1.204309811749050917772298540,stop,2,4358.899218700583868004097814
scalp_vwap,EURUSD,15min,SHORT,2026-03-28T01:30:00,2026-03-28T01:45:00,2026-03-28T02:15:00,1.15282000,1.153853085,1.15099383,1.153943085,42193.03560404597751399059917,43.58899218700583868004097814,-47.38636539136997665630013207,3.891278024404502703814291404,-51.27764341577447936011442347,-1.176389745277494107454856086,stop,2,4307.621575284809388643983391
scalp_vwap,EURUSD,15min,SHORT,2026-03-28T02:45:00,2026-03-28T03:00:00,2026-03-28T08:00:00,1.15204000,1.153329305,1.14967139,1.153419305,33410.41549737889319163412374,43.07621575284809388643983391,-46.08315314761219427368690505,3.079210805568030408999214072,-49.16236395318022468268611912,-1.141287903172639522843702615,stop,20,4258.459211331629163961297272
scalp_vwap,EURUSD,15min,SHORT,2026-03-28T20:30:00,2026-03-28T20:45:00,2026-03-28T23:45:00,1.15129000,1.152609370,1.14883126,1.152699370,32276.45930505945386026131617,42.58459211331629163961297272,-45.48947345077164248703649117,2.972765186665751890782420056,-48.46223863743739437781891123,-1.138022844236264277647665173,stop,12,4209.996972694191769583478361
scalp_vwap,EURUSD,15min,SHORT,2026-03-29T00:30:00,2026-03-29T00:45:00,2026-03-29T01:00:00,1.15214000,1.153323345,1.14998331,1.153413345,35577.08844583947850866381622,42.09996972694191769583478361,-45.30190768706747076161452706,3.279182934559159741517754338,-48.58109062162663050313228140,-1.153945975180526389176444739,stop,1,4161.415882072565139080346080
scalp_vwap,EURUSD,15min,LONG,2026-03-29T02:15:00,2026-03-29T02:30:00,2026-03-29T04:15:00,1.15362000,1.152705500,1.15532900,1.152615500,45504.82101774264777561887458,41.61415882072565139080346080,-45.70959271232248969060915952,4.199621729799061866152755688,-49.90921444212155155676191521,-1.199332531437944231820667031,stop,7,4111.506667630443587523584165
scalp_vwap,EURUSD,15min,LONG,2026-03-29T04:30:00,2026-03-29T04:45:00,2026-03-29T15:15:00,1.15311000,1.152299600,1.15461080,1.152209600,50734.28760649609560122882731,41.11506667630443587523584165,-45.68115256088908447934643611,4.680177150554137023898637844,-50.36132971144322150324507395,-1.224887462981243830207305034,stop,42,4061.145337919000366020339091
scalp_vwap,EURUSD,15min,SHORT,2026-03-30T14:30:00,2026-03-30T14:45:00,2026-03-30T18:30:00,1.15164000,1.152521070,1.15005786,1.15011786,46093.33353671104867967742734,40.61145337919000366020339091,70.16050670956935563728419925,4.246634130737432968117096994,65.91387257883192266916710226,1.623036535122067486124825496,target,15,4127.059210497832288689506193
scalp_vwap,EURUSD,15min,SHORT,2026-03-31T12:45:00,2026-03-31T13:00:00,2026-03-31T21:45:00,1.14763000,1.148602865,1.14589427,1.14595427,42421.70507211002851052824588,41.27059210497832288689506193,71.08732384048693807594749747,3.894753711352450561563002466,67.19257012913448751438449500,1.628098040324197087982402491,target,35,4194.251780626966776203890688
scalp_vwap,EURUSD,15min,LONG,2026-04-02T06:00:00,2026-04-02T06:15:00,2026-04-02T12:15:00,1.15832000,1.157032255,1.16068549,1.156942255,32570.51497483559847798974710,41.94251780626966776203890688,-44.87386415400487162505798412,3.018166312452125634322006708,-47.89203046645699725937999083,-1.141849201511168748471164710,stop,24,4146.359750160509778944510697
scalp_vwap,EURUSD,15min,SHORT,2026-04-04T01:00:00,2026-04-04T01:15:00,2026-04-04T20:30:00,1.15278000,1.153592730,1.15133454,1.15139454,51017.67807464360585858170237,41.46359750160509778944510697,70.68295226529573017283060537,4.704972714471012476932465188,65.97797955082471769589814018,1.591226606622125429109298291,target,77,4212.337729711334496640408837
scalp_vwap,EURUSD,15min,SHORT,2026-04-05T00:45:00,2026-04-05T01:00:00,2026-04-06T00:00:00,1.15177000,1.152318010,1.15085398,1.152408010,76866.07415396314842138663231,42.12337729711334496640408837,-49.04132397097002832432888528,7.082563058264810836584038520,-56.12388702923483916091292380,-1.332369117351873141001076623,stop,92,4156.213842682099657479495913
scalp_vwap,EURUSD,15min,SHORT,2026-04-06T05:00:00,2026-04-06T05:15:00,2026-04-06T06:00:00,1.15122000,1.152442265,1.14892547,1.152532265,34004.19583872645995327932906,41.56213842682099657479495913,-44.62251605230637797059009875,3.131704826676694018193138336,-47.75422087898307198878323709,-1.148983731023959615958895984,stop,3,4108.459621803116585490712676
scalp_vwap,EURUSD,15min,SHORT,2026-04-06T06:30:00,2026-04-06T06:45:00,2026-04-06T16:45:00,1.15188000,1.153109010,1.14960198,1.153199010,33429.01702836524182464514264,41.08459621803116585490712676,-44.09320775058403761912518959,3.080497290770668380237779752,-47.17370504135470599936296934,-1.148209046305563014133326824,stop,40,4061.285916761761879491349707
scalp_vwap,EURUSD,15min,SHORT,2026-04-09T05:00:00,2026-04-09T05:15:00,2026-04-09T05:30:00,1.16508000,1.166315760,1.16269848,1.166405760,32864.68178903477924104477979,40.61285916761761879491349707,-43.57068052863074892660752725,3.063198676701491247852516164,-46.63387920533224017446004341,-1.148254029908720139832977277,stop,1,4014.652037556429639316889664
scalp_vwap,EURUSD,15min,SHORT,2026-04-10T18:45:00,2026-04-10T19:00:00,2026-04-10T19:15:00,1.16856000,1.169249350,1.16730130,1.169339350,58238.22495911263711201696764,40.14652037556429639316889664,-45.38796062188443373325042373,5.444388812657653057889483816,-50.83234943454208679113990755,-1.266170740552694567346050628,stop,1,3963.819688121887552525749756
scalp_vwap,EURUSD,15min,LONG,2026-04-12T05:30:00,2026-04-12T05:45:00,2026-04-12T07:45:00,1.17246000,1.172196640,1.17283672,1.172106640,150509.5568090024131426849087,39.63819688121887552525749756,-53.18405699402909270809913934,14.11731479810263754506178785,-67.30137179213173025316092719,-1.697891859052247873633049818,stop,8,3896.518316329755822272588829
scalp_vwap,EURUSD,15min,LONG,2026-04-12T08:00:00,2026-04-12T08:15:00,2026-04-12T09:00:00,1.17254000,1.172220420,1.17302916,1.172130420,121926.2255563475756390446470,38.96518316329755822272588829,-49.93854346336884003023990652,11.43707012110718290718443283,-61.37561358447602293742433935,-1.575139871080793541523249265,stop,3,3835.142702745279799335164490
scalp_vwap,EURUSD,15min,LONG,2026-04-12T09:15:00,2026-04-12T09:30:00,2026-04-13T00:45:00,1.17251000,1.172114360,1.17312128,1.172024360,96935.16082158729651539693888,38.35142702745279799335164490,-47.07559150139565467973736940,9.092595633193545682981445184,-56.16818713458920036271881458,-1.464565766858760489333737741,stop,61,3778.974515610690598972445675
scalp_vwap,EURUSD,15min,SHORT,2026-04-13T06:00:00,2026-04-13T06:15:00,2026-04-14T00:45:00,1.16882000,1.171886880,1.16298624,1.171976880,12321.88581102191999351929542,37.78974515610690598972445675,-38.89871487909887878914119333,1.152165325891091242146017830,-40.05088020498997003128721116,-1.059834620200333889816360601,stop,74,3738.923635405700628941158464
scalp_vwap,EURUSD,15min,LONG,2026-04-16T00:45:00,2026-04-16T01:00:00,2026-04-16T12:30:00,1.17980000,1.178802190,1.18167562,1.18161562,37471.29849776711627405175799,37.38923635405700628941158464,68.03363897851593164949385284,3.536691037413251502410101126,64.49694794110268014708375171,1.725013780178591114540844449,target,46,3803.420583346803309088242216
scalp_vwap,EURUSD,15min,LONG,2026-04-18T02:15:00,2026-04-18T02:30:00,2026-04-18T03:00:00,1.18008000,1.178740170,1.18257966,1.178650170,28387.33707520210257337305640,38.03420583346803309088242216,-40.58906617023622232248599723,2.679946298856359776382886112,-43.26901246909258209886888334,-1.137634177470276079801168805,stop,2,3760.151570877710726989373333
scalp_vwap,EURUSD,15min,LONG,2026-04-18T03:30:00,2026-04-18T03:45:00,2026-04-18T04:45:00,1.17912000,1.177872900,1.18143420,1.177782900,30151.16326579833795998214524,37.60151570877710726989373333,-40.31512040269895768629212640,2.844147170397450900429931768,-43.15926757309640858672205817,-1.147806591291796968968005773,stop,4,3716.992303304614318402651275
scalp_vwap,EURUSD,15min,SHORT,2026-04-18T05:15:00,2026-04-18T05:30:00,2026-04-18T08:00:00,1.17752000,1.178740100,1.17525980,1.178830100,30464.65292438828225885297332,37.16992303304614318402651275,-39.91174179624108858732328035,2.869819048922055210035564252,-42.78156084516314379735884460,-1.150972543234161134333251373,stop,10,3674.210742459451174605292430
scalp_vwap,EURUSD,15min,SHORT,2026-04-18T08:30:00,2026-04-18T08:45:00,2026-04-18T09:30:00,1.17843000,1.179632150,1.17617570,1.179722150,30563.66295769622072624291835,36.74210742459451174605292430,-39.49283709078717161141478695,2.881370987139036591234115382,-42.37420807792620820264890233,-1.153287360146404358857047789,stop,3,3631.836534381524966402643528
scalp_vwap,EURUSD,15min,LONG,2026-04-19T07:00:00,2026-04-19T07:15:00,2026-04-19T07:30:00,1.17731000,1.176991240,1.17782752,1.176901240,113936.3952309425576108245554,36.31836534381524966402643528,-46.57264091460007984900064527,10.73107659754727860006398858,-57.30371751214735844906463385,-1.577816539088969757811519639,stop,1,3574.532816869377607953578894
scalp_vwap,EURUSD,15min,LONG,2026-04-19T09:15:00,2026-04-19T09:30:00,2026-04-19T10:00:00,1.17734000,1.176958020,1.17795396,1.176868020,93579.05693673432137686734630,35.74532816869377607953578894,-44.16744329299986500345385011,8.813949351511582874387280120,-52.98139264451144787784113023,-1.482190690612073930572281271,stop,2,3521.551424224866160075737764
scalp_vwap,EURUSD,15min,LONG,2026-04-19T10:30:00,2026-04-19T10:45:00,2026-04-19T11:00:00,1.17707000,1.176620515,1.17775897,1.176530515,78346.36137412519127614353680,35.21551424224866160075737764,-42.26668676591992881561029595,7.377532126611323111632821828,-49.64421889253125192724311778,-1.409725797301355996306884546,stop,1,3471.907205332334908148494646
scalp_vwap,EURUSD,15min,LONG,2026-04-19T11:15:00,2026-04-19T11:30:00,2026-04-19T12:30:00,1.17721000,1.176734675,1.17801065,1.176644675,73042.80661299815722186913472,34.71907205332334908148494646,-41.29292464849318323145316859,6.878937789831004853052525126,-48.17186243832418808450569372,-1.387475516751696207857781518,stop,4,3423.735342894010720063988952
scalp_vwap,EURUSD,15min,LONG,2026-04-19T12:45:00,2026-04-19T13:00:00,2026-04-19T16:00:00,1.17728000,1.176765010,1.17809998,1.176675010,66481.58882490942969890656036,34.23735342894010720063988952,-40.22069642318195587354147995,6.261395591343149871674297230,-46.48209201452510574521577718,-1.357642672673255791374589798,stop,12,3377.253250879485614318773175
scalp_vwap,EURUSD,15min,LONG,2026-04-19T16:15:00,2026-04-19T16:30:00,2026-04-19T21:30:00,1.17720000,1.176870825,1.17776835,1.176780825,102597.5013557981503552448751,33.77253250879485614318773175,-43.00630763081668967515977052,9.662222287683646607855541360,-52.66852991850033628301531188,-1.559507860560492139439507861,stop,20,3324.584720960985278035757863
scalp_vwap,EURUSD,15min,SHORT,2026-04-20T04:00:00,2026-04-20T04:15:00,2026-04-20T04:45:00,1.17633000,1.177532915,1.17416417,1.177622915,27637.73600762302638204493138,33.24584720960985278035757863,-35.73324345029592515474162246,2.600887839827775569919273130,-38.33413129012370072466089559,-1.153050215518137191738402132,stop,2,3286.250589670861577311096967
scalp_vwap,EURUSD,15min,SHORT,2026-04-24T01:00:00,2026-04-24T01:15:00,2026-04-24T03:00:00,1.17079000,1.171870785,1.16886843,1.16892843,30406.14543753717508395376478,32.86250589670861577311096967,56.60316816215607902103580990,2.847936881345131937323378262,53.75523128081094708371243164,1.635761784258663841559607137,target,7,3340.005820951672524394809399
scalp_vwap,EURUSD,15min,SHORT,2026-04-24T04:15:00,2026-04-24T04:30:00,2026-04-24T21:00:00,1.16948000,1.170778520,1.16697296,1.170868520,25721.63556165228509683955117,33.40005820951672524394809399,-35.71500541006543090266365359,2.406475068531289150004153464,-38.12148047859672005266780705,-1.141359701814373286510796907,stop,66,3301.884340473075804342141592
scalp_vwap,EURUSD,15min,LONG,2026-04-26T01:15:00,2026-04-26T01:30:00,2026-04-26T12:15:00,1.17189000,1.171571315,1.17231737,1.17225737,103609.6565722602508540452670,33.01884340473075804342141592,38.06307953495124835625060974,9.713529635237285229867768632,28.34954989971396312638284111,0.8585870059776895680687826538,target,43,3330.233890372789767468524433
scalp_vwap,EURUSD,15min,LONG,2026-04-26T16:15:00,2026-04-26T16:30:00,2026-04-26T19:30:00,1.17211000,1.171863735,1.17248253,1.171773735,135229.6871407950690300499232,33.30233890372789767468524433,-45.47301074639945388738973742,12.68032548756778466886494524,-58.15333623396723855625468266,-1.746223783322843278582015309,stop,12,3272.080554138822528912269750
scalp_vwap,EURUSD,15min,SHORT,2026-04-26T21:00:00,2026-04-26T21:15:00,2026-04-27T00:00:00,1.17189000,1.172107145,1.17160571,1.172197145,150686.4332192232162339574823,32.72080554138822528912269750,-46.28258453111831475017887090,14.12703393802203958979299471,-60.40961846914035433997186561,-1.846214280780123880356443850,stop,11,3211.670935669682174572297884
scalp_vwap,EURUSD,15min,LONG,2026-04-27T01:30:00,2026-04-27T01:45:00,2026-04-27T02:00:00,1.17237000,1.172002345,1.17295531,1.171912345,87355.56257006384176938428374,32.11670935669682174572297884,-39.97870998800256750496756438,8.193043271221259694013844216,-48.17175325922382719898140860,-1.499896914226652704301587086,stop,1,3163.499182410458347373316475
scalp_vwap,EURUSD,15min,SHORT,2026-04-27T03:15:00,2026-04-27T03:30:00,2026-04-27T05:00:00,1.17181000,1.172199615,1.17118077,1.17124077,81195.51820156971234098575453,31.63499182410458347373316475,46.21892482587952735585932105,7.611657614702512369463241362,38.60726721117701498639607969,1.220397571962065115562799174,target,6,3202.106449621635362359712555
scalp_vwap,EURUSD,15min,LONG,2026-04-27T11:45:00,2026-04-27T12:00:00,2026-04-27T16:15:00,1.17252000,1.171741655,1.17386669,1.171651655,41139.93729800583754452990069,32.02106449621635362359712555,-35.72365885303687900260481661,3.858991942452624371016975932,-39.58265079548950337362179254,-1.236144126319305706338448888,stop,17,3162.523798826145858986090762
scalp_vwap,EURUSD,15min,SHORT,2026-04-28T03:15:00,2026-04-28T03:30:00,2026-04-28T15:45:00,1.17225000,1.173086320,1.17069736,1.17075736,37814.75749505148578278757846,31.62523798826145858986090762,56.44381962741364973882005111,3.546267957885928336709819108,52.89755166952772140211023200,1.672637268031375550028697149,target,49,3215.421350495673580388200994
scalp_vwap,EURUSD,15min,LONG,2026-04-29T11:15:00,2026-04-29T11:30:00,2026-04-29T13:45:00,1.17117000,1.170615185,1.17215963,1.170525185,57954.83810812024873855611319,32.15421350495673580388200994,-37.37014893468755819035206013,5.429997419766975337210781046,-42.80014635445453352756284118,-1.331089822733704027468615665,stop,9,3172.621204141219046860638153
scalp_vwap,EURUSD,15min,SHORT,2026-04-29T15:00:00,2026-04-29T15:15:00,2026-04-29T18:00:00,1.17030000,1.170840300,1.16939940,1.16945940,58719.62250862889222396146868,31.72621204141219046860638153,49.35971468075344680346201057,5.497565937747871405576168544,43.86214874300557539788584203,1.382520821765685730149916713,target,11,3216.483352884224622258523995
scalp_vwap,EURUSD,15min,SHORT,2026-04-29T18:30:00,2026-04-29T18:45:00,2026-04-29T20:45:00,1.16978000,1.170603835,1.16846233,1.170693835,39042.81018510047063135851226,32.16483352884224622258523995,-35.67868644550128857940750605,3.653719879866146282812044838,-39.33240632536743486221955089,-1.222838796603688845460559457,stop,8,3177.150946558857187396304444
scalp_vwap,EURUSD,15min,SHORT,2026-04-30T18:15:00,2026-04-30T18:30:00,2026-04-30T19:30:00,1.16856000,1.169504405,1.16691119,1.169594405,33641.82682809660248935895558,31.77150946558857187396304444,-34.79927388011726609800535045,3.144999452659245264397224090,-37.94427333277651136240257454,-1.194286137832815370524298368,stop,4,3139.206673226080676033901869
scalp_vwap,EURUSD,15min,LONG,2026-04-30T19:45:00,2026-04-30T20:00:00,2026-04-30T21:00:00,1.16960000,1.168540530,1.17156894,1.17150894,29629.97228072602976992177097,31.39206673226080676033901869,56.56183928556914726899446548,2.772417246362973153512040266,53.78942203920617411548242521,1.713471830254750016517692809,target,4,3192.996095265286850149384294
scalp_vwap,EURUSD,15min,LONG,2026-04-30T22:45:00,2026-04-30T23:00:00,2026-05-01T00:45:00,1.16943000,1.168022765,1.17212447,1.17206447,22689.85702647593934310462925,31.92996095265286850149384294,59.77574764054006792122885262,2.122735960197740619680547726,57.65301168034232730154830489,1.805608587051913859447782353,target,7,3250.649106945629177450932599
scalp_vwap,EURUSD,15min,LONG,2026-05-02T03:00:00,2026-05-02T03:15:00,2026-05-02T04:00:00,1.17379000,1.172748205,1.17641359,1.172658205,31202.38729256359626846867761,32.50649106945629177450932599,-35.31470592578701543867150698,2.930004014411057893117267928,-38.24470994019807333178877491,-1.176525324080073334965132296,stop,3,3212.404397005431104119143824
scalp_vwap,EURUSD,15min,SHORT,2026-05-02T04:15:00,2026-05-02T04:30:00,2026-05-04T05:15:00,1.17225000,1.173536535,1.17003693,1.173626535,24969.42871360228135355154601,32.12404397005431104119143824,-34.37129255427851636301107739,2.341633024761621945336063984,-36.71292557904013830834714137,-1.142848814839860555678625144,stop,195,3175.691471426390965810796683
scalp_vwap,EURUSD,15min,LONG,2026-05-04T06:00:00,2026-05-04T06:15:00,2026-05-04T06:15:00,1.17409000,1.172736825,1.17730635,1.172646825,23468.44622038088913710936636,31.75691471426390965810796683,-33.86907487409818968044780980,2.204325441830959850159098876,-36.07340031592914953060690868,-1.135922700315923661019454247,stop,0,3139.618071110461816280189774
scalp_vwap,EURUSD,15min,LONG,2026-05-04T06:30:00,2026-05-04T06:45:00,2026-05-04T17:45:00,1.17364000,1.171697615,1.17719477,1.171607615,16163.72691876462089791771340,31.39618071110461816280189774,-32.85091613379343404361449195,1.517631716875112773650571612,-34.36854785066854681726506356,-1.094672889257279066714374339,stop,44,3105.249523259793269462924710
scalp_vwap,EURUSD,15min,SHORT,2026-05-08T04:00:00,2026-05-08T04:15:00,2026-05-08T06:45:00,1.17463000,1.175677265,1.17283547,1.17289547,29651.03887993767832843573222,31.05249523259793269462924710,51.43061646841830119102163061,2.786319983963295607594437132,48.64429648445500558342719348,1.566518121010441483292194431,target,10,3153.893819744248275046351903
scalp_vwap,EURUSD,15min,SHORT,2026-05-08T16:45:00,2026-05-08T17:00:00,2026-05-08T18:15:00,1.17448000,1.175187175,1.17324565,1.175277175,44598.49145889275320884295829,31.53893819744248275046351903,-35.55280242874283053925938527,4.190402899891228863097750212,-39.74320532863405940235713548,-1.260131367766111641390037826,stop,5,3114.150614415614215643994768
scalp_vwap,EURUSD,15min,LONG,2026-05-10T00:45:00,2026-05-10T01:00:00,2026-05-11T01:00:00,1.17832000,1.177117840,1.18063432,1.177027840,25904.62679190469002166096666,31.14150614415614215643994768,-33.47292255542756425838943468,2.441915187314970747705884018,-35.91483774274253500609531870,-1.153278764889864909828974513,stop,96,3078.235776672871680637899449
scalp_vwap,EURUSD,15min,SHORT,2026-05-11T02:30:00,2026-05-11T02:45:00,2026-05-11T02:45:00,1.17770000,1.178871215,1.17553757,1.178961215,26282.41421662864359351527644,30.78235776672871680637899449,-33.14777504622529472979536938,2.476223937833884284806635284,-35.62399898405917901460200466,-1.157286236941979055937637411,stop,0,3042.611777688812501623297444
scalp_vwap,EURUSD,15min,SHORT,2026-05-11T03:15:00,2026-05-11T03:30:00,2026-05-11T05:00:00,1.17836000,1.179572105,1.17611579,1.179662105,25101.88290361653900960145733,30.42611777688812501623297444,-32.68528723821361352709710560,2.366324379064446792588317860,-35.05161161727806031968542346,-1.152023793318235631401569996,stop,6,3007.560166071534441303612021
scalp_vwap,EURUSD,15min,SHORT,2026-05-11T05:30:00,2026-05-11T05:45:00,2026-05-11T06:15:00,1.17804000,1.179352455,1.17550509,1.17556509,22915.52979775713789275527177,30.07560166071534441303612021,56.71387385176711814215894966,2.159632857835985497854513628,54.55424099393113264430443603,1.813903562407853983565150805,target,2,3062.114407065465573947916457
scalp_vwap,EURUSD,15min,SHORT,2026-05-11T07:45:00,2026-05-11T08:00:00,2026-05-11T23:45:00,1.17632000,1.178760835,1.17167833,1.178850835,12545.35602392404883553339925,30.62114407065465573947916457,-31.75022611280782013467717049,1.180588255844986970097171857,-32.93081436865280710477434235,-1.075427302541957977495406285,stop,63,3029.183592696812766843142115
scalp_vwap,EURUSD,15min,SHORT,2026-05-12T11:00:00,2026-05-12T11:15:00,2026-05-12T15:00:00,1.17642000,1.177077775,1.17540445,1.17546445,46051.97206790791329623567504,30.29183592696812766843142115,44.00496190948940655021799928,4.334116878410258188796605826,39.67084503107914836142139345,1.309621679145604500019003458,target,15,3068.854437727891915204563508
scalp_vwap,EURUSD,15min,SHORT,2026-05-17T00:30:00,2026-05-17T00:45:00,2026-05-18T00:00:00,1.16243000,1.162730585,1.16200883,1.162820585,102096.0606060812054894476939,30.68854437727891915204563508,-39.87718983182622764609592752,9.494361898426158055767894624,-49.37155173025238570186382214,-1.608794184673220553254487083,stop,93,3019.482885997639529502699686
scalp_vwap,EURUSD,15min,LONG,2026-05-18T00:45:00,2026-05-18T01:00:00,2026-05-18T04:30:00,1.16252000,1.162227835,1.16298433,1.162137835,103348.5491416712997622131222,30.19482885997639529502699686,-39.49619828272681227362617785,9.611580427854057551965439904,-49.10777871058086982559161775,-1.626363869731145072133896941,stop,14,2970.375107287058659677108068
scalp_vwap,EURUSD,15min,LONG,2026-05-18T05:30:00,2026-05-18T05:45:00,2026-05-18T07:45:00,1.16255000,1.161939115,1.16365177,1.161849115,48624.12904699016442828205093,29.70375107287058659677108068,-34.07992268709970139531646527,4.522238497886273252487943864,-38.60216118498597464780440913,-1.299571932524124835279962677,stop,8,2931.772946102072685029303659
scalp_vwap,EURUSD,15min,SHORT,2026-05-18T08:00:00,2026-05-18T08:15:00,2026-05-18T09:30:00,1.16230000,1.162902875,1.16130425,1.16136425,48629.86433509554526277095018,29.31772946102072685029303659,45.50539555156565647963791663,4.521799305334524180713494032,40.98359624623113229892442260,1.397911673232427949409081485,target,5,2972.756542348303817328228082
scalp_vwap,EURUSD,15min,SHORT,2026-05-18T14:15:00,2026-05-18T14:30:00,2026-05-18T16:00:00,1.16208000,1.162682590,1.16099482,1.162772590,49332.98830628294225473751775,29.72756542348303817328228082,-34.16753437104850297620865742,4.586310324077222522830829970,-38.75384469512572549903948739,-1.303633316185134170829253722,stop,6,2934.002697653178091829188595
scalp_vwap,EURUSD,15min,LONG,2026-05-18T16:15:00,2026-05-18T16:30:00,2026-05-18T18:30:00,1.16314000,1.162467590,1.16424482,1.16418482,43634.13241405062524098672826,29.34002697653178091829188595,45.58981422884837426428775342,4.060208382086307539424104248,41.52960584676206672486364917,1.415459020538064573697595217,target,8,2975.532303499940158554052244
scalp_vwap,EURUSD,15min,LONG,2026-05-18T21:00:00,2026-05-18T21:15:00,2026-05-18T21:30:00,1.16305000,1.162316930,1.16436614,1.16430614,40590.01600802024579581830172,29.75532303499940158554052244,50.98674270831455155395920152,3.776657449450235749826118066,47.21008525886431580413308345,1.586609737132879534014487020,target,1,3022.742388758804474358185327
scalp_vwap,EURUSD,15min,SHORT,2026-05-19T15:15:00,2026-05-19T15:30:00,2026-05-19T15:45:00,1.16350000,1.164261910,1.16233618,1.164351910,39673.22109906425265921415032,30.22742388758804474358185327,-33.79801378650382748291112680,3.692783419900900637519653112,-37.49079720640472812043077991,-1.240290848000419997112519851,stop,1,2985.251591552399746237754547
scalp_vwap,EURUSD,15min,LONG,2026-05-23T04:30:00,2026-05-23T04:45:00,2026-05-23T06:15:00,1.16125000,1.160365765,1.16301847,1.160275765,33760.83950027311457064869121,29.85251591552399746237754547,-32.89099147054857777373592768,3.136381989575372343613263414,-36.02737346012395011734919109,-1.206845465289204792843531414,stop,6,2949.224218092275796120405356
scalp_vwap,EURUSD,15min,SHORT,2026-05-23T13:00:00,2026-05-23T13:15:00,2026-05-24T11:00:00,1.16017000,1.160856255,1.15894749,1.160946255,42975.63177087636222862354891,29.49224218092275796120405356,-33.36004904030163056178017296,3.988723096929410333342574620,-37.34877213723104089512274758,-1.266393104603973741539223758,stop,87,2911.875445955044755225282608
scalp_vwap,EURUSD,15min,LONG,2026-05-24T14:15:00,2026-05-24T14:30:00,2026-05-24T16:00:00,1.16067000,1.160230770,1.16136846,1.160140770,66295.00366448204255686730433,29.11875445955044755225282608,-35.08530478935383138237088347,6.155729752260349786758333930,-41.24103454161418116912921740,-1.416304897206474967556860870,stop,6,2870.634411413430574056153391
scalp_vwap,EURUSD,15min,LONG,2026-05-24T16:30:00,2026-05-24T16:45:00,2026-05-24T22:00:00,1.16077000,1.160395305,1.16139939,1.160305305,76612.56252187594107357059451,28.70634411413430574056153391,-35.60147474110314043718288742,7.114365135881434889597483120,-42.71583987698457532678037054,-1.488027862661631460254340197,stop,21,2827.918571536445998729373020
scalp_vwap,EURUSD,15min,SHORT,2026-05-25T00:15:00,2026-05-25T00:30:00,2026-05-25T04:00:00,1.16020000,1.160505750,1.15973850,1.160595750,92491.20430209144721927630482,28.27918571536445998729373020,-36.60339410255269023702859763,8.584663618502919765104349512,-45.18805772105561000213294714,-1.597926410466067048242027800,stop,14,2782.730513815390388727240073
scalp_vwap,EURUSD,15min,LONG,2026-05-25T05:45:00,2026-05-25T06:00:00,2026-05-25T06:00:00,1.16428000,1.161457460,1.17004508,1.161367460,9858.958646521893006750090603,27.82730513815390388727240073,-28.71461141634087425787990888,0.9182870698378007671919196392,-29.63289848617867502507182852,-1.064885670353653092604533505,stop,0,2753.097615329211713702168244
scalp_vwap,EURUSD,15min,LONG,2026-05-25T07:45:00,2026-05-25T08:00:00,2026-05-28T13:45:00,1.16347000,1.159243170,1.17180366,1.159153170,6513.386190902429749249835560,27.53097615329211713702168244,-28.11718091047333581445416764,0.6062503545223399952287764944,-28.72343126499567580968294413,-1.043313215814215381266812244,stop,311,2724.374184064216037892485300
scalp_vwap,EURUSD,15min,SHORT,2026-05-29T18:45:00,2026-05-29T19:00:00,2026-05-29T19:00:00,1.16254000,1.163487335,1.16112533,1.163577335,28758.29758284256401265112447,27.24374184064216037892485300,-29.83198862309799114006345420,2.674613701756623549381395060,-32.50660232485461468944484926,-1.193176859294758453978793141,stop,0,2691.867581739361423203040451
scalp_vwap,EURUSD,15min,SHORT,2026-05-31T02:45:00,2026-05-31T03:00:00,2026-05-31T23:15:00,1.16589000,1.166121935,1.16557613,1.166211935,116061.2922473693674177265377,26.91867581739361423203040451,-37.36419211965685729962579291,10.82517600146283774229225544,-48.18936812111969504191804835,-1.790183456571884364153749974,stop,81,2643.678213618241728161122403
scalp_vwap,EURUSD,15min,SHORT,2026-06-01T00:45:00,2026-06-01T01:00:00,2026-06-01T01:00:00,1.16580000,1.166088510,1.16540298,1.166178510,91632.11720974114339749479751,26.43678213618241728161122403,-34.68367268505912018738575581,8.545977779449297997823954792,-43.22965046450841818520971060,-1.635208484974524279920973276,stop,0,2600.448563153733309975912692
scalp_vwap,EURUSD,15min,LONG,2026-06-01T02:00:00,2026-06-01T02:15:00,2026-06-01T04:45:00,1.16608000,1.165810635,1.16649873,1.16643873,96539.95742408008872629750309,26.00448563153733309975912692,34.63177892674025022878470328,9.005865084245704788956879392,25.62591384249454543982782389,0.9854420581738533217010376255,target,10,2626.074476996227855415740516
scalp_vwap,EURUSD,15min,SHORT,2026-06-01T16:15:00,2026-06-01T16:30:00,2026-06-01T16:45:00,1.16505000,1.165594670,1.16402066,1.165684670,48214.04661531253521243579628,26.26074476996227855415740516,-30.60000896534040672327662683,4.493742000733589531939865956,-35.09375096607399625521649279,-1.336357794627939853489268732,stop,1,2590.980726030153859160524023
scalp_vwap,EURUSD,15min,LONG,2026-06-01T18:15:00,2026-06-01T18:30:00,2026-06-01T19:15:00,1.16595000,1.165148715,1.16728257,1.165058715,32335.32046687700205495577757,25.90980726030153859160524023,-28.81998610232046877655126021,3.016109351868419243678055108,-31.83609545418888802022931532,-1.228727606282408880735318894,stop,3,2559.144630575964971140294708
scalp_vwap,EURUSD,15min,SHORT,2026-06-01T20:15:00,2026-06-01T20:30:00,2026-06-01T23:00:00,1.16484000,1.165602265,1.16361547,1.16367547,33572.89958972227468321770917,25.59144630575964971140294708,39.09664875921928053684751886,3.128564508647367555359945308,35.96808425057191298148757355,1.405472899844542252366303057,target,10,2595.112714826536884121782282
scalp_vwap,EURUSD,15min,SHORT,2026-06-03T05:30:00,2026-06-03T05:45:00,2026-06-03T16:00:00,1.16310000,1.163866415,1.16180717,1.16186717,33860.41132841263394012098252,25.95112714826536884121782282,41.74413089800694750039935088,3.150643553286138762860377182,38.59348734472080873753897370,1.487160350462869333194157212,target,41,2633.706202171257692859321256
scalp_vwap,EURUSD,15min,SHORT,2026-06-04T10:45:00,2026-06-04T11:00:00,2026-06-04T16:30:00,1.16057000,1.161349100,1.15928180,1.161439100,33804.46928727066734513311842,26.33706202171257692859321256,-29.37946425756693698965519322,3.138596233658217472059291460,-32.51806049122515446171448468,-1.234688230008984725965858041,stop,22,2601.188141680032538397606771
scalp_vwap,EURUSD,15min,SHORT,2026-06-05T05:00:00,2026-06-05T05:15:00,2026-06-05T15:30:00,1.16113000,1.161750025,1.15997995,1.161840025,41952.95579500879058743771253,26.01188141680032538397606771,-29.78764743835111653684546184,3.897026844980684561183324092,-33.68467428333180109802878593,-1.294972622071690657634772791,stop,41,2567.503467396700737299577985
scalp_vwap,EURUSD,15min,SHORT,2026-06-07T05:45:00,2026-06-07T06:00:00,2026-06-07T06:00:00,1.15212000,1.152382455,1.15168509,1.152472455,97826.42614530874768244377074,25.67503467396700737299577985,-34.47941302704479466441571922,9.016622567242649150391769368,-43.49603559428744381480748859,-1.694098416871463679487912214,stop,0,2524.007431802413293484770496
scalp_vwap,EURUSD,15min,SHORT,2026-06-07T07:00:00,2026-06-07T07:15:00,2026-06-07T07:45:00,1.15212000,1.152384170,1.15165166,1.152474170,95544.81704214760546181513783,25.24007431802413293484770496,-33.83910785181741742641106737,8.806327568847927936373316528,-42.64543542066534536278438390,-1.689592307983495476397774161,stop,2,2481.361996381747948121986112
scalp_vwap,EURUSD,15min,SHORT,2026-06-07T08:00:00,2026-06-07T08:15:00,2026-06-07T09:15:00,1.15214000,1.152417485,1.15158503,1.152507485,89423.28401109061564127740642,24.81361996381747948121986112,-32.86171552481563488893482770,8.242251395243035352395308080,-41.10396692005867024133013578,-1.656508279726832081013388111,stop,4,2440.258029461689277880655976
scalp_vwap,EURUSD,15min,SHORT,2026-06-07T10:00:00,2026-06-07T10:15:00,2026-06-08T00:45:00,1.15212000,1.152467850,1.15160430,1.15166430,70152.59535609283535663809044,24.40258029461689277880655976,31.96853770377150507201997781,6.465936652932934197687190140,25.50260105083857087433278767,1.045078050884001724881414403,target,58,2465.760630512527848754988764
scalp_vwap,EURUSD,15min,SHORT,2026-06-08T02:45:00,2026-06-08T03:00:00,2026-06-08T05:00:00,1.15215000,1.152475430,1.15164914,1.15170914,75769.30923739445806333124678,24.65760630512527848754988764,33.40365767039772078180021346,6.983808771029121988613367678,26.41984889936859879318684578,1.071468518575423286113757183,target,8,2492.180479411896447548175610
scalp_vwap,EURUSD,15min,SHORT,2026-06-08T05:15:00,2026-06-08T05:30:00,2026-06-08T05:45:00,1.15180000,1.152347980,1.15115404,1.152437980,45479.40580699836577152771287,24.92180479411896447548175610,-29.01495131674881739491925026,4.190654368680057415651649574,-33.20560568542887481057089983,-1.332391693127486404613307055,stop,1,2458.974873726467572737604710
scalp_vwap,EURUSD,15min,LONG,2026-06-08T11:30:00,2026-06-08T11:45:00,2026-06-08T16:45:00,1.15248000,1.151441505,1.15446699,1.151351505,23678.25433657810170234430315,24.58974873726467572737604710,-26.72079162755670488058703438,2.183097164625562451993421000,-28.90388879218226733258045538,-1.175444657894356737394017304,stop,20,2430.070984934285305405024255
scalp_vwap,EURUSD,15min,LONG,2026-06-10T01:45:00,2026-06-10T02:00:00,2026-06-10T02:15:00,1.15566000,1.154712415,1.15758517,1.154622415,25644.88657940222043832505005,24.30070984934285305405024255,-26.60874964148905289349949706,2.370941569948157605740378188,-28.97969121143721049923987525,-1.192545048729137755452017497,stop,1,2401.091293722848094905784380
scalp_vwap,EURUSD,15min,LONG,2026-06-10T03:15:00,2026-06-10T03:30:00,2026-06-10T05:45:00,1.15522000,1.154013955,1.15754209,1.153923955,19908.80351664198346583903901,24.01091293722848094905784380,-25.80270525372625946098335731,1.839923839879612171152525972,-27.64262909360587163213588328,-1.151252731034082476192845209,stop,9,2373.448664629242223273648497
scalp_vwap,EURUSD,15min,SHORT,2026-06-10T06:30:00,2026-06-10T06:45:00,2026-06-10T13:45:00,1.15433000,1.155189145,1.15285171,1.155279145,27625.70537719758857088906409,23.73448664629242223273648497,-26.22080013024020520411650074,2.551134439044839393202749868,-28.77193456928504459731925061,-1.212241705416431452199570503,stop,28,2344.676730059957178676329246
scalp_vwap,EURUSD,15min,LONG,2026-06-11T00:00:00,2026-06-11T00:15:00,2026-06-11T00:45:00,1.15666000,1.155491640,1.15887672,1.155401640,20068.10169861992175935781134,23.44676730059957178676329246,-25.25289645347536474510549548,1.856957640858057496174304485,-27.10985409433342224127979996,-1.156229929131432092848094765,stop,2,2317.566875965623756435049446
scalp_vwap,EURUSD,15min,LONG,2026-06-12T04:30:00,2026-06-12T04:45:00,2026-06-15T07:15:00,1.15574000,1.153994990,1.15923002,1.15917002,13281.10942611001516572999264,23.17566875965623756435049446,45.55447095374587421875718936,1.227960752650591114211262535,44.32651020109528310454592682,1.912631331625606730047392278,target,298,2361.893386166719039539595373
scalp_vwap,EURUSD,15min,SHORT,2026-06-16T07:15:00,2026-06-16T07:30:00,2026-06-16T07:45:00,1.15890000,1.159695040,1.15742992,1.159785040,29707.85603449787481811726923,23.61893386166719039539595373,-26.29264090477199912902650796,2.754274748670366970137288264,-29.04691565344236609916379622,-1.229814852082914067216743811,stop,1,2332.846470513276673440431577
scalp_vwap,EURUSD,15min,LONG,2026-06-16T18:45:00,2026-06-16T19:00:00,2026-06-16T19:30:00,1.16069000,1.160009815,1.16193037,1.159919815,34297.23487747122729022885799,23.32846470513276673440431577,-26.41521584410517719052491299,3.184676603994566304279658654,-29.59989244809974349480457164,-1.268831567882267324330880569,stop,2,2303.246578065176929945627005
scalp_vwap,EURUSD,15min,LONG,2026-06-16T19:45:00,2026-06-16T20:00:00,2026-06-16T22:00:00,1.16027000,1.159593005,1.16153399,1.159503005,34021.61874260780256790119580,23.03246578065176929945627005,-26.09441146748647153056737767,3.157941086278844406836697636,-29.25235255376531593740407531,-1.270048670965073597293923884,stop,8,2273.994225511411614008222930
scalp_vwap,EURUSD,15min,LONG,2026-06-16T22:30:00,2026-06-16T22:45:00,2026-06-16T23:45:00,1.16013000,1.159363370,1.16163326,1.159273370,29662.21287337322585873528208,22.73994225511411614008222930,-25.40954141371770646736840469,2.752961841662918441239565024,-28.16250325538062490860796971,-1.238459752422941966789716030,stop,4,2245.831722256030989099614960
scalp_vwap,EURUSD,15min,SHORT,2026-06-19T19:00:00,2026-06-19T19:15:00,2026-06-19T22:45:00,1.14614000,1.147217560,1.14431488,1.147307560,20841.82525572618683970836854,22.45831722256030989099614960,-24.33408149557566670656990277,1.911011967887840942757067962,-26.24509346346350764932697073,-1.168613534281153717658413453,stop,14,2219.586628792567481450287989
scalp_vwap,EURUSD,15min,LONG,2026-06-20T21:30:00,2026-06-20T21:45:00,2026-06-22T04:30:00,1.14755000,1.146943095,1.14861381,1.146853095,36572.22512242554405467557507,22.19586628792567481450287989,-25.48736654894397377942368164,3.357476555139154646395436494,-28.84484310408312842581911813,-1.299559239090137665697267282,stop,123,2190.741785688484353024468871
scalp_vwap,EURUSD,15min,SHORT,2026-06-22T07:00:00,2026-06-22T07:15:00,2026-06-22T23:45:00,1.14620000,1.148167725,1.14319455,1.14325455,11133.37374728930289051807987,21.90741785688484353024468871,32.79279570395327719887647835,1.020885839131439917848945852,31.77190986482183728102753250,1.450280908155357074794496182,target,66,2222.513695553306190305496404
scalp_vwap,EURUSD,15min,LONG,2026-06-25T12:45:00,2026-06-25T13:00:00,2026-06-25T16:30:00,1.13640000,1.135697040,1.13771592,1.135607040,31616.50300946435345262171964,22.22513695553306190305496404,-25.07062222638485371379091881,2.874319521596423301084745776,-27.94494174798127701487566459,-1.257357459883919426425401161,stop,14,2194.568753805324913290620739
scalp_vwap,EURUSD,15min,LONG,2026-06-25T17:45:00,2026-06-25T18:00:00,2026-06-25T20:30:00,1.13581000,1.135117730,1.13731454,1.135027730,31701.05239004037316784810463,21.94568753805324913290620739,-24.79878225315688271801253681,2.880509785210540499821884458,-27.67929203836742321783442127,-1.261263379895127623615063487,stop,10,2166.889461766957490072786318
scalp_vwap,EURUSD,15min,SHORT,2026-06-25T22:45:00,2026-06-25T23:00:00,2026-06-25T23:15:00,1.13538000,1.136488305,1.13307339,1.136578305,19551.38217157693495989629495,21.66889461766957490072786318,-23.42851901311149904711852972,1.775859863197201633181364429,-25.20437887630870068029989415,-1.163159419112969805243141554,stop,1,2141.685082890648789392486424
scalp_vwap,EURUSD,15min,LONG,2026-06-27T02:45:00,2026-06-27T03:00:00,2026-06-28T23:00:00,1.13912000,1.137776575,1.14150685,1.13893000,15941.97728113328834428781974,21.41685082890648789392486424,-3.028975683415324785414685751,1.452786012838764113499611298,-4.481761696254088898914297049,-0.2092633381096823417756852820,eod,176,2137.203321194394700493572127
scalp_vwap,EURUSD,60min,SHORT,2025-01-31T01:00:00,2025-01-31T02:00:00,2025-01-31T20:00:00,1.04280800,1.045825890,1.03705422,1.03711422,33135.73390680243481372747184,100.000,188.6675790038735672937052046,2.764336672310786675458681396,185.9032423315627806182465232,1.859032423315627806182465232,target,18,10185.90324233156278061824652
scalp_vwap,EURUSD,60min,LONG,2025-02-05T05:00:00,2025-02-05T06:00:00,2025-02-06T02:00:00,1.03820000,1.034939795,1.04445041,1.04439041,31243.13729453075122766282034,101.8590324233156278061824652,193.4078295394361077072361997,2.594930011134546073964763206,190.8128995283015616332714365,1.873303672621813658957028776,target,20,10376.71614185986434225151796
scalp_vwap,EURUSD,60min,LONG,2025-02-07T01:00:00,2025-02-07T02:00:00,2025-02-08T00:00:00,1.03628000,1.034180700,1.04023860,1.04017860,49429.41047901616892417242871,103.7671614185986434225151796,192.7054996934924361677786306,4.097816759295590042619312354,188.6076829341968461251593182,1.817604725384652026866098223,target,22,10565.32382479406118837667728
scalp_vwap,EURUSD,60min,LONG,2025-02-12T06:00:00,2025-02-12T07:00:00,2025-02-13T00:00:00,1.03587000,1.033847525,1.03970495,1.033757525,52239.57687879484882817675017,105.6532382479406118837667728,-110.3548001670321482783026803,4.329072840114977604451476016,-114.6838730071471258827541563,-1.085474282747623580019530525,stop,17,10450.63995178691406249392312
scalp_vwap,EURUSD,60min,LONG,2025-02-13T02:00:00,2025-02-13T03:00:00,2025-02-13T04:00:00,1.03746000,1.034856555,1.04266689,1.04260689,40141.58144991314993208584441,104.5063995178691406249392312,206.6043041487434922539533117,3.331622807282151722283342412,203.2726813414613405316699693,1.945074007709016322603319832,target,1,10653.91263312837540302559309
scalp_vwap,EURUSD,60min,LONG,2025-02-13T06:00:00,2025-02-13T07:00:00,2025-02-14T07:00:00,1.03917000,1.035931365,1.04555727,1.04549727,32896.30549020922519217384204,106.5391263312837540302559309,208.1438068390361242816857855,2.734788302100857643436103314,205.4090185369352666382496822,1.928014858111519204850191516,target,24,10859.32165166531066966384277
scalp_vwap,EURUSD,60min,LONG,2025-02-21T22:00:00,2025-02-21T23:00:00,2025-02-22T03:00:00,1.04699000,1.044991395,1.05074721,1.044901395,54334.50657666377633231100077,108.5932165166531066966384277,-113.4833221085528465665464178,4.551014803256096574573303576,-118.0343369118089431411197214,-1.086940240817970534447777325,stop,4,10741.28731475350172652272305
scalp_vwap,EURUSD,60min,LONG,2025-03-04T02:00:00,2025-03-04T03:00:00,2025-03-04T22:00:00,1.04852000,1.045778285,1.05385943,1.05379943,39177.25698970717863279999216,107.4128731475350172652272305,206.8335858691697700893632626,3.286250999907821675205075822,203.5473348692619484141581868,1.894999443778802683721685150,target,19,10944.83464962276367493688124
scalp_vwap,EURUSD,60min,SHORT,2025-03-13T23:00:00,2025-03-14T00:00:00,2025-03-14T01:00:00,1.08342000,1.086575975,1.07726705,1.086665975,34679.72544022929102713703765,109.4483464962276367493688124,-112.5695217858482729418111458,3.005816650916257478769664746,-115.5753384367645304205808105,-1.055980671583266660857579670,stop,1,10829.25931118599914451630043
scalp_vwap,EURUSD,60min,SHORT,2025-03-14T02:00:00,2025-03-14T03:00:00,2025-03-14T21:00:00,1.08578000,1.089076820,1.07941136,1.089166820,32847.59043922931535393591531,108.2925931118599914451630043,-111.2488762513906298270172367,2.853220539768512481999723050,-114.1020967911591423090169598,-1.053646362252109608653187011,stop,18,10715.15721439484000220728347
scalp_vwap,EURUSD,60min,LONG,2025-03-19T22:00:00,2025-03-19T23:00:00,2025-03-20T01:00:00,1.09091000,1.088575330,1.09554934,1.088485330,45895.81060447446535145131205,107.1515721439484000220728347,-111.2821950983511019037034528,4.005455899722179119724140066,-115.2876509980732810234275929,-1.075930559779326414439728099,stop,2,10599.86956339676672118385588
scalp_vwap,EURUSD,60min,SHORT,2025-03-20T02:00:00,2025-03-20T03:00:00,2025-03-20T05:00:00,1.08768000,1.090042485,1.08304503,1.090132485,44867.45762786543288606639145,105.9986956339676672118385588,-110.0367668204755561715845340,3.904114905014133923321335412,-113.9408817254896900949058694,-1.074927205887021504898443799,stop,2,10485.92868167127703108895001
scalp_vwap,EURUSD,60min,LONG,2025-03-29T05:00:00,2025-03-29T06:00:00,2025-04-01T01:00:00,1.08252000,1.079972700,1.08743460,1.079882700,41164.87528626890052639638052,104.8592868167127703108895001,-108.5641255924769713582651743,3.564944063591344815826768788,-112.1290696560683161740919431,-1.069328936521022258862324814,stop,19,10373.79961201520871491485807
scalp_vwap,EURUSD,60min,LONG,2025-04-03T09:00:00,2025-04-03T10:00:00,2025-04-03T10:00:00,1.08430600,1.080664710,1.09070358,1.09064358,28489.35298208933843477135320,103.7379961201520871491485807,180.5535536722297494774382326,2.471294109967788976068254952,178.0822595622619605013699776,1.716654130816276649209483452,target,0,10551.88187157747067541622805
scalp_vwap,EURUSD,60min,LONG,2025-04-07T13:00:00,2025-04-07T14:00:00,2025-04-09T00:00:00,1.09535000,1.090110500,1.10600900,1.090020500,20139.10081415682923068275227,105.5188187157747067541622805,-107.3313377890488213849237282,1.764749126142934631826268216,-109.0960869151917560167499964,-1.033901708178261284473709323,stop,34,10442.78578466227891939947805
scalp_vwap,EURUSD,60min,LONG,2025-04-10T00:00:00,2025-04-10T01:00:00,2025-04-10T03:00:00,1.10418000,1.099282020,1.11415596,1.099192020,21320.59703114810374766634010,104.4278578466227891939947805,-106.3467115794261185312847511,1.883342146388249055687857553,-108.2300537258143675869726087,-1.036409785258412651746230079,stop,2,10334.55573093646455181250544
scalp_vwap,EURUSD,60min,SHORT,2025-04-23T12:00:00,2025-04-23T13:00:00,2025-04-24T06:00:00,1.14042000,1.145051120,1.13130776,1.13136776,22315.45658703826407394432759,103.3455573093646455181250544,202.0048687354512555807218000,2.035919440079214169216607206,199.9689492953720414115051928,1.934954481853201817270984125,target,17,10534.52468023183659322401063
scalp_vwap,EURUSD,60min,SHORT,2025-05-02T20:00:00,2025-05-02T21:00:00,2025-05-02T23:00:00,1.13307000,1.136034455,1.12729109,1.136124455,35536.12613526545888948899757,105.3452468023183659322401063,-108.5434981544922572322941161,3.221193475206818680313063878,-111.7646916296990759126071800,-1.060937204309055121430414697,stop,2,10422.75998860213751731140345
scalp_vwap,EURUSD,60min,LONG,2025-05-14T18:00:00,2025-05-14T19:00:00,2025-05-14T22:00:00,1.12397000,1.121157440,1.12950512,1.121067440,37057.91161291541342162088435,104.2275998860213751731140345,-107.5628119311837623810599141,3.332158473245482977879938030,-110.8949704044292453589398521,-1.063969337543021304434394288,stop,3,10311.86501819770827195246360
scalp_vwap,EURUSD,60min,LONG,2025-05-30T03:00:00,2025-05-30T04:00:00,2025-05-30T15:00:00,1.13779000,1.134287885,1.14464423,1.134197885,29444.67848199647433608680355,103.1186501819770827195246360,-105.7686712453567654097724483,2.680148858402461482788496336,-108.4488201037592268925609446,-1.051689678951148091938728454,stop,11,10203.41619809394904505990266
scalp_vwap,EURUSD,60min,LONG,2025-06-04T02:00:00,2025-06-04T03:00:00,2025-06-05T00:00:00,1.13742000,1.134754895,1.14254021,1.14248021,38285.23153156798341926454177,102.0341619809394904505990266,193.7313114483556253779966269,3.483711043890884456059190008,190.2476004044647409219374369,1.864548075966988167445560306,target,21,10393.66379849841378598184010
scalp_vwap,EURUSD,60min,LONG,2025-06-06T19:00:00,2025-06-06T20:00:00,2025-06-06T22:00:00,1.14204000,1.139718085,1.14635383,1.139628085,44763.32595507765695980188810,103.9366379849841378598184010,-107.9653373209411269862005709,4.089720701898950988349771864,-112.0550580228400779745503428,-1.078109319247259266596753111,stop,2,10281.60874047557370800728976
scalp_vwap,EURUSD,60min,SHORT,2025-06-07T00:00:00,2025-06-07T01:00:00,2025-06-09T11:00:00,1.13890000,1.141695835,1.13321833,1.141785835,36774.73363226218180975375786,102.8160874047557370800728976,-106.1258134316593334429507358,3.350619530702671909050284386,-109.4764329623620053520010202,-1.064779216226994797618600525,stop,9,10172.13230751321170265528874
scalp_vwap,EURUSD,60min,LONG,2025-06-20T15:00:00,2025-06-20T16:00:00,2025-06-20T22:00:00,1.15280000,1.150772625,1.15715475,1.150682625,50173.90619650144498504365862,101.7213230751321170265528874,-106.2369746328172470752068167,4.627238325066149262300666372,-110.8642129578833963375074831,-1.089881743634009495036685370,stop,6,10061.26809455532830631778126
scalp_vwap,EURUSD,60min,SHORT,2025-07-04T05:00:00,2025-07-04T06:00:00,2025-07-04T14:00:00,1.17472000,1.177564985,1.16942003,1.177654985,35364.92492774242502620499321,100.6126809455532830631778126,-103.7955241890501013155362620,3.323510768889406522142682370,-107.1190349579395078376789444,-1.064667335680152970929547959,stop,8,9954.149059597388798480102316
scalp_vwap,EURUSD,60min,SHORT,2025-07-17T04:00:00,2025-07-17T05:00:00,2025-07-18T23:00:00,1.16281000,1.166675155,1.15516969,1.166765155,25753.55725604119058221494951,99.54149059597388798480102316,-101.8593107490175951372003686,2.395719513031780545672429236,-104.2550302620493756828727978,-1.047352512383073900011771843,stop,42,9849.894029335339422797229518
scalp_vwap,EURUSD,60min,LONG,2025-08-02T05:00:00,2025-08-02T06:00:00,2025-08-07T04:00:00,1.15699000,1.152196660,1.16621668,1.16615668,20549.12447131924591787194215,98.49894029335339422797229518,188.3672483087527051704383747,1.902010521765732346761492668,186.4652377869869728236768820,1.893068465829672003237825817,target,69,10036.35926712232639562090640
scalp_vwap,EURUSD,60min,SHORT,2025-08-12T05:00:00,2025-08-12T06:00:00,2025-08-12T12:00:00,1.16041000,1.162617440,1.15620512,1.162707440,45466.05691263330552867079694,100.3635926712232639562090640,-104.4555377933602614537894357,4.220741368159105125481990358,-108.6762791615193665792714261,-1.082825716667270684593918748,stop,6,9927.682987960807029041634974
scalp_vwap,EURUSD,60min,SHORT,2025-08-12T13:00:00,2025-08-12T14:00:00,2025-08-12T22:00:00,1.16203000,1.163938880,1.15842224,1.164028880,52007.89461862876152006220912,99.27682987960807029041634974,-103.9575403952846588272219486,4.834778702694814379932631108,-108.7923190979794732071545797,-1.095848036544989732198985793,stop,8,9818.890668862827555834480394
scalp_vwap,EURUSD,60min,LONG,2025-08-15T00:00:00,2025-08-15T01:00:00,2025-08-15T02:00:00,1.16619000,1.163576460,1.17123708,1.163486460,37569.31467994684434075805380,98.18890668862827555834480394,-101.5701450098234915490130288,3.505036726928576832139890780,-105.0751817367520683811529196,-1.070132923161688744002387567,stop,1,9713.815487126075487453327474
scalp_vwap,EURUSD,60min,SHORT,2025-08-15T06:00:00,2025-08-15T07:00:00,2025-08-15T15:00:00,1.16475000,1.167137290,1.16018542,1.167227290,40689.71715680154270094260636,97.13815487126075487453327474,-100.8002294153728937176181093,3.791467844670767748873832060,-104.5916972600436614664919414,-1.076731356475333956075717655,stop,8,9609.223789866031825986835533
scalp_vwap,EURUSD,60min,LONG,2025-08-18T20:00:00,2025-08-18T21:00:00,2025-08-19T00:00:00,1.16815000,1.166300330,1.17169934,1.166210330,51951.01715368704593785289015,96.09223789866031825986835533,-100.7678294424921523942751154,4.854926455046361816984228290,-105.6227558975385142112593437,-1.099180934977590597241670135,stop,3,9503.601033968493311775576189
scalp_vwap,EURUSD,60min,SHORT,2025-08-19T02:00:00,2025-08-19T03:00:00,2025-08-19T17:00:00,1.16571000,1.167721595,1.16183681,1.167811595,47244.10745686131309620264610,95.03601033968493311775576189,-99.28798001080245129641400003,4.405834280283024103149950928,-103.6938142910854753995639510,-1.091100246321948503550665020,stop,14,9399.907219677407836376012238
scalp_vwap,EURUSD,60min,SHORT,2025-08-19T18:00:00,2025-08-19T19:00:00,2025-08-20T10:00:00,1.16748000,1.169521970,1.16354606,1.16360606,46033.52262607877606613227539,93.99907219677407836376012238,178.3311046420716137536324669,4.299457359639555958535048710,174.0316472824320577950974182,1.851418776965381469855090917,target,15,9573.938866959839894171109656
scalp_vwap,EURUSD,60min,SHORT,2025-08-26T07:00:00,2025-08-26T08:00:00,2025-08-26T10:00:00,1.16197000,1.164551750,1.15701650,1.164641750,37083.13689148771141346416057,95.73938866959839894171109656,-99.07687098983229296892287100,3.447159405904158082488236052,-102.5240303957364510514111071,-1.070865730609082986346470418,stop,2,9471.414836564103443119698549
scalp_vwap,EURUSD,60min,SHORT,2025-08-26T11:00:00,2025-08-26T12:00:00,2025-08-27T18:00:00,1.16416000,1.167000495,1.15889901,1.15895901,33344.24048119818356701806745,94.71414836564103443119698549,173.4230613003069407502252986,3.105442479887334190510380272,170.3176188204196065597149183,1.798227844090554639244216237,target,30,9641.732455384523049679413467
scalp_vwap,EURUSD,60min,SHORT,2025-08-28T03:00:00,2025-08-28T04:00:00,2025-08-28T20:00:00,1.16369000,1.166267485,1.15877503,1.166357485,37407.52111218696927306817874,96.41732455384523049679413467,-99.78400145394205773137027077,3.482460659443268341870136714,-103.2664621133853260732404075,-1.071036378485228818014459832,stop,16,9538.465993271137723606173060
scalp_vwap,EURUSD,60min,LONG,2025-08-29T01:00:00,2025-08-29T02:00:00,2025-09-01T16:00:00,1.16728000,1.164890390,1.17181922,1.17175922,39916.41311038678999337202749,95.38465993271137723606173060,178.7943959323067174741118530,3.727490455639383377877064020,175.0669054766673340962347890,1.835377990550759328928151456,target,38,9713.532898747805057702407849
scalp_vwap,EURUSD,60min,SHORT,2025-09-02T19:00:00,2025-09-02T20:00:00,2025-09-03T00:00:00,1.16376000,1.166182900,1.15921420,1.166272900,40090.52333463124791655622539,97.13532898747805057702407849,-100.7434760875948628895141388,3.732459794872836886029717828,-104.4759358824676997755438566,-1.075570927401048330513021586,stop,4,9609.056962865337357926863992
scalp_vwap,EURUSD,60min,SHORT,2025-09-03T01:00:00,2025-09-03T02:00:00,2025-09-05T18:00:00,1.16525000,1.168322535,1.15922493,1.168412535,31274.03581363706957911582453,96.09056962865337357926863992,-98.90523285188070984138906413,2.915365618547247626165177162,-101.8205984704279574675542413,-1.059631542032881643333599129,stop,64,9507.236364394909400459309751
scalp_vwap,EURUSD,60min,LONG,2025-09-05T20:00:00,2025-09-05T21:00:00,2025-09-05T22:00:00,1.16919000,1.167503105,1.17262379,1.17256379,56359.38433865124622729517694,95.07236364394909400459309751,190.1447272878981880091861950,5.271586285992612046119299834,184.8731410019055759630668952,1.944551854146227239988262459,target,1,9692.109505396814976422376646
scalp_vwap,EURUSD,60min,LONG,2025-09-12T04:00:00,2025-09-12T05:00:00,2025-09-12T19:00:00,1.17361000,1.171396475,1.17788705,1.171306475,43785.85968261851560936685443,96.92109505396814976422376646,-100.8618224254038161690667834,4.111001822569433288344722722,-104.9728242479732494574115061,-1.083075095153657627539783829,stop,14,9587.136681148841726964965140
scalp_vwap,EURUSD,60min,LONG,2025-09-18T16:00:00,2025-09-18T17:00:00,2025-09-18T19:00:00,1.17947000,1.176996550,1.18429690,1.18423690,38760.17983443708879081835145,95.87136681148841726964965140,184.7659012527781585569519995,3.657317544745881049288521678,181.1085837080322775076634778,1.889078978754371424528492591,target,2,9768.245264856874004472628618
scalp_vwap,EURUSD,60min,SHORT,2025-09-18T23:00:00,2025-09-19T00:00:00,2025-09-23T04:00:00,1.17654000,1.179763505,1.17060299,1.179853505,30303.18012491643104159177237,97.68245264856874004472628618,-100.4097388598112188384695457,2.852232283533534222213950708,-103.2619711433447530606834964,-1.057118943510247385997539945,stop,52,9664.983293713529251411945122
scalp_vwap,EURUSD,60min,LONG,2025-09-23T05:00:00,2025-09-23T06:00:00,2025-09-23T17:00:00,1.18005000,1.178191150,1.18352770,1.178101150,51994.42286205734325745458279,96.64983293713529251411945122,-101.3293309947204534072903637,4.908481495869661432876742434,-106.2378124905901148401671061,-1.099203270839497538800871507,stop,11,9558.745481222939136571778016
scalp_vwap,EURUSD,60min,LONG,2025-09-29T22:00:00,2025-09-29T23:00:00,2025-09-30T00:00:00,1.17508000,1.173035855,1.17892829,1.172945855,46761.58237905304729640890453,95.58745481222939136571778016,-99.79599722634416562239458156,4.395888017758212385365134044,-104.1918852441023780077597156,-1.090016314889599319030694985,stop,1,9454.553595978836758564018300
scalp_vwap,EURUSD,60min,SHORT,2025-10-07T02:00:00,2025-10-07T03:00:00,2025-10-07T22:00:00,1.17065000,1.173099685,1.16572063,1.16578063,38594.97688877891140519706942,94.54553595978836758564018300,187.9332226129133678291244539,3.614496775587922610919515946,184.3187258373254452182049380,1.949523306057717624919122255,target,19,9638.872321816162203782223238
scalp_vwap,EURUSD,60min,SHORT,2025-10-13T13:00:00,2025-10-13T14:00:00,2025-10-13T22:00:00,1.16190000,1.164183335,1.15748333,1.15754333,42214.00855247329981707556376,96.38872321816162203782223238,183.9125046403038511140585964,3.923876522969498164596807802,179.9886281173343529494617886,1.867320388817234439974861333,target,8,9818.860949933496556731685027
scalp_vwap,EURUSD,60min,LONG,2025-10-15T12:00:00,2025-10-15T13:00:00,2025-10-16T11:00:00,1.16196000,1.160001580,1.16572684,1.16566684,50136.64561193970934085479635,98.18860949933496556731685027,185.8485234201625921730541933,4.660542138819957173255971134,181.1879812813426349997982222,1.845305501373556234107086325,target,22,10000.04893121483919173148325
scalp_vwap,EURUSD,60min,SHORT,2025-10-21T06:00:00,2025-10-21T07:00:00,2025-10-21T21:00:00,1.16404000,1.165724235,1.16082153,1.16088153,59374.42774443494638059108883,100.0004893121483919173148325,187.5323487979654450947055363,5.529136709730564398789060084,182.0032120882348806959164762,1.820023215287652851294504626,target,14,10182.05214330307407242739973
scalp_vwap,EURUSD,60min,LONG,2025-10-25T03:00:00,2025-10-25T04:00:00,2025-10-28T12:00:00,1.16263000,1.160838865,1.16603227,1.16597227,56846.92746947088897502086515,101.8205214330307407242739973,189.9977802733884680945429870,5.287355462706475171922280676,184.7104248106819929226207063,1.814078559125917365246059063,target,32,10366.76256811375606535002044
scalp_vwap,EURUSD,60min,SHORT,2025-10-30T10:00:00,2025-10-30T11:00:00,2025-10-30T15:00:00,1.16019000,1.162334255,1.15614149,1.162424255,48346.68716227200619958923001,103.6676256811375606535002044,-108.0188275257420412114632351,4.487307438303708709816114302,-112.5061349640457499212793494,-1.085258143271206083231705184,stop,4,10254.25643314971031542874109
scalp_vwap,EURUSD,60min,LONG,2025-11-06T22:00:00,2025-11-06T23:00:00,2025-11-07T05:00:00,1.15206000,1.150689105,1.15462179,1.15456179,74799.72159173175418561407759,102.5425643314971031542874109,187.1331954809785853040274432,6.893901380557638778166284338,180.2392941004209465258611589,1.757702231024257875329620431,target,6,10434.49572725013126195460225
scalp_vwap,EURUSD,60min,SHORT,2025-11-18T04:00:00,2025-11-18T05:00:00,2025-11-20T01:00:00,1.15939000,1.160907595,1.15635481,1.15641481,68756.78772828146680738011294,104.3449572725013126195460225,204.5645072813057372306492382,6.377274569943379984144674332,198.1872327113623572465045639,1.899346531848088587534882495,target,44,10632.68295996149361920110681
scalp_vwap,EURUSD,60min,SHORT,2025-12-10T20:00:00,2025-12-10T21:00:00,2025-12-11T02:00:00,1.16370000,1.165070005,1.16116999,1.165160005,77610.54127511573767395817395,106.3268295996149361920110681,-113.3117783143753525826673038,7.225230950548174714494810162,-120.5370092649235272971621140,-1.133646227568512523676920888,stop,5,10512.14595069657009190394470
scalp_vwap,EURUSD,60min,SHORT,2025-12-17T22:00:00,2025-12-17T23:00:00,2025-12-18T00:00:00,1.17093000,1.172874205,1.16725159,1.172964205,54069.12311560031011083679293,105.1214595069657009190394470,-109.9876805873697288290147584,5.064892666379989689446570076,-115.0525732537497185184613285,-1.094472753644805974678596136,stop,1,10397.09337744282037338548337
scalp_vwap,EURUSD,60min,LONG,2025-12-23T06:00:00,2025-12-23T07:00:00,2025-12-23T20:00:00,1.17564000,1.174000690,1.17876862,1.17870862,63423.59515553995506271225924,103.9709337744282037338548337,194.6229125661930169045400929,5.965065232692719421594163236,188.6578473335002974829459297,1.814524891570233817886793834,target,13,10585.75122477632067086842930
scalp_vwap,EURUSD,60min,SHORT,2026-01-02T15:00:00,2026-01-02T16:00:00,2026-01-02T18:00:00,1.17553000,1.176688665,1.17345267,1.17351267,91361.62069948018340821919450,105.8575122477632067086842930,184.3065382856823583949028276,8.591866078468795200149112776,175.7146722072135631947537148,1.659916887107144860680179344,target,2,10761.46589698353423406318301
scalp_vwap,EURUSD,60min,LONG,2026-01-12T14:00:00,2026-01-12T15:00:00,2026-01-12T18:00:00,1.16568000,1.164327775,1.16823445,1.16817445,79583.39697153605527233399035,107.6146589698353423406318301,198.5168045756481130740735222,7.421501934542411912788342870,191.0953026411057011612851793,1.775736730203923163674684316,target,3,10952.56119962463993522446819
scalp_vwap,EURUSD,60min,LONG,2026-01-13T13:00:00,2026-01-13T14:00:00,2026-01-14T02:00:00,1.16593000,1.164584335,1.16853133,1.164494335,81391.43991725013235258751762,109.5256119962463993522446819,-116.8508415887989112639775585,7.591737723417555745108189154,-124.4425793122164670090857477,-1.136196155804007683933222608,stop,12,10828.11862031242346821538244
scalp_vwap,EURUSD,60min,LONG,2026-01-19T14:00:00,2026-01-19T15:00:00,2026-01-20T15:00:00,1.16254000,1.160656790,1.16615642,1.16609642,57498.20052098503867447274834,108.2811862031242346821538244,204.4877502968416112426683717,5.347516642693275748849723908,199.1402336541483354938186478,1.839102808502503703782371589,target,24,11027.25885396657180370920109
scalp_vwap,EURUSD,60min,SHORT,2026-01-30T17:00:00,2026-01-30T18:00:00,2026-01-30T22:00:00,1.19171000,1.194740525,1.18573895,1.194830525,36387.28884918148440850744043,110.2725885396657180370920109,-113.5474445360920516338576805,3.469047679556645342756992146,-117.0164922156486969766146726,-1.061156664274341904455498634,stop,4,10910.24236175092310673258642
scalp_vwap,EURUSD,60min,SHORT,2026-01-30T23:00:00,2026-01-31T00:00:00,2026-02-02T00:00:00,1.19185000,1.195353055,1.18502389,1.18508389,31144.93595376299574723373290,109.1024236175092310673258642,210.7300626061153431553156325,2.969607353319394118507241964,207.7604552527959490368083905,1.904269844464331847487407420,target,48,11118.00281700371905576939481
scalp_vwap,EURUSD,60min,LONG,2026-02-07T21:00:00,2026-02-07T22:00:00,2026-02-09T16:00:00,1.18093000,1.179644475,1.18338105,1.18332105,86486.08791741676790236980852,111.1800281700371905576939481,206.7925605149393628929613307,8.170721264345198697515646240,198.6218392505941641954456845,1.786488477470294237762781744,target,21,11316.62465625431321996484049
scalp_vwap,EURUSD,60min,LONG,2026-02-12T02:00:00,2026-02-12T03:00:00,2026-02-17T18:00:00,1.18605000,1.183664995,1.19067001,1.183574995,47449.06051037340894448791717,113.1662465625431321996484049,-117.4366620084767390046523174,4.502156657466270534288791532,-121.9388186659430095389411089,-1.077519334341018153001775677,stop,135,11194.68583758837021042589938
scalp_vwap,EURUSD,60min,SHORT,2026-02-18T06:00:00,2026-02-18T07:00:00,2026-02-19T01:00:00,1.18477000,1.186354990,1.18178002,1.18184002,70629.37834048397914451131793,111.9468583758837021042589938,206.9426659500512492138352713,6.694365486116416317683413932,200.2483004639348328961518574,1.788779992302790553883620717,target,18,11394.93413805230504332205124
scalp_vwap,EURUSD,60min,LONG,2026-02-23T05:00:00,2026-02-23T06:00:00,2026-02-23T06:00:00,1.17924000,1.178767005,1.18000599,1.178677005,240910.2450988341323549308394,113.9493413805230504332205124,-135.6312634394181223451642879,22.72727979442793297905829144,-158.3585432338460553242225793,-1.389727586972378143532172644,stop,0,11236.57559481845898799782866
scalp_vwap,EURUSD,60min,LONG,2026-02-23T07:00:00,2026-02-23T08:00:00,2026-02-23T10:00:00,1.17933000,1.178582370,1.18055526,1.18049526,150295.9431111440015515405837,112.3657559481845898799782866,175.1338506696916592479481806,14.17988116714123642798226853,160.9539695025504228199659121,1.432411219453472974599735164,target,2,11397.52956432100941081779457
scalp_vwap,EURUSD,60min,LONG,2026-02-24T00:00:00,2026-02-24T01:00:00,2026-02-24T12:00:00,1.17953000,1.177980935,1.18262813,1.177890935,73576.83224603880024929744439,113.9752956432100941081779457,-120.5972105453535861306147157,6.942886475133611684644305166,-127.5400970204871978152590209,-1.119015276957390425837521344,stop,11,11269.98946730052221300253555
scalp_vwap,EURUSD,60min,SHORT,2026-03-02T13:00:00,2026-03-02T14:00:00,2026-03-02T17:00:00,1.17887000,1.181120735,1.17454853,1.17460853,50072.48506510327609870791341,112.6998946730052221300253555,213.3823929303856579963608118,4.722316037495863927558703830,208.6600768928897940688021080,1.851466476506563411507796343,target,3,11478.64954419341200707133766
scalp_vwap,EURUSD,60min,LONG,2026-03-08T06:00:00,2026-03-08T07:00:00,2026-03-09T05:00:00,1.16197000,1.161180660,1.16333868,1.161090660,145420.8521574152077314127963,114.7864954419341200707133766,-127.8743721361014887665405283,13.51797340650813991421357815,-141.3923455426096286807541064,-1.231785542351838244609420528,stop,22,11337.25719865080237839058355
scalp_vwap,EURUSD,60min,SHORT,2026-03-10T03:00:00,2026-03-10T04:00:00,2026-03-10T06:00:00,1.15877000,1.161984875,1.15252025,1.162074875,35265.00158995544890047228446,113.3725719865080237839058355,-116.5464221296040141849483411,3.269122071391414041792021524,-119.8155442009954282267403626,-1.056830078929973949220420700,stop,2,11217.44165444980695016384319
scalp_vwap,EURUSD,60min,LONG,2026-03-10T15:00:00,2026-03-10T16:00:00,2026-03-11T04:00:00,1.16127000,1.158504795,1.16671041,1.16665041,40566.40160295459812261240375,112.1744165444980695016384319,218.2638728485529492848850033,3.768683615157046892947688488,214.4951892333959023919373148,1.912157832782741243415949270,target,12,11431.93684368320285255578050
scalp_vwap,EURUSD,60min,SHORT,2026-03-16T23:00:00,2026-03-17T00:00:00,2026-03-17T00:00:00,1.14726000,1.149569405,1.14279119,1.149659405,49501.65451137069008058690658,114.3193684368320285255578050,-118.7745173428553906328106266,4.543301452377211032148330756,-123.3178187952326016649589574,-1.078713261640985448632872970,stop,0,11308.61902488797025089082154
scalp_vwap,EURUSD,60min,LONG,2026-03-17T03:00:00,2026-03-17T04:00:00,2026-03-17T17:00:00,1.14953000,1.146917790,1.15442442,1.146827790,43291.38555050309986904123918,113.0861902488797025089082154,-116.9824149484249814971219269,3.981179714549586271396718054,-120.9635946629745677685186450,-1.069658411842845713016947336,stop,13,11187.65543022499568312230290
scalp_vwap,EURUSD,60min,SHORT,2026-03-19T09:00:00,2026-03-19T10:00:00,2026-03-19T12:00:00,1.14563000,1.148213695,1.14070261,1.148303695,43300.99113953077156213215143,111.8765543022499568312230290,-115.7736435048077262718149226,3.968553158334451025978036532,-119.7421966631421772977929591,-1.070306440969232049448561072,stop,2,11067.91323356185350582450994
scalp_vwap,EURUSD,60min,SHORT,2026-03-19T14:00:00,2026-03-19T15:00:00,2026-03-20T00:00:00,1.14754000,1.149881815,1.14303637,1.149971815,47262.11606622151410689789731,110.6791323356185350582450994,-114.9327227815784713278659101,4.338813493650546903858369046,-119.2715362752290182317242791,-1.077633459517510990407013363,stop,9,10948.64169728662448759278566
scalp_vwap,EURUSD,60min,SHORT,2026-03-23T07:00:00,2026-03-23T08:00:00,2026-03-23T09:00:00,1.15423000,1.155880750,1.15119850,1.155970750,66325.25638216946531935656920,109.4864169728662448759278566,-115.4556900472614967546699478,6.124368053919316956444874630,-121.5800581011808137111148224,-1.110457913069816749962138421,stop,1,10827.06163918544367388167084
scalp_vwap,EURUSD,60min,SHORT,2026-03-23T11:00:00,2026-03-23T12:00:00,2026-03-23T20:00:00,1.15456000,1.156383030,1.15115394,1.15121394,59390.47431575697423455275470,108.2706163918544367388167084,198.7240904889817812072675904,5.485589282080029773779618278,193.2385012069017514334879721,1.784773262096619364464654997,target,8,11020.30014039234542531515881
scalp_vwap,EURUSD,60min,LONG,2026-03-24T04:00:00,2026-03-24T05:00:00,2026-03-25T04:00:00,1.16031000,1.156027980,1.16869404,1.155937980,25736.21828107375823867043781,110.2030014039234542531515881,-112.5192610492200924946319275,2.388959314697015393752935656,-114.9082203639171078883848632,-1.042695923886390068238821865,stop,23,10905.39192002842831742677395
scalp_vwap,EURUSD,60min,LONG,2026-04-02T17:00:00,2026-04-02T18:00:00,2026-04-02T21:00:00,1.15354000,1.151143735,1.15815253,1.151053735,45509.95787205683977951843369,109.0539192002842831742677395,-113.1498154087693987544243985,4.199804544298595756741255520,-117.3496199530679945111656540,-1.076069716830150254667159099,stop,3,10788.04230007536032291560830
scalp_vwap,EURUSD,60min,LONG,2026-04-06T22:00:00,2026-04-06T23:00:00,2026-04-07T03:00:00,1.15546000,1.153642350,1.15897530,1.153552350,59351.59299136445587938056447,107.8804230007536032291560830,-113.2220663699764042583003338,5.486271331024157935231125362,-118.7083377010005621935314592,-1.100369598107446428080213463,stop,4,10669.33396237435976072207684
scalp_vwap,EURUSD,60min,SHORT,2026-04-13T07:00:00,2026-04-13T08:00:00,2026-04-13T17:00:00,1.16755000,1.169657810,1.16345438,1.169747810,50618.10107350453675009643583,106.6933396237435976072207684,-111.2489687203590059147294476,4.727933112669617750606007492,-115.9769018330286236653354551,-1.087011637671327112026226273,stop,9,10553.35706054133113705674138
scalp_vwap,EURUSD,60min,SHORT,2026-04-13T18:00:00,2026-04-13T19:00:00,2026-04-13T23:00:00,1.16857000,1.170343215,1.16508357,1.170433215,59515.38341679565725000488593,105.5335706054133113705674138,-110.8899551129249205230678535,5.563831327949192095411056764,-116.4537864408741126184789103,-1.103476228206957419151089969,stop,4,10436.90327410045702443826247
scalp_vwap,EURUSD,60min,SHORT,2026-04-22T07:00:00,2026-04-22T08:00:00,2026-04-23T19:00:00,1.17391000,1.176469100,1.16909180,1.16915180,40783.49136063638398045509152,104.3690327410045702443826247,194.0560085921800422558014165,3.830091867453172601479682920,190.2259167247268696543217336,1.822627955140479074674690321,target,35,10627.12919082518389409258420
scalp_vwap,EURUSD,60min,LONG,2026-04-26T10:00:00,2026-04-26T11:00:00,2026-04-27T02:00:00,1.17222000,1.171532960,1.17338408,1.171442960,154679.9195217918009736344929,106.2712919082518389409258420,-120.1924846652131010285529464,14.50551162094678279498510602,-134.6979962861598838235380524,-1.267491849091755938518863531,stop,15,10492.43119453902401026904615
scalp_vwap,EURUSD,60min,LONG,2026-04-27T03:00:00,2026-04-27T04:00:00,2026-04-27T05:00:00,1.17169000,1.170995775,1.17295845,1.170905775,151138.7690523824986174373748,104.9243119453902401026904615,-118.5268011601046649782598253,14.16702274487888398440521582,-132.6938239049835489626650411,-1.264662321293528755086607368,stop,1,10359.73737063404046130638111
scalp_vwap,EURUSD,60min,SHORT,2026-04-27T08:00:00,2026-04-27T09:00:00,2026-04-27T11:00:00,1.17073000,1.171992920,1.16841416,1.172082920,82030.03650772844250868131877,103.5973737063404046130638111,-110.9800769920359644388451298,7.682801971255433559855078426,-118.6628789632913979987002082,-1.145423621448706172995914230,stop,2,10241.07449167074906330768090
scalp_vwap,EURUSD,60min,LONG,2026-04-27T12:00:00,2026-04-27T13:00:00,2026-04-27T22:00:00,1.17280000,1.171506870,1.17517626,1.17511626,79196.01657738007055213072854,102.4107449167074906330768090,183.4385653575223622170783213,7.430487059356107739483113474,176.0080782981662544775952078,1.718648550416431449274241569,target,9,10417.08256996891531778527611
scalp_vwap,EURUSD,60min,SHORT,2026-04-29T02:00:00,2026-04-29T03:00:00,2026-04-30T04:00:00,1.17100000,1.172784730,1.16770054,1.16776054,58367.83474233590132840976568,104.1708256996891531778527611,189.0802659344074589173302995,5.467898758662027236445426848,183.6123671757454316808848727,1.762608349722366968673132631,target,25,10600.69493714466074946616098
scalp_vwap,EURUSD,60min,SHORT,2026-04-30T21:00:00,2026-04-30T22:00:00,2026-05-01T00:00:00,1.17049000,1.172573775,1.16656245,1.172663775,50872.55071754225263987791859,106.0069493714466074946616098,-110.5854789360254102322506225,4.763664951150082503396056394,-115.3491438871754927356466789,-1.088128132835838802173939125,stop,2,10485.34579325748525673051430
scalp_vwap,EURUSD,60min,LONG,2026-05-01T03:00:00,2026-05-01T04:00:00,2026-05-02T00:00:00,1.17273000,1.170383670,1.17715266,1.17709266,44688.28252316377174877580860,104.8534579325748525673051430,194.9597826325056604575142691,4.192583165071188003435348322,190.7671994674344724540789208,1.819369653885003388270192172,target,20,10676.11299272491972918459322
scalp_vwap,EURUSD,60min,LONG,2026-05-02T07:00:00,2026-05-02T08:00:00,2026-05-04T20:00:00,1.17233000,1.170382105,1.17610579,1.170292105,54808.46243111112112913988290,106.7611299272491972918459322,-111.6938915460491981934685217,5.140288380949160050665964714,-116.8341799269983582441344864,-1.094351286902014738987471091,stop,60,10559.27881279792137094045873
scalp_vwap,EURUSD,60min,SHORT,2026-05-04T21:00:00,2026-05-04T22:00:00,2026-05-04T23:00:00,1.16925000,1.171300420,1.16580916,1.171390420,51498.12629996742799494961388,105.5927881279792137094045873,-110.2276194949762822289500525,4.817134734098953214647586882,-115.0447542290752354435976394,-1.089513367992899015811394738,stop,1,10444.23405856884613549686109
scalp_vwap,EURUSD,60min,SHORT,2026-05-05T00:00:00,2026-05-05T01:00:00,2026-05-06T14:00:00,1.17060000,1.172757860,1.16706428,1.172847860,48400.88818815329138821267872,104.4423405856884613549686109,-108.7984205226222575799077520,4.532646377044179431923340936,-113.3310668996664370118310929,-1.085106540739436293364722456,stop,37,10330.90299166917969848503000
scalp_vwap,EURUSD,60min,LONG,2026-05-06T16:00:00,2026-05-06T17:00:00,2026-05-06T18:00:00,1.17344000,1.171792190,1.17646562,1.17640562,62694.74630976374520414993233,103.3090299166917969848503000,185.9287935511615580523311223,5.885481848778333533788615728,180.0433117023832245185425066,1.742764517753867254113034877,target,1,10510.94630337156292300357251
scalp_vwap,EURUSD,60min,LONG,2026-05-08T07:00:00,2026-05-08T08:00:00,2026-05-08T18:00:00,1.17276000,1.170857100,1.17638580,1.17632580,55236.46173404573505178187246,105.1094630337156292300357251,196.9621752512602820476438008,5.182329029057558099146216700,191.7798462222027239484975841,1.824572599716222607598927952,target,10,10702.72614959376564695207009
scalp_vwap,EURUSD,60min,LONG,2026-05-11T03:00:00,2026-05-11T04:00:00,2026-05-11T06:00:00,1.17866000,1.176707825,1.18202435,1.176617825,54824.62458331740569852636208,107.0272614959376564695207009,-111.9614777084362229823880735,5.169567360909831472050006554,-117.1310450693460544544380801,-1.094403831623701768540217963,stop,2,10585.59510452441959249763201
scalp_vwap,EURUSD,60min,LONG,2026-05-11T09:00:00,2026-05-11T10:00:00,2026-05-12T17:00:00,1.17682000,1.174618405,1.18104319,1.174528405,48081.48230952749980126967953,105.8559510452441959249763201,-110.1832844531016709070905913,4.526660000919852185290414740,-114.7099444540215230923810060,-1.083641905073367263279576852,stop,31,10470.88516007039806940525100
scalp_vwap,EURUSD,60min,LONG,2026-05-18T22:00:00,2026-05-18T23:00:00,2026-05-19T01:00:00,1.16517000,1.163761300,1.16774740,1.163671300,74330.12820380775232061653297,104.7088516007039806940525100,-111.3985631390466784029079980,6.928578838338454301713021258,-118.3271419773851327046210193,-1.130058635621494995385816711,stop,2,10352.55801809301293670062998
scalp_vwap,EURUSD,60min,LONG,2026-05-19T02:00:00,2026-05-19T03:00:00,2026-05-19T04:00:00,1.16547000,1.163918215,1.16851357,1.163828215,66713.86833931899674697609514,103.5255801809301293670062998,-109.5298283314688390742341484,6.220240970674088891095858368,-115.7500693021429279653300068,-1.118081821901874293152724122,stop,1,10236.80794879087000873529997
scalp_vwap,EURUSD,60min,LONG,2026-05-19T05:00:00,2026-05-19T06:00:00,2026-05-19T15:00:00,1.16541000,1.163480390,1.16878922,1.163390390,53051.17587901632976992915651,102.3680794879087000873529997,-107.1426853170201697666466238,4.946109670493153670173851064,-112.0887949875133234368204749,-1.094958463109125678245863154,stop,9,10124.71915380335668529847950
scalp_vwap,EURUSD,60min,SHORT,2026-05-19T23:00:00,2026-05-20T00:00:00,2026-05-21T00:00:00,1.16140000,1.163064850,1.15834030,1.15840030,60814.60283991564816829431781,101.2471915380335668529847950,182.4255641388949698104324651,5.650406379062242702612561656,176.7751577598327271078199034,1.745975913745983121602546775,target,24,10301.49431156318941240629940
scalp_vwap,EURUSD,60min,SHORT,2026-05-21T01:00:00,2026-05-21T02:00:00,2026-05-25T05:00:00,1.16190000,1.163987280,1.15772544,1.164077280,49353.67708962472410221100859,103.0149431156318941240629940,-107.4567740536981192932619848,4.587522992834797354748717670,-112.0442970465329166480107025,-1.087650914108313211452224906,stop,99,10189.45001451665649575828870
scalp_vwap,EURUSD,60min,LONG,2026-05-25T07:00:00,2026-05-25T08:00:00,2026-05-28T13:00:00,1.16347000,1.160738880,1.16881224,1.160648880,37308.68659933161668384504782,101.8945001451665649575828870,-105.2522819391064104591289413,3.472603007817948485052255824,-108.7248849469243589441811971,-1.067033890857963033480769794,stop,77,10080.72512956973213681410750
scalp_vwap,EURUSD,60min,SHORT,2026-06-01T11:00:00,2026-06-01T12:00:00,2026-06-01T15:00:00,1.16432000,1.165180990,1.16292802,1.165270990,117082.9525263909236671053961,100.8072512956973213681410750,-111.3447170230725044981805606,10.90576186284219841952673238,-122.2504788859147029177072930,-1.212715130257029698370480493,stop,3,9958.474650683817433896400207
scalp_vwap,EURUSD,60min,SHORT,2026-06-01T20:00:00,2026-06-01T21:00:00,2026-06-01T23:00:00,1.16464000,1.165654185,1.16267163,1.16273163,98191.89448358847186555115888,99.58474650683817433896400207,187.3864656756457320540618651,9.148656639309318229879640136,178.2378090363364138241822250,1.789810340322524983114520527,target,2,10136.71245972015384772058243
scalp_vwap,EURUSD,60min,SHORT,2026-06-02T04:00:00,2026-06-02T05:00:00,2026-06-02T16:00:00,1.16316000,1.164650870,1.16041826,1.164740870,67991.92726206948860544904941,101.3671245972015384772058243,-107.4863980507877924516962387,6.326839209131899709305129304,-113.8132372599196921610013680,-1.122782536371380469122056249,stop,11,10022.89922246023415555958106
scalp_vwap,EURUSD,60min,SHORT,2026-06-05T00:00:00,2026-06-05T01:00:00,2026-06-05T22:00:00,1.16307000,1.164523690,1.16037262,1.16043262,68947.98218643750837908757066,100.2289922246023415555958106,181.8420292588665558488379771,6.415306371326389829637230464,175.4267228875401660192007466,1.750259271233894434164092757,target,21,10198.32594534777432157878181
scalp_vwap,EURUSD,60min,SHORT,2026-06-09T00:00:00,2026-06-09T01:00:00,2026-06-09T19:00:00,1.15406000,1.155867320,1.15080536,1.155957320,56427.89293178725583504183991,101.9832594534777432157878181,-107.0617698173385962409415837,5.209693929348672037519070862,-112.2714637466872682784606546,-1.100881304915565588827656420,stop,18,10086.05448160108705330032116
scalp_vwap,EURUSD,60min,LONG,2026-06-14T17:00:00,2026-06-14T18:00:00,2026-06-15T06:00:00,1.15744000,1.155950130,1.16029974,1.155860130,67697.54731353129503446824998,100.8605448160108705330032116,-106.9533240742286870861053541,6.268467933005892969975594500,-113.2217920072345800560809486,-1.122557807056991549598287099,stop,12,9972.832689593852473244240211
scalp_vwap,EURUSD,60min,LONG,2026-06-27T01:00:00,2026-06-27T02:00:00,2026-06-28T22:00:00,1.14035000,1.137998710,1.14493258,1.13895000,42414.30316802203247257565086,99.72832689593852473244240211,-59.38002443523084546160591120,3.869372049412313978408131476,-63.24939648464315944001404268,-0.6342169617529101046659493299,eod,44,9909.583293109209313804226168
